lambda_q,lambda_sparse,lambda_binary,lambda_coverage,response_acc,response_auc,response_rmse,valid_acc,valid_auc,valid_rmse,q_hat_acc_vs_true,q_hat_precision_vs_true,q_hat_recall_vs_true,q_hat_f1_vs_true,q_hat_auc_vs_true,q_hat_hamming_vs_true,deleted_edge_recovery,added_edge_suppression,q_change_from_noise,q_change_0_to_1,q_change_1_to_0,loss_total,loss_rec,loss_weak_q,loss_sparse,loss_binary,loss_coverage,status,result_dir,metrics_path
0.05,0.05,0.05,0.0,0.6408333333333334,0.6888509606831524,0.47793593590889405,0.6266666666666667,0.6847544642857143,0.4862774580420019,0.8833333333333333,0.7916666666666666,0.6785714285714286,0.7307692307692307,0.9249805900621118,0.11666666666666667,0.2,0.6666666666666666,22,5,17,0.5232380678256353,0.4999015268051263,0.1279910755428401,0.2469331556648919,0.09180665106484384,0.0,success,C:\Users\YAN_SHU_YU\Desktop\Generative-CD\Q_GNCDM\results\weak_q_lambda_sweep\lq_0p05_ls_0p05_lb_0p05,C:\Users\YAN_SHU_YU\Desktop\Generative-CD\Q_GNCDM\results\weak_q_lambda_sweep\lq_0p05_ls_0p05_lb_0p05\seed_2026\noise_0.20\weak-q_lq_0p05_ls_0p05_lb_0p05\metrics.json
0.05,0.05,0.1,0.0,0.6283333333333333,0.6838779798968155,0.49005867962010885,0.6216666666666667,0.6891071428571428,0.49115952491946124,0.8916666666666667,0.8571428571428571,0.6428571428571429,0.7346938775510204,0.936626552795031,0.10833333333333334,0.0,0.6666666666666666,23,3,20,0.4599854029489286,0.4366911058173035,0.16390988772565668,0.19844677728233914,0.05176468120154106,0.0,success,C:\Users\YAN_SHU_YU\Desktop\Generative-CD\Q_GNCDM\results\weak_q_lambda_sweep\lq_0p05_ls_0p05_lb_0p1,C:\Users\YAN_SHU_YU\Desktop\Generative-CD\Q_GNCDM\results\weak_q_lambda_sweep\lq_0p05_ls_0p05_lb_0p1\seed_2026\noise_0.20\weak-q_lq_0p05_ls_0p05_lb_0p1\metrics.json
0.05,0.05,0.2,0.0,0.6341666666666667,0.6837473314356877,0.4897435249369459,0.6116666666666667,0.6911049107142857,0.4910813221249883,0.8958333333333334,0.8604651162790697,0.6607142857142857,0.7474747474747475,0.9552600931677018,0.10416666666666667,0.0,0.6666666666666666,24,4,20,0.4660737929922162,0.4389261562715877,0.16897460434472922,0.1931128930864912,0.04521631980032632,0.0,success,C:\Users\YAN_SHU_YU\Desktop\Generative-CD\Q_GNCDM\results\weak_q_lambda_sweep\lq_0p05_ls_0p05_lb_0p2,C:\Users\YAN_SHU_YU\Desktop\Generative-CD\Q_GNCDM\results\weak_q_lambda_sweep\lq_0p05_ls_0p05_lb_0p2\seed_2026\noise_0.20\weak-q_lq_0p05_ls_0p05_lb_0p2\metrics.json
0.05,0.05,0.3,0.0,0.6358333333333334,0.6900073385518591,0.486078178932165,0.63,0.6942299107142857,0.48754745904521507,0.9083333333333333,0.8695652173913043,0.7142857142857143,0.7843137254901961,0.9602096273291925,0.09166666666666666,0.0,0.5,18,2,16,0.4863329927126567,0.4528280347585678,0.16274567422541705,0.20549122808557568,0.050310378216884354,0.0,success,C:\Users\YAN_SHU_YU\Desktop\Generative-CD\Q_GNCDM\results\weak_q_lambda_sweep\lq_0p05_ls_0p05_lb_0p3,C:\Users\YAN_SHU_YU\Desktop\Generative-CD\Q_GNCDM\results\weak_q_lambda_sweep\lq_0p05_ls_0p05_lb_0p3\seed_2026\noise_0.20\weak-q_lq_0p05_ls_0p05_lb_0p3\metrics.json
0.05,0.05,0.4,0.0,0.6433333333333333,0.6889871686532646,0.48796463437693155,0.6483333333333333,0.7013727678571429,0.48408365285954824,0.9166666666666666,0.9285714285714286,0.6964285714285714,0.7959183673469388,0.9647709627329193,0.08333333333333333,0.0,0.5,13,0,13,0.4831895110282031,0.44771934232928534,0.16934807937253604,0.20313352956013245,0.04211522836351034,0.0,success,C:\Users\YAN_SHU_YU\Desktop\Generative-CD\Q_GNCDM\results\weak_q_lambda_sweep\lq_0p05_ls_0p05_lb_0p4,C:\Users\YAN_SHU_YU\Desktop\Generative-CD\Q_GNCDM\results\weak_q_lambda_sweep\lq_0p05_ls_0p05_lb_0p4\seed_2026\noise_0.20\weak-q_lq_0p05_ls_0p05_lb_0p4\metrics.json
0.05,0.05,0.5,0.0,0.6341666666666667,0.6810398505603986,0.4925384140781594,0.6466666666666666,0.7011941964285715,0.48782342171457754,0.9375,0.9361702127659575,0.7857142857142857,0.8543689320388349,0.9725349378881987,0.0625,0.0,0.5,12,0,12,0.4658003119808255,0.43304935729864874,0.1822176839817654,0.19785112910198444,0.027495030116176968,0.0,success,C:\Users\YAN_SHU_YU\Desktop\Generative-CD\Q_GNCDM\results\weak_q_lambda_sweep\lq_0p05_ls_0p05_lb_0p5,C:\Users\YAN_SHU_YU\Desktop\Generative-CD\Q_GNCDM\results\weak_q_lambda_sweep\lq_0p05_ls_0p05_lb_0p5\seed_2026\noise_0.20\weak-q_lq_0p05_ls_0p05_lb_0p5\metrics.json
0.05,0.05,0.6,0.0,0.6341666666666667,0.682357454189646,0.49212680555515054,0.6566666666666666,0.7015848214285713,0.48660705884168154,0.9416666666666667,0.9375,0.8035714285714286,0.8653846153846154,0.9751552795031054,0.058333333333333334,0.0,0.5,10,1,9,0.46756224650325195,0.43674984800093103,0.18956464529037476,0.20887607606974515,0.018150598318739372,0.0,success,C:\Users\YAN_SHU_YU\Desktop\Generative-CD\Q_GNCDM\results\weak_q_lambda_sweep\lq_0p05_ls_0p05_lb_0p6,C:\Users\YAN_SHU_YU\Desktop\Generative-CD\Q_GNCDM\results\weak_q_lambda_sweep\lq_0p05_ls_0p05_lb_0p6\seed_2026\noise_0.20\weak-q_lq_0p05_ls_0p05_lb_0p6\metrics.json
0.05,0.05,0.7,0.0,0.635,0.6850204589930617,0.4933048444775365,0.6583333333333333,0.6948102678571428,0.48897301914594143,0.9458333333333333,0.9215686274509803,0.8392857142857143,0.8785046728971962,0.9728260869565217,0.05416666666666667,0.2,0.3333333333333333,8,1,7,0.4558725162889018,0.4290908651821541,0.19745700399984012,0.2169653967474446,0.008657899741647821,0.0,success,C:\Users\YAN_SHU_YU\Desktop\Generative-CD\Q_GNCDM\results\weak_q_lambda_sweep\lq_0p05_ls_0p05_lb_0p7,C:\Users\YAN_SHU_YU\Desktop\Generative-CD\Q_GNCDM\results\weak_q_lambda_sweep\lq_0p05_ls_0p05_lb_0p7\seed_2026\noise_0.20\weak-q_lq_0p05_ls_0p05_lb_0p7\metrics.json
0.05,0.05,0.8,0.0,0.6383333333333333,0.6899044876356519,0.4873777162023693,0.6566666666666666,0.687578125,0.49162536183857763,0.9541666666666667,0.9090909090909091,0.8928571428571429,0.9009009009009009,0.9703027950310559,0.04583333333333333,0.0,0.16666666666666666,5,0,5,0.4892925994865822,0.4562456093051217,0.19037146053530954,0.23163114555857398,0.014933574253298117,0.0,success,C:\Users\YAN_SHU_YU\Desktop\Generative-CD\Q_GNCDM\results\weak_q_lambda_sweep\lq_0p05_ls_0p05_lb_0p8,C:\Users\YAN_SHU_YU\Desktop\Generative-CD\Q_GNCDM\results\weak_q_lambda_sweep\lq_0p05_ls_0p05_lb_0p8\seed_2026\noise_0.20\weak-q_lq_0p05_ls_0p05_lb_0p8\metrics.json
0.05,0.05,0.9,0.0,0.6325,0.685801570005337,0.4859206430609411,0.64,0.6843415178571429,0.48966935589096733,0.9541666666666667,0.9090909090909091,0.8928571428571429,0.9009009009009009,0.967294254658385,0.04583333333333333,0.0,0.16666666666666666,2,0,2,0.5003951033859542,0.4680773841612267,0.19243556757767996,0.2354440117875735,0.012137489675572424,0.0,success,C:\Users\YAN_SHU_YU\Desktop\Generative-CD\Q_GNCDM\results\weak_q_lambda_sweep\lq_0p05_ls_0p05_lb_0p9,C:\Users\YAN_SHU_YU\Desktop\Generative-CD\Q_GNCDM\results\weak_q_lambda_sweep\lq_0p05_ls_0p05_lb_0p9\seed_2026\noise_0.20\weak-q_lq_0p05_ls_0p05_lb_0p9\metrics.json
0.05,0.1,0.05,0.0,0.6316666666666667,0.6836472602739725,0.4813347847764613,0.6266666666666667,0.6801227678571429,0.4889147705902918,0.8708333333333333,0.8787878787878788,0.5178571428571429,0.651685393258427,0.8957686335403726,0.12916666666666668,0.0,0.8333333333333334,27,3,24,0.5221841642350862,0.49092894115231256,0.1364725674643661,0.20249927698662787,0.08363333265438225,0.0,success,C:\Users\YAN_SHU_YU\Desktop\Generative-CD\Q_GNCDM\results\weak_q_lambda_sweep\lq_0p05_ls_0p1_lb_0p05,C:\Users\YAN_SHU_YU\Desktop\Generative-CD\Q_GNCDM\results\weak_q_lambda_sweep\lq_0p05_ls_0p1_lb_0p05\seed_2026\noise_0.20\weak-q_lq_0p05_ls_0p1_lb_0p05\metrics.json
0.05,0.1,0.1,0.0,0.63,0.6825881738124888,0.4833423140048495,0.6283333333333333,0.6811049107142858,0.4902233977121749,0.8708333333333333,0.8571428571428571,0.5357142857142857,0.6593406593406593,0.9018827639751553,0.12916666666666668,0.0,0.6666666666666666,27,3,24,0.5146521207961169,0.4806905763618874,0.14364524434010187,0.19237172919692416,0.07542105877038205,0.0,success,C:\Users\YAN_SHU_YU\Desktop\Generative-CD\Q_GNCDM\results\weak_q_lambda_sweep\lq_0p05_ls_0p1_lb_0p1,C:\Users\YAN_SHU_YU\Desktop\Generative-CD\Q_GNCDM\results\weak_q_lambda_sweep\lq_0p05_ls_0p1_lb_0p1\seed_2026\noise_0.20\weak-q_lq_0p05_ls_0p1_lb_0p1\metrics.json
0.05,0.1,0.2,0.0,0.6241666666666666,0.6814484744707348,0.48581227375399144,0.6333333333333333,0.6809040178571428,0.49119558105168604,0.8708333333333333,0.8571428571428571,0.5357142857142857,0.6593406593406593,0.9045031055900621,0.12916666666666668,0.0,0.6666666666666666,28,2,26,0.5041934992327834,0.46606846740751556,0.15246634930372238,0.173411552427393,0.06580279451428038,0.0024407947414808655,success,C:\Users\YAN_SHU_YU\Desktop\Generative-CD\Q_GNCDM\results\weak_q_lambda_sweep\lq_0p05_ls_0p1_lb_0p2,C:\Users\YAN_SHU_YU\Desktop\Generative-CD\Q_GNCDM\results\weak_q_lambda_sweep\lq_0p05_ls_0p1_lb_0p2\seed_2026\noise_0.20\weak-q_lq_0p05_ls_0p1_lb_0p2\metrics.json
0.05,0.1,0.3,0.0,0.6216666666666667,0.6821044965308664,0.48666921625304815,0.6316666666666667,0.6798214285714286,0.49158774963572455,0.8583333333333333,0.9230769230769231,0.42857142857142855,0.5853658536585366,0.8941187888198758,0.14166666666666666,0.0,0.8333333333333334,31,1,30,0.49957705266547925,0.4583545629725312,0.15892260295875144,0.15408152138644998,0.059560669642506225,0.012556484081979954,success,C:\Users\YAN_SHU_YU\Desktop\Generative-CD\Q_GNCDM\results\weak_q_lambda_sweep\lq_0p05_ls_0p1_lb_0p3,C:\Users\YAN_SHU_YU\Desktop\Generative-CD\Q_GNCDM\results\weak_q_lambda_sweep\lq_0p05_ls_0p1_lb_0p3\seed_2026\noise_0.20\weak-q_lq_0p05_ls_0p1_lb_0p3\metrics.json
0.05,0.1,0.4,0.0,0.6183333333333333,0.6777625200142323,0.48766636185535434,0.6316666666666667,0.6871875000000001,0.49008796280212,0.8416666666666667,0.9090909090909091,0.35714285714285715,0.5128205128205128,0.8622864906832298,0.15833333333333333,0.0,0.8333333333333334,36,1,35,0.4979464506561106,0.4553023554158933,0.165819760073315,0.12881884362661478,0.05367806655439464,0.04300993714820255,success,C:\Users\YAN_SHU_YU\Desktop\Generative-CD\Q_GNCDM\results\weak_q_lambda_sweep\lq_0p05_ls_0p1_lb_0p4,C:\Users\YAN_SHU_YU\Desktop\Generative-CD\Q_GNCDM\results\weak_q_lambda_sweep\lq_0p05_ls_0p1_lb_0p4\seed_2026\noise_0.20\weak-q_lq_0p05_ls_0p1_lb_0p4\metrics.json
0.05,0.1,0.5,0.0,0.6433333333333333,0.696086661626045,0.47044601840182454,0.62,0.683091517857143,0.4781848775438342,0.8041666666666667,0.9090909090909091,0.17857142857142858,0.29850746268656714,0.7780473602484472,0.19583333333333333,0.0,0.8333333333333334,44,0,44,0.6033922664143823,0.5528116181041255,0.16106146438555283,0.11353736991683643,0.062347668702855255,0.13869777886253415,success,C:\Users\YAN_SHU_YU\Desktop\Generative-CD\Q_GNCDM\results\weak_q_lambda_sweep\lq_0p05_ls_0p1_lb_0p5,C:\Users\YAN_SHU_YU\Desktop\Generative-CD\Q_GNCDM\results\weak_q_lambda_sweep\lq_0p05_ls_0p1_lb_0p5\seed_2026\noise_0.20\weak-q_lq_0p05_ls_0p1_lb_0p5\metrics.json
0.05,0.1,0.6,0.0,0.6483333333333333,0.6949386230208147,0.47059579955557124,0.6116666666666667,0.6751785714285714,0.47902229051178846,0.8083333333333333,0.9166666666666666,0.19642857142857142,0.3235294117647059,0.7456327639751553,0.19166666666666668,0.0,0.8333333333333334,45,0,45,0.6089664277705279,0.5581467621254198,0.17053684163274188,0.1045910676546169,0.05305619328988321,0.20332760747635004,success,C:\Users\YAN_SHU_YU\Desktop\Generative-CD\Q_GNCDM\results\weak_q_lambda_sweep\lq_0p05_ls_0p1_lb_0p6,C:\Users\YAN_SHU_YU\Desktop\Generative-CD\Q_GNCDM\results\weak_q_lambda_sweep\lq_0p05_ls_0p1_lb_0p6\seed_2026\noise_0.20\weak-q_lq_0p05_ls_0p1_lb_0p6\metrics.json
0.05,0.1,0.7,0.0,0.64,0.6949469622842911,0.4708570766120407,0.6116666666666667,0.6760825892857143,0.4773387064795043,0.8125,0.9230769230769231,0.21428571428571427,0.34782608695652173,0.7245729813664596,0.1875,0.0,0.8333333333333334,44,0,44,0.6065046724044916,0.5563951961018823,0.17810078032992102,0.10002707046541301,0.04457390754286087,0.2383522761590553,success,C:\Users\YAN_SHU_YU\Desktop\Generative-CD\Q_GNCDM\results\weak_q_lambda_sweep\lq_0p05_ls_0p1_lb_0p7,C:\Users\YAN_SHU_YU\Desktop\Generative-CD\Q_GNCDM\results\weak_q_lambda_sweep\lq_0p05_ls_0p1_lb_0p7\seed_2026\noise_0.20\weak-q_lq_0p05_ls_0p1_lb_0p7\metrics.json
0.05,0.1,0.8,0.0,0.6266666666666667,0.6814123376623377,0.48387352570554165,0.635,0.6868526785714286,0.481532262650324,0.8333333333333334,0.9444444444444444,0.30357142857142855,0.4594594594594595,0.8215256211180123,0.16666666666666666,0.0,0.8333333333333334,37,0,37,0.5422865906448076,0.49694890235409594,0.18762962091149707,0.10766703658031695,0.031486883985273766,0.2086639998085571,success,C:\Users\YAN_SHU_YU\Desktop\Generative-CD\Q_GNCDM\results\weak_q_lambda_sweep\lq_0p05_ls_0p1_lb_0p8,C:\Users\YAN_SHU_YU\Desktop\Generative-CD\Q_GNCDM\results\weak_q_lambda_sweep\lq_0p05_ls_0p1_lb_0p8\seed_2026\noise_0.20\weak-q_lq_0p05_ls_0p1_lb_0p8\metrics.json
0.05,0.1,0.9,0.0,0.6116666666666667,0.6732509784735812,0.48981104461221386,0.63,0.6815848214285714,0.4887100980417194,0.85,0.9166666666666666,0.39285714285714285,0.55,0.858792701863354,0.15,0.0,0.6666666666666666,34,0,34,0.5181724799401832,0.4705453790498502,0.18800884011116895,0.11923338755062132,0.029225909941349968,0.14826721291650424,success,C:\Users\YAN_SHU_YU\Desktop\Generative-CD\Q_GNCDM\results\weak_q_lambda_sweep\lq_0p05_ls_0p1_lb_0p9,C:\Users\YAN_SHU_YU\Desktop\Generative-CD\Q_GNCDM\results\weak_q_lambda_sweep\lq_0p05_ls_0p1_lb_0p9\seed_2026\noise_0.20\weak-q_lq_0p05_ls_0p1_lb_0p9\metrics.json
0.05,0.2,0.05,0.0,0.6433333333333333,0.6908662826899128,0.47640503594610056,0.6333333333333333,0.6795089285714285,0.487050436981513,0.8125,0.8235294117647058,0.25,0.3835616438356164,0.876261645962733,0.1875,0.0,0.8333333333333334,38,2,36,0.536587322751681,0.4954669069160115,0.14467867915377472,0.15006508542732758,0.07746926266135591,0.01420173595066775,success,C:\Users\YAN_SHU_YU\Desktop\Generative-CD\Q_GNCDM\results\weak_q_lambda_sweep\lq_0p05_ls_0p2_lb_0p05,C:\Users\YAN_SHU_YU\Desktop\Generative-CD\Q_GNCDM\results\weak_q_lambda_sweep\lq_0p05_ls_0p2_lb_0p05\seed_2026\noise_0.20\weak-q_lq_0p05_ls_0p2_lb_0p05\metrics.json
0.05,0.2,0.1,0.0,0.64,0.6912526685643123,0.47569594225517786,0.6383333333333333,0.6819642857142857,0.4866643123944291,0.8,0.8333333333333334,0.17857142857142858,0.29411764705882354,0.8830551242236024,0.2,0.0,1.0,40,2,38,0.5371778742833571,0.49406610971147363,0.14854425372499408,0.14169497539599737,0.07345563478090546,0.030598666772923687,success,C:\Users\YAN_SHU_YU\Desktop\Generative-CD\Q_GNCDM\results\weak_q_lambda_sweep\lq_0p05_ls_0p2_lb_0p1,C:\Users\YAN_SHU_YU\Desktop\Generative-CD\Q_GNCDM\results\weak_q_lambda_sweep\lq_0p05_ls_0p2_lb_0p1\seed_2026\noise_0.20\weak-q_lq_0p05_ls_0p2_lb_0p1\metrics.json
0.05,0.2,0.2,0.0,0.6458333333333334,0.6920532378580323,0.47378338725397123,0.6433333333333333,0.6859040178571428,0.4833611442986835,0.7958333333333333,0.8888888888888888,0.14285714285714285,0.24615384615384617,0.8692740683229814,0.20416666666666666,0.0,1.0,41,1,40,0.5464809383406783,0.501449750679912,0.15583270878502817,0.11989203580852711,0.06630573365272897,0.10241061482917178,success,C:\Users\YAN_SHU_YU\Desktop\Generative-CD\Q_GNCDM\results\weak_q_lambda_sweep\lq_0p05_ls_0p2_lb_0p2,C:\Users\YAN_SHU_YU\Desktop\Generative-CD\Q_GNCDM\results\weak_q_lambda_sweep\lq_0p05_ls_0p2_lb_0p2\seed_2026\noise_0.20\weak-q_lq_0p05_ls_0p2_lb_0p2\metrics.json
0.05,0.2,0.3,0.0,0.6241666666666666,0.6848564534780289,0.47861137432046885,0.6316666666666667,0.6847544642857142,0.49006170568370266,0.7958333333333333,0.8888888888888888,0.14285714285714285,0.24615384615384617,0.8152173913043479,0.20416666666666666,0.0,1.0,47,1,46,0.5485802030924595,0.505961839448322,0.1703894440874909,0.0913853006380977,0.05273942971094088,0.2850765956170631,success,C:\Users\YAN_SHU_YU\Desktop\Generative-CD\Q_GNCDM\results\weak_q_lambda_sweep\lq_0p05_ls_0p2_lb_0p3,C:\Users\YAN_SHU_YU\Desktop\Generative-CD\Q_GNCDM\results\weak_q_lambda_sweep\lq_0p05_ls_0p2_lb_0p3\seed_2026\noise_0.20\weak-q_lq_0p05_ls_0p2_lb_0p3\metrics.json
0.05,0.2,0.4,0.0,0.6316666666666667,0.6820600204589929,0.48445238541139163,0.64,0.6845200892857143,0.4831461463139411,0.7958333333333333,0.8888888888888888,0.14285714285714285,0.24615384615384617,0.7372864906832297,0.20416666666666666,0.0,1.0,50,1,49,0.5642450948556265,0.5246053026481108,0.18167756226929752,0.06790803372859955,0.042435781860893425,0.4571445904897921,success,C:\Users\YAN_SHU_YU\Desktop\Generative-CD\Q_GNCDM\results\weak_q_lambda_sweep\lq_0p05_ls_0p2_lb_0p4,C:\Users\YAN_SHU_YU\Desktop\Generative-CD\Q_GNCDM\results\weak_q_lambda_sweep\lq_0p05_ls_0p2_lb_0p4\seed_2026\noise_0.20\weak-q_lq_0p05_ls_0p2_lb_0p4\metrics.json
0.05,0.2,0.5,0.0,0.6366666666666667,0.6921616482832236,0.4722394488478195,0.6383333333333333,0.6747544642857143,0.4781251733886664,0.7666666666666667,0.0,0.0,0.0,0.6514945652173912,0.23333333333333334,0.0,1.0,57,0,57,0.6548977720014977,0.6161349271283005,0.18714510581710123,0.04629385014149276,0.04029364392838695,0.6296492011258097,success,C:\Users\YAN_SHU_YU\Desktop\Generative-CD\Q_GNCDM\results\weak_q_lambda_sweep\lq_0p05_ls_0p2_lb_0p5,C:\Users\YAN_SHU_YU\Desktop\Generative-CD\Q_GNCDM\results\weak_q_lambda_sweep\lq_0p05_ls_0p2_lb_0p5\seed_2026\noise_0.20\weak-q_lq_0p05_ls_0p2_lb_0p5\metrics.json
0.05,0.2,0.6,0.0,0.6166666666666667,0.6901880225938446,0.49629483514510897,0.635,0.6655691964285715,0.4793639867979197,0.7666666666666667,0.0,0.0,0.0,0.8191964285714285,0.23333333333333334,0.0,1.0,57,0,57,0.6789140620014884,0.6403852294791829,0.19264952093362808,0.038649929969599754,0.03527728101295052,0.6908005548245979,success,C:\Users\YAN_SHU_YU\Desktop\Generative-CD\Q_GNCDM\results\weak_q_lambda_sweep\lq_0p05_ls_0p2_lb_0p6,C:\Users\YAN_SHU_YU\Desktop\Generative-CD\Q_GNCDM\results\weak_q_lambda_sweep\lq_0p05_ls_0p2_lb_0p6\seed_2026\noise_0.20\weak-q_lq_0p05_ls_0p2_lb_0p6\metrics.json
0.05,0.2,0.7,0.0,0.5816666666666667,0.6886299702010319,0.49722974422096655,0.6216666666666667,0.6615178571428572,0.4805987776293772,0.7666666666666667,0.0,0.0,0.0,0.829580745341615,0.23333333333333334,0.0,1.0,57,0,57,0.6811821776809115,0.6457093981179324,0.19987809025880063,0.030002126498430065,0.027826362007269352,0.7599829977208917,success,C:\Users\YAN_SHU_YU\Desktop\Generative-CD\Q_GNCDM\results\weak_q_lambda_sweep\lq_0p05_ls_0p2_lb_0p7,C:\Users\YAN_SHU_YU\Desktop\Generative-CD\Q_GNCDM\results\weak_q_lambda_sweep\lq_0p05_ls_0p2_lb_0p7\seed_2026\noise_0.20\weak-q_lq_0p05_ls_0p2_lb_0p7\metrics.json
0.05,0.2,0.8,0.0,0.645,0.6890469333748444,0.4975448462636231,0.62,0.6600334821428572,0.48086766039941914,0.7666666666666667,0.0,0.0,0.0,0.7685364906832298,0.23333333333333334,0.0,1.0,57,0,57,0.6811510694749427,0.6483094078121763,0.20521107722412457,0.02376126672959689,0.022286067180561298,0.8099098575837684,success,C:\Users\YAN_SHU_YU\Desktop\Generative-CD\Q_GNCDM\results\weak_q_lambda_sweep\lq_0p05_ls_0p2_lb_0p8,C:\Users\YAN_SHU_YU\Desktop\Generative-CD\Q_GNCDM\results\weak_q_lambda_sweep\lq_0p05_ls_0p2_lb_0p8\seed_2026\noise_0.20\weak-q_lq_0p05_ls_0p2_lb_0p8\metrics.json
0.05,0.2,0.9,0.0,0.6408333333333334,0.6880253735990037,0.49812253335550544,0.6233333333333333,0.6584486607142858,0.4812185248807242,0.7666666666666667,0.0,0.0,0.0,0.7696040372670807,0.23333333333333334,0.0,1.0,57,0,57,0.6820155346032345,0.6505968444275133,0.20845887922879422,0.019982491732772553,0.01888805560090325,0.8401400672666954,success,C:\Users\YAN_SHU_YU\Desktop\Generative-CD\Q_GNCDM\results\weak_q_lambda_sweep\lq_0p05_ls_0p2_lb_0p9,C:\Users\YAN_SHU_YU\Desktop\Generative-CD\Q_GNCDM\results\weak_q_lambda_sweep\lq_0p05_ls_0p2_lb_0p9\seed_2026\noise_0.20\weak-q_lq_0p05_ls_0p2_lb_0p9\metrics.json
0.05,0.3,0.05,0.0,0.6475,0.6915556618039496,0.4741020022064939,0.6383333333333333,0.683984375,0.4811836633824301,0.7875,0.8571428571428571,0.10714285714285714,0.19047619047619047,0.8613159937888198,0.2125,0.0,1.0,47,1,46,0.5631827906225667,0.5182035542798765,0.15457243246562552,0.11267443351221806,0.06896564070925568,0.15536157538493475,success,C:\Users\YAN_SHU_YU\Desktop\Generative-CD\Q_GNCDM\results\weak_q_lambda_sweep\lq_0p05_ls_0p3_lb_0p05,C:\Users\YAN_SHU_YU\Desktop\Generative-CD\Q_GNCDM\results\weak_q_lambda_sweep\lq_0p05_ls_0p3_lb_0p05\seed_2026\noise_0.20\weak-q_lq_0p05_ls_0p3_lb_0p05\metrics.json
0.05,0.3,0.1,0.0,0.6358333333333334,0.6844200320227718,0.4800261553480229,0.6333333333333333,0.6853125,0.4903845603722413,0.7958333333333333,0.8888888888888888,0.14285714285714285,0.24615384615384617,0.8485054347826086,0.20416666666666666,0.0,1.0,46,1,45,0.5335334205266201,0.48956665080605133,0.16607307755585873,0.1000516941827355,0.05647604331148393,0.2245120412924073,success,C:\Users\YAN_SHU_YU\Desktop\Generative-CD\Q_GNCDM\results\weak_q_lambda_sweep\lq_0p05_ls_0p3_lb_0p1,C:\Users\YAN_SHU_YU\Desktop\Generative-CD\Q_GNCDM\results\weak_q_lambda_sweep\lq_0p05_ls_0p3_lb_0p1\seed_2026\noise_0.20\weak-q_lq_0p05_ls_0p3_lb_0p1\metrics.json
0.05,0.3,0.2,0.0,0.6408333333333334,0.687569493862302,0.47603841331726776,0.6333333333333333,0.6861160714285715,0.48516197135930417,0.7875,1.0,0.08928571428571429,0.16393442622950818,0.812888198757764,0.2125,0.0,1.0,51,1,50,0.5781354926752321,0.5339324636892839,0.16981163304863553,0.08270509428147113,0.054504610880306274,0.34870490522095654,success,C:\Users\YAN_SHU_YU\Desktop\Generative-CD\Q_GNCDM\results\weak_q_lambda_sweep\lq_0p05_ls_0p3_lb_0p2,C:\Users\YAN_SHU_YU\Desktop\Generative-CD\Q_GNCDM\results\weak_q_lambda_sweep\lq_0p05_ls_0p3_lb_0p2\seed_2026\noise_0.20\weak-q_lq_0p05_ls_0p3_lb_0p2\metrics.json
0.05,0.3,0.3,0.0,0.635,0.687466642946095,0.48040812732611266,0.6333333333333333,0.6762276785714286,0.48878889997595437,0.7791666666666667,1.0,0.05357142857142857,0.1016949152542373,0.7629076086956522,0.22083333333333333,0.0,1.0,54,0,54,0.5851222443761248,0.5446678092985442,0.1825514275467757,0.061617011430137085,0.042805867890516915,0.5173682218248193,success,C:\Users\YAN_SHU_YU\Desktop\Generative-CD\Q_GNCDM\results\weak_q_lambda_sweep\lq_0p05_ls_0p3_lb_0p3,C:\Users\YAN_SHU_YU\Desktop\Generative-CD\Q_GNCDM\results\weak_q_lambda_sweep\lq_0p05_ls_0p3_lb_0p3\seed_2026\noise_0.20\weak-q_lq_0p05_ls_0p3_lb_0p3\metrics.json
0.05,0.3,0.4,0.0,0.6358333333333334,0.692005982031667,0.4722815014928524,0.6433333333333333,0.6760267857142858,0.476728605685627,0.7666666666666667,0.0,0.0,0.0,0.672166149068323,0.23333333333333334,0.0,1.0,57,0,57,0.6578188845605561,0.619375922463157,0.18805994567545978,0.043890714927604706,0.039681860161098564,0.6488742810307127,success,C:\Users\YAN_SHU_YU\Desktop\Generative-CD\Q_GNCDM\results\weak_q_lambda_sweep\lq_0p05_ls_0p3_lb_0p4,C:\Users\YAN_SHU_YU\Desktop\Generative-CD\Q_GNCDM\results\weak_q_lambda_sweep\lq_0p05_ls_0p3_lb_0p4\seed_2026\noise_0.20\weak-q_lq_0p05_ls_0p3_lb_0p4\metrics.json
0.05,0.3,0.5,0.0,0.635,0.6896320716954278,0.4764293826773128,0.6383333333333333,0.6748660714285715,0.4817575883233043,0.7666666666666667,0.0,0.0,0.0,0.6355784161490683,0.23333333333333334,0.0,1.0,57,0,57,0.6432444200371251,0.611149088902907,0.20072117380120538,0.029159017217655975,0.026623146552028076,0.7667278593236749,success,C:\Users\YAN_SHU_YU\Desktop\Generative-CD\Q_GNCDM\results\weak_q_lambda_sweep\lq_0p05_ls_0p3_lb_0p5,C:\Users\YAN_SHU_YU\Desktop\Generative-CD\Q_GNCDM\results\weak_q_lambda_sweep\lq_0p05_ls_0p3_lb_0p5\seed_2026\noise_0.20\weak-q_lq_0p05_ls_0p3_lb_0p5\metrics.json
0.05,0.3,0.6,0.0,0.6341666666666667,0.6903464685998932,0.47594613544060593,0.6366666666666667,0.6746763392857142,0.48233646896322285,0.7666666666666667,0.0,0.0,0.0,0.6147127329192547,0.23333333333333334,0.0,1.0,57,0,57,0.6442313483267119,0.6144237816333771,0.20618533365654224,0.022793977182697166,0.021100177909388687,0.8176481768940435,success,C:\Users\YAN_SHU_YU\Desktop\Generative-CD\Q_GNCDM\results\weak_q_lambda_sweep\lq_0p05_ls_0p3_lb_0p6,C:\Users\YAN_SHU_YU\Desktop\Generative-CD\Q_GNCDM\results\weak_q_lambda_sweep\lq_0p05_ls_0p3_lb_0p6\seed_2026\noise_0.20\weak-q_lq_0p05_ls_0p3_lb_0p6\metrics.json
0.05,0.3,0.7,0.0,0.6308333333333334,0.6911164605942003,0.4759500122436329,0.6483333333333333,0.6751004464285714,0.4820640148856015,0.7666666666666667,0.0,0.0,0.0,0.6064635093167702,0.23333333333333334,0.0,1.0,57,0,57,0.6459667890360861,0.6186204877766696,0.21061422901623178,0.017567851072685284,0.016493190644365368,0.8594571866772391,success,C:\Users\YAN_SHU_YU\Desktop\Generative-CD\Q_GNCDM\results\weak_q_lambda_sweep\lq_0p05_ls_0p3_lb_0p7,C:\Users\YAN_SHU_YU\Desktop\Generative-CD\Q_GNCDM\results\weak_q_lambda_sweep\lq_0p05_ls_0p3_lb_0p7\seed_2026\noise_0.20\weak-q_lq_0p05_ls_0p3_lb_0p7\metrics.json
0.05,0.3,0.8,0.0,0.6383333333333333,0.6822573830279308,0.4769850387767981,0.6033333333333334,0.6598660714285715,0.4815073165276224,0.7666666666666667,0.0,0.0,0.0,0.5599767080745341,0.23333333333333334,0.0,1.0,57,0,57,0.6740794940428301,0.6451896709023099,0.21073353087360208,0.017331017915046577,0.016442305521305763,0.8613518666137349,success,C:\Users\YAN_SHU_YU\Desktop\Generative-CD\Q_GNCDM\results\weak_q_lambda_sweep\lq_0p05_ls_0p3_lb_0p8,C:\Users\YAN_SHU_YU\Desktop\Generative-CD\Q_GNCDM\results\weak_q_lambda_sweep\lq_0p05_ls_0p3_lb_0p8\seed_2026\noise_0.20\weak-q_lq_0p05_ls_0p3_lb_0p8\metrics.json
0.05,0.3,0.9,0.0,0.6383333333333333,0.6830523928126668,0.47664749133348994,0.6266666666666667,0.658794642857143,0.4807728516357132,0.7666666666666667,0.0,0.0,0.0,0.5456133540372671,0.23333333333333334,0.0,1.0,57,0,57,0.6725383879560413,0.6456441978613535,0.21367479093147046,0.013989666900174185,0.013348393240999994,0.8880826650243817,success,C:\Users\YAN_SHU_YU\Desktop\Generative-CD\Q_GNCDM\results\weak_q_lambda_sweep\lq_0p05_ls_0p3_lb_0p9,C:\Users\YAN_SHU_YU\Desktop\Generative-CD\Q_GNCDM\results\weak_q_lambda_sweep\lq_0p05_ls_0p3_lb_0p9\seed_2026\noise_0.20\weak-q_lq_0p05_ls_0p3_lb_0p9\metrics.json
0.05,0.4,0.05,0.0,0.6458333333333334,0.6888843177370575,0.47671319931957523,0.6333333333333333,0.6853571428571428,0.4869277051354861,0.7958333333333333,1.0,0.125,0.2222222222222222,0.8265722049689441,0.20416666666666666,0.0,1.0,50,0,50,0.5616652459809275,0.5165460592869556,0.17177759923718192,0.08481459003506285,0.05208946600782149,0.34290354586008825,success,C:\Users\YAN_SHU_YU\Desktop\Generative-CD\Q_GNCDM\results\weak_q_lambda_sweep\lq_0p05_ls_0p4_lb_0p05,C:\Users\YAN_SHU_YU\Desktop\Generative-CD\Q_GNCDM\results\weak_q_lambda_sweep\lq_0p05_ls_0p4_lb_0p05\seed_2026\noise_0.20\weak-q_lq_0p05_ls_0p4_lb_0p05\metrics.json
0.05,0.4,0.1,0.0,0.6475,0.6878724871019393,0.4762044296448675,0.6416666666666667,0.6853236607142856,0.48508528613521823,0.7875,1.0,0.08928571428571429,0.16393442622950818,0.8095885093167702,0.2125,0.0,1.0,51,0,51,0.5892178149837436,0.5446225802103678,0.17319124485507156,0.07691709324717522,0.05168833589237748,0.396265909075737,success,C:\Users\YAN_SHU_YU\Desktop\Generative-CD\Q_GNCDM\results\weak_q_lambda_sweep\lq_0p05_ls_0p4_lb_0p1,C:\Users\YAN_SHU_YU\Desktop\Generative-CD\Q_GNCDM\results\weak_q_lambda_sweep\lq_0p05_ls_0p4_lb_0p1\seed_2026\noise_0.20\weak-q_lq_0p05_ls_0p4_lb_0p1\metrics.json
0.05,0.4,0.2,0.0,0.6458333333333334,0.6869440491015834,0.4748700098112921,0.6416666666666667,0.6850111607142857,0.482443227161119,0.7791666666666667,1.0,0.05357142857142857,0.1016949152542373,0.7678571428571428,0.22083333333333333,0.0,1.0,53,0,53,0.6147321796778477,0.5726893426793994,0.18255851395202405,0.06058939997897004,0.04339576456131357,0.522463774139231,success,C:\Users\YAN_SHU_YU\Desktop\Generative-CD\Q_GNCDM\results\weak_q_lambda_sweep\lq_0p05_ls_0p4_lb_0p2,C:\Users\YAN_SHU_YU\Desktop\Generative-CD\Q_GNCDM\results\weak_q_lambda_sweep\lq_0p05_ls_0p4_lb_0p2\seed_2026\noise_0.20\weak-q_lq_0p05_ls_0p4_lb_0p2\metrics.json
0.05,0.4,0.3,0.0,0.635,0.685362368795588,0.47955931299299903,0.64,0.6831696428571429,0.4833156142430699,0.775,1.0,0.03571428571428571,0.06896551724137931,0.7200116459627329,0.225,0.0,1.0,54,0,54,0.6122079690297445,0.5734118792143735,0.1922137780171452,0.047621353162509025,0.03378952740494049,0.6254329961357694,success,C:\Users\YAN_SHU_YU\Desktop\Generative-CD\Q_GNCDM\results\weak_q_lambda_sweep\lq_0p05_ls_0p4_lb_0p3,C:\Users\YAN_SHU_YU\Desktop\Generative-CD\Q_GNCDM\results\weak_q_lambda_sweep\lq_0p05_ls_0p4_lb_0p3\seed_2026\noise_0.20\weak-q_lq_0p05_ls_0p4_lb_0p3\metrics.json
0.05,0.4,0.4,0.0,0.6358333333333334,0.685759873687956,0.47825139933724276,0.6433333333333333,0.6825669642857143,0.4814346185210159,0.7708333333333334,1.0,0.017857142857142856,0.03508771929824561,0.670807453416149,0.22916666666666666,0.0,1.0,56,0,56,0.6325807210170862,0.597608208656311,0.19894974317514535,0.03482278295312867,0.027739790663348907,0.7247041138735685,success,C:\Users\YAN_SHU_YU\Desktop\Generative-CD\Q_GNCDM\results\weak_q_lambda_sweep\lq_0p05_ls_0p4_lb_0p4,C:\Users\YAN_SHU_YU\Desktop\Generative-CD\Q_GNCDM\results\weak_q_lambda_sweep\lq_0p05_ls_0p4_lb_0p4\seed_2026\noise_0.20\weak-q_lq_0p05_ls_0p4_lb_0p4\metrics.json
0.05,0.4,0.5,0.0,0.6325,0.6831357854474293,0.4755022784594201,0.645,0.6803794642857143,0.476405285982814,0.7708333333333334,1.0,0.017857142857142856,0.03508771929824561,0.63965450310559,0.22916666666666666,0.0,1.0,56,0,56,0.638265898733428,0.6059707403182983,0.2047649504560413,0.027638583641612167,0.022002960470589725,0.7822264369690057,success,C:\Users\YAN_SHU_YU\Desktop\Generative-CD\Q_GNCDM\results\weak_q_lambda_sweep\lq_0p05_ls_0p4_lb_0p5,C:\Users\YAN_SHU_YU\Desktop\Generative-CD\Q_GNCDM\results\weak_q_lambda_sweep\lq_0p05_ls_0p4_lb_0p5\seed_2026\noise_0.20\weak-q_lq_0p05_ls_0p4_lb_0p5\metrics.json
0.05,0.4,0.6,0.0,0.63,0.6902575164561466,0.4759491723735761,0.65,0.6774441964285715,0.48130978274033953,0.7666666666666667,0.0,0.0,0.0,0.6189829192546584,0.23333333333333334,0.0,1.0,57,0,57,0.6454264946056135,0.615928542433363,0.20859391197110666,0.019784532120507774,0.018590736118229954,0.8417237554535721,success,C:\Users\YAN_SHU_YU\Desktop\Generative-CD\Q_GNCDM\results\weak_q_lambda_sweep\lq_0p05_ls_0p4_lb_0p6,C:\Users\YAN_SHU_YU\Desktop\Generative-CD\Q_GNCDM\results\weak_q_lambda_sweep\lq_0p05_ls_0p4_lb_0p6\seed_2026\noise_0.20\weak-q_lq_0p05_ls_0p4_lb_0p6\metrics.json
0.05,0.4,0.7,0.0,0.6341666666666667,0.6848508939690446,0.4739539809644341,0.6483333333333333,0.6792075892857143,0.47591161989301506,0.7625,0.0,0.0,0.0,0.6004464285714287,0.2375,0.0,1.0,58,1,57,0.6453580657641093,0.6164561970667406,0.21170704879543997,0.01848357261130304,0.015604405565130892,0.8521314145940723,success,C:\Users\YAN_SHU_YU\Desktop\Generative-CD\Q_GNCDM\results\weak_q_lambda_sweep\lq_0p05_ls_0p4_lb_0p7,C:\Users\YAN_SHU_YU\Desktop\Generative-CD\Q_GNCDM\results\weak_q_lambda_sweep\lq_0p05_ls_0p4_lb_0p7\seed_2026\noise_0.20\weak-q_lq_0p05_ls_0p4_lb_0p7\metrics.json
0.05,0.4,0.8,0.0,0.6366666666666667,0.6809314401352072,0.47625195084872035,0.605,0.6612723214285714,0.4807608496396706,0.7666666666666667,0.0,0.0,0.0,0.6052989130434783,0.23333333333333334,0.0,1.0,57,0,57,0.676116527933063,0.6470056627735947,0.21190452936923865,0.01590755144416383,0.015190772811007319,0.8727395940910686,success,C:\Users\YAN_SHU_YU\Desktop\Generative-CD\Q_GNCDM\results\weak_q_lambda_sweep\lq_0p05_ls_0p4_lb_0p8,C:\Users\YAN_SHU_YU\Desktop\Generative-CD\Q_GNCDM\results\weak_q_lambda_sweep\lq_0p05_ls_0p4_lb_0p8\seed_2026\noise_0.20\weak-q_lq_0p05_ls_0p4_lb_0p8\metrics.json
0.05,0.4,0.9,0.0,0.6333333333333333,0.6793386408112435,0.4772776994744465,0.6266666666666667,0.6595089285714285,0.48074479799774206,0.7666666666666667,0.0,0.0,0.0,0.5722049689440993,0.23333333333333334,0.0,1.0,57,0,57,0.6737616369218538,0.6457283397515615,0.21383254410642566,0.013731424739076332,0.013165663038803772,0.89014860626423,success,C:\Users\YAN_SHU_YU\Desktop\Generative-CD\Q_GNCDM\results\weak_q_lambda_sweep\lq_0p05_ls_0p4_lb_0p9,C:\Users\YAN_SHU_YU\Desktop\Generative-CD\Q_GNCDM\results\weak_q_lambda_sweep\lq_0p05_ls_0p4_lb_0p9\seed_2026\noise_0.20\weak-q_lq_0p05_ls_0p4_lb_0p9\metrics.json
0.05,0.5,0.05,0.0,0.6458333333333334,0.6872248043052838,0.47604757471031023,0.6433333333333333,0.6859040178571428,0.48240189026001346,0.7875,1.0,0.08928571428571429,0.16393442622950818,0.7928959627329192,0.2125,0.0,1.0,52,0,52,0.6092646112947753,0.5652666087403442,0.17910354381257837,0.06541857100797421,0.04667091059188048,0.4828485119523424,success,C:\Users\YAN_SHU_YU\Desktop\Generative-CD\Q_GNCDM\results\weak_q_lambda_sweep\lq_0p05_ls_0p5_lb_0p05,C:\Users\YAN_SHU_YU\Desktop\Generative-CD\Q_GNCDM\results\weak_q_lambda_sweep\lq_0p05_ls_0p5_lb_0p05\seed_2026\noise_0.20\weak-q_lq_0p05_ls_0p5_lb_0p05\metrics.json
0.05,0.5,0.1,0.0,0.6483333333333333,0.68709971535314,0.47567537330477366,0.6383333333333333,0.6860770089285716,0.48206819944226237,0.7791666666666667,1.0,0.05357142857142857,0.1016949152542373,0.7734860248447205,0.22083333333333333,0.0,1.0,53,0,53,0.6152981474544063,0.5721458991368612,0.18354593217372894,0.059453517255006416,0.04248190439785972,0.5307148044759576,success,C:\Users\YAN_SHU_YU\Desktop\Generative-CD\Q_GNCDM\results\weak_q_lambda_sweep\lq_0p05_ls_0p5_lb_0p1,C:\Users\YAN_SHU_YU\Desktop\Generative-CD\Q_GNCDM\results\weak_q_lambda_sweep\lq_0p05_ls_0p5_lb_0p1\seed_2026\noise_0.20\weak-q_lq_0p05_ls_0p5_lb_0p1\metrics.json
0.05,0.5,0.2,0.0,0.6483333333333333,0.6859739147838463,0.47688634310751576,0.6466666666666666,0.6852566964285715,0.47771986006283307,0.7791666666666667,1.0,0.05357142857142857,0.1016949152542373,0.7258346273291926,0.22083333333333333,0.0,1.0,54,0,54,0.6158166640635693,0.5749336652683489,0.19171652965473407,0.04884152199057015,0.03438202957763816,0.614896423888929,success,C:\Users\YAN_SHU_YU\Desktop\Generative-CD\Q_GNCDM\results\weak_q_lambda_sweep\lq_0p05_ls_0p5_lb_0p2,C:\Users\YAN_SHU_YU\Desktop\Generative-CD\Q_GNCDM\results\weak_q_lambda_sweep\lq_0p05_ls_0p5_lb_0p2\seed_2026\noise_0.20\weak-q_lq_0p05_ls_0p5_lb_0p2\metrics.json
0.05,0.5,0.3,0.0,0.6333333333333333,0.6853067737057463,0.47903850309657725,0.6433333333333333,0.6856249999999999,0.4814406353558058,0.7708333333333334,1.0,0.017857142857142856,0.03508771929824561,0.688664596273292,0.22916666666666666,0.0,1.0,54,0,54,0.6209231172547196,0.5827771641991355,0.19816627421162344,0.03968190480813836,0.02798897609340422,0.6879653569423791,success,C:\Users\YAN_SHU_YU\Desktop\Generative-CD\Q_GNCDM\results\weak_q_lambda_sweep\lq_0p05_ls_0p5_lb_0p3,C:\Users\YAN_SHU_YU\Desktop\Generative-CD\Q_GNCDM\results\weak_q_lambda_sweep\lq_0p05_ls_0p5_lb_0p3\seed_2026\noise_0.20\weak-q_lq_0p05_ls_0p5_lb_0p3\metrics.json
0.05,0.5,0.4,0.0,0.6366666666666667,0.6849148283223625,0.4783102034476736,0.6416666666666667,0.6846763392857143,0.48021989243000157,0.7708333333333334,1.0,0.017857142857142856,0.03508771929824561,0.6511063664596273,0.22916666666666666,0.0,1.0,56,0,56,0.6353402020353259,0.6007307045387499,0.20306204394860702,0.030014604725169414,0.02362274302339012,0.7627917564276493,success,C:\Users\YAN_SHU_YU\Desktop\Generative-CD\Q_GNCDM\results\weak_q_lambda_sweep\lq_0p05_ls_0p5_lb_0p4,C:\Users\YAN_SHU_YU\Desktop\Generative-CD\Q_GNCDM\results\weak_q_lambda_sweep\lq_0p05_ls_0p5_lb_0p4\seed_2026\noise_0.20\weak-q_lq_0p05_ls_0p5_lb_0p4\metrics.json
0.05,0.5,0.5,0.0,0.6458333333333334,0.6827910958904109,0.4758463806961156,0.6516666666666666,0.6825,0.47573654364376605,0.7666666666666667,0.5,0.017857142857142856,0.034482758620689655,0.625,0.23333333333333334,0.0,1.0,57,1,56,0.6391697562102115,0.60534657312162,0.20672926238991998,0.026846148017229454,0.020127292581354126,0.7852308045734059,success,C:\Users\YAN_SHU_YU\Desktop\Generative-CD\Q_GNCDM\results\weak_q_lambda_sweep\lq_0p05_ls_0p5_lb_0p5,C:\Users\YAN_SHU_YU\Desktop\Generative-CD\Q_GNCDM\results\weak_q_lambda_sweep\lq_0p05_ls_0p5_lb_0p5\seed_2026\noise_0.20\weak-q_lq_0p05_ls_0p5_lb_0p5\metrics.json
0.05,0.5,0.6,0.0,0.6416666666666667,0.6817320094289272,0.4755106211914721,0.645,0.6826897321428572,0.47500283655019526,0.7625,0.0,0.0,0.0,0.6171389751552794,0.2375,0.0,1.0,58,1,57,0.6408531458088846,0.6091388391725945,0.2104758324496674,0.022262757700501068,0.01676523152061484,0.8228624345678272,success,C:\Users\YAN_SHU_YU\Desktop\Generative-CD\Q_GNCDM\results\weak_q_lambda_sweep\lq_0p05_ls_0p5_lb_0p6,C:\Users\YAN_SHU_YU\Desktop\Generative-CD\Q_GNCDM\results\weak_q_lambda_sweep\lq_0p05_ls_0p5_lb_0p6\seed_2026\noise_0.20\weak-q_lq_0p05_ls_0p5_lb_0p6\metrics.json
0.05,0.5,0.7,0.0,0.6408333333333334,0.6831774817648105,0.4745196775191051,0.6483333333333333,0.6830133928571429,0.4745403905838598,0.7625,0.0,0.0,0.0,0.6090838509316769,0.2375,0.0,1.0,58,1,57,0.6446439831545858,0.6155364928823529,0.2135769882888505,0.017679029962781704,0.01369875416893399,0.858600294048136,success,C:\Users\YAN_SHU_YU\Desktop\Generative-CD\Q_GNCDM\results\weak_q_lambda_sweep\lq_0p05_ls_0p5_lb_0p7,C:\Users\YAN_SHU_YU\Desktop\Generative-CD\Q_GNCDM\results\weak_q_lambda_sweep\lq_0p05_ls_0p5_lb_0p7\seed_2026\noise_0.20\weak-q_lq_0p05_ls_0p5_lb_0p7\metrics.json
0.05,0.5,0.8,0.0,0.635,0.6816986523750221,0.4769068818051781,0.605,0.6600892857142857,0.4814924311633365,0.7666666666666667,0.0,0.0,0.0,0.6118012422360248,0.23333333333333334,0.0,1.0,57,0,57,0.6767343499443748,0.6458408977046157,0.21172162009911102,0.016025743221468998,0.01536813745218696,0.8717940540024729,success,C:\Users\YAN_SHU_YU\Desktop\Generative-CD\Q_GNCDM\results\weak_q_lambda_sweep\lq_0p05_ls_0p5_lb_0p8,C:\Users\YAN_SHU_YU\Desktop\Generative-CD\Q_GNCDM\results\weak_q_lambda_sweep\lq_0p05_ls_0p5_lb_0p8\seed_2026\noise_0.20\weak-q_lq_0p05_ls_0p5_lb_0p8\metrics.json
0.05,0.5,0.9,0.0,0.6308333333333334,0.6819043542074363,0.4764078929717786,0.6033333333333334,0.6594642857142857,0.48123302176526533,0.7666666666666667,0.0,0.0,0.0,0.5925854037267081,0.23333333333333334,0.0,1.0,57,0,57,0.6782346566518148,0.6487325962745782,0.21373159980232065,0.013773978843043247,0.013253878336399794,0.8898081680138906,success,C:\Users\YAN_SHU_YU\Desktop\Generative-CD\Q_GNCDM\results\weak_q_lambda_sweep\lq_0p05_ls_0p5_lb_0p9,C:\Users\YAN_SHU_YU\Desktop\Generative-CD\Q_GNCDM\results\weak_q_lambda_sweep\lq_0p05_ls_0p5_lb_0p9\seed_2026\noise_0.20\weak-q_lq_0p05_ls_0p5_lb_0p9\metrics.json
0.05,0.6,0.05,0.0,0.6441666666666667,0.6864965086283579,0.47560021320132584,0.6366666666666667,0.6856584821428571,0.48201413677391414,0.7791666666666667,1.0,0.05357142857142857,0.1016949152542373,0.7603843167701864,0.22083333333333333,0.0,1.0,53,0,53,0.6209011547493212,0.577397701866699,0.18750235257726727,0.053656802089376884,0.03868504732169888,0.5766126856659398,success,C:\Users\YAN_SHU_YU\Desktop\Generative-CD\Q_GNCDM\results\weak_q_lambda_sweep\lq_0p05_ls_0p6_lb_0p05,C:\Users\YAN_SHU_YU\Desktop\Generative-CD\Q_GNCDM\results\weak_q_lambda_sweep\lq_0p05_ls_0p6_lb_0p05\seed_2026\noise_0.20\weak-q_lq_0p05_ls_0p6_lb_0p05\metrics.json
0.05,0.6,0.1,0.0,0.6433333333333333,0.6857390255292652,0.47504143162396384,0.645,0.6860825892857143,0.48165731749746726,0.7791666666666667,1.0,0.05357142857142857,0.1016949152542373,0.7398097826086957,0.22083333333333333,0.0,1.0,54,0,54,0.6249076258955579,0.582166161049496,0.1905236898949652,0.04940767834583918,0.03570673913892471,0.6108232564998396,success,C:\Users\YAN_SHU_YU\Desktop\Generative-CD\Q_GNCDM\results\weak_q_lambda_sweep\lq_0p05_ls_0p6_lb_0p1,C:\Users\YAN_SHU_YU\Desktop\Generative-CD\Q_GNCDM\results\weak_q_lambda_sweep\lq_0p05_ls_0p6_lb_0p1\seed_2026\noise_0.20\weak-q_lq_0p05_ls_0p6_lb_0p1\metrics.json
0.05,0.6,0.2,0.0,0.6358333333333334,0.6831747020103184,0.4808508489664977,0.64,0.6838281249999999,0.4831189011483374,0.7791666666666667,1.0,0.05357142857142857,0.1016949152542373,0.7000194099378881,0.22083333333333333,0.0,1.0,54,0,54,0.6164779870799093,0.576225448738445,0.19766611944545398,0.04114417934959585,0.028413625998478947,0.6755298059998136,success,C:\Users\YAN_SHU_YU\Desktop\Generative-CD\Q_GNCDM\results\weak_q_lambda_sweep\lq_0p05_ls_0p6_lb_0p2,C:\Users\YAN_SHU_YU\Desktop\Generative-CD\Q_GNCDM\results\weak_q_lambda_sweep\lq_0p05_ls_0p6_lb_0p2\seed_2026\noise_0.20\weak-q_lq_0p05_ls_0p6_lb_0p2\metrics.json
0.05,0.6,0.3,0.0,0.63,0.6848091976516634,0.4791377810286685,0.6483333333333333,0.6863504464285715,0.47951111722813317,0.7708333333333334,1.0,0.017857142857142856,0.03508771929824561,0.6684782608695652,0.22916666666666666,0.0,1.0,55,0,55,0.6320813415628491,0.5950414077802137,0.20164445900555814,0.03249587000093677,0.024867299520833927,0.7421634928746657,success,C:\Users\YAN_SHU_YU\Desktop\Generative-CD\Q_GNCDM\results\weak_q_lambda_sweep\lq_0p05_ls_0p6_lb_0p3,C:\Users\YAN_SHU_YU\Desktop\Generative-CD\Q_GNCDM\results\weak_q_lambda_sweep\lq_0p05_ls_0p6_lb_0p3\seed_2026\noise_0.20\weak-q_lq_0p05_ls_0p6_lb_0p3\metrics.json
0.05,0.6,0.4,0.0,0.6375,0.6852039227895392,0.4780325709090941,0.6466666666666666,0.6861383928571428,0.4788965581923442,0.7666666666666667,0.0,0.0,0.0,0.6423718944099379,0.23333333333333334,0.0,1.0,55,0,55,0.6376611915501681,0.6026336893890843,0.20558498393405567,0.027170163494619457,0.021115384262168045,0.7844720365423145,success,C:\Users\YAN_SHU_YU\Desktop\Generative-CD\Q_GNCDM\results\weak_q_lambda_sweep\lq_0p05_ls_0p6_lb_0p4,C:\Users\YAN_SHU_YU\Desktop\Generative-CD\Q_GNCDM\results\weak_q_lambda_sweep\lq_0p05_ls_0p6_lb_0p4\seed_2026\noise_0.20\weak-q_lq_0p05_ls_0p6_lb_0p4\metrics.json
0.05,0.6,0.5,0.0,0.6458333333333334,0.6832664339085572,0.4761030912903414,0.6566666666666666,0.6911160714285713,0.472639293433851,0.7625,0.3333333333333333,0.017857142857142856,0.03389830508474576,0.6021933229813664,0.2375,0.0,1.0,58,2,56,0.634643119392973,0.6001275940374895,0.20987477627667514,0.025453515181487255,0.017499345044294994,0.7979736571962183,success,C:\Users\YAN_SHU_YU\Desktop\Generative-CD\Q_GNCDM\results\weak_q_lambda_sweep\lq_0p05_ls_0p6_lb_0p5,C:\Users\YAN_SHU_YU\Desktop\Generative-CD\Q_GNCDM\results\weak_q_lambda_sweep\lq_0p05_ls_0p6_lb_0p5\seed_2026\noise_0.20\weak-q_lq_0p05_ls_0p6_lb_0p5\metrics.json
0.05,0.6,0.6,0.0,0.6408333333333334,0.6826743462017435,0.4751455865415428,0.65,0.6878013392857142,0.47303064833469594,0.7625,0.0,0.0,0.0,0.609277950310559,0.2375,0.0,1.0,58,1,57,0.6415361816232855,0.6099953335342985,0.21223824855053064,0.01974196094229366,0.015139596762530731,0.8432952662309011,success,C:\Users\YAN_SHU_YU\Desktop\Generative-CD\Q_GNCDM\results\weak_q_lambda_sweep\lq_0p05_ls_0p6_lb_0p6,C:\Users\YAN_SHU_YU\Desktop\Generative-CD\Q_GNCDM\results\weak_q_lambda_sweep\lq_0p05_ls_0p6_lb_0p6\seed_2026\noise_0.20\weak-q_lq_0p05_ls_0p6_lb_0p6\metrics.json
0.05,0.6,0.7,0.0,0.6391666666666667,0.6827744173634585,0.4745923497264148,0.6533333333333333,0.6841852678571428,0.4741741325169264,0.7625,0.0,0.0,0.0,0.6133540372670807,0.2375,0.0,1.0,58,1,57,0.6458270107254838,0.616424844120488,0.2146231010556221,0.01644538306264263,0.012576830262939135,0.8684369388854865,success,C:\Users\YAN_SHU_YU\Desktop\Generative-CD\Q_GNCDM\results\weak_q_lambda_sweep\lq_0p05_ls_0p6_lb_0p7,C:\Users\YAN_SHU_YU\Desktop\Generative-CD\Q_GNCDM\results\weak_q_lambda_sweep\lq_0p05_ls_0p6_lb_0p7\seed_2026\noise_0.20\weak-q_lq_0p05_ls_0p6_lb_0p7\metrics.json
0.05,0.6,0.8,0.0,0.645,0.6844033534958193,0.4735156281320176,0.6466666666666666,0.6854799107142857,0.47340233668929654,0.7666666666666667,0.0,0.0,0.0,0.6223796583850932,0.23333333333333334,0.0,1.0,56,0,56,0.6506249353741155,0.6221348318186674,0.21480148421092468,0.01375961219045249,0.01186783006414771,0.8899230948000243,success,C:\Users\YAN_SHU_YU\Desktop\Generative-CD\Q_GNCDM\results\weak_q_lambda_sweep\lq_0p05_ls_0p6_lb_0p8,C:\Users\YAN_SHU_YU\Desktop\Generative-CD\Q_GNCDM\results\weak_q_lambda_sweep\lq_0p05_ls_0p6_lb_0p8\seed_2026\noise_0.20\weak-q_lq_0p05_ls_0p6_lb_0p8\metrics.json
0.05,0.6,0.9,0.0,0.6341666666666667,0.6816486167941647,0.4763462428459667,0.6016666666666667,0.6598325892857143,0.48111391391975983,0.7666666666666667,0.0,0.0,0.0,0.610248447204969,0.23333333333333334,0.0,1.0,57,0,57,0.6792992814020677,0.6486949776158188,0.2138804312456738,0.01355618763376366,0.013085068132954113,0.8915505048000452,success,C:\Users\YAN_SHU_YU\Desktop\Generative-CD\Q_GNCDM\results\weak_q_lambda_sweep\lq_0p05_ls_0p6_lb_0p9,C:\Users\YAN_SHU_YU\Desktop\Generative-CD\Q_GNCDM\results\weak_q_lambda_sweep\lq_0p05_ls_0p6_lb_0p9\seed_2026\noise_0.20\weak-q_lq_0p05_ls_0p6_lb_0p9\metrics.json
0.05,0.7,0.05,0.0,0.6366666666666667,0.6854902375022238,0.4820647019755411,0.635,0.6818638392857144,0.4843757601057997,0.7791666666666667,1.0,0.05357142857142857,0.1016949152542373,0.7244759316770187,0.22083333333333333,0.0,1.0,54,0,54,0.6114876405759291,0.5688385430610541,0.19478092139417474,0.04477700585442962,0.03132289140061899,0.6452834434581526,success,C:\Users\YAN_SHU_YU\Desktop\Generative-CD\Q_GNCDM\results\weak_q_lambda_sweep\lq_0p05_ls_0p7_lb_0p05,C:\Users\YAN_SHU_YU\Desktop\Generative-CD\Q_GNCDM\results\weak_q_lambda_sweep\lq_0p05_ls_0p7_lb_0p05\seed_2026\noise_0.20\weak-q_lq_0p05_ls_0p7_lb_0p05\metrics.json
0.05,0.7,0.1,0.0,0.635,0.6844700676036293,0.4817854574605081,0.6433333333333333,0.6838950892857143,0.4834763586639486,0.7791666666666667,1.0,0.05357142857142857,0.1016949152542373,0.7106948757763975,0.22083333333333333,0.0,1.0,54,0,54,0.6155185852990006,0.573650497378725,0.19720664033384033,0.04159822664929159,0.02888999921693043,0.670959351640759,success,C:\Users\YAN_SHU_YU\Desktop\Generative-CD\Q_GNCDM\results\weak_q_lambda_sweep\lq_0p05_ls_0p7_lb_0p1,C:\Users\YAN_SHU_YU\Desktop\Generative-CD\Q_GNCDM\results\weak_q_lambda_sweep\lq_0p05_ls_0p7_lb_0p1\seed_2026\noise_0.20\weak-q_lq_0p05_ls_0p7_lb_0p1\metrics.json
0.05,0.7,0.2,0.0,0.6283333333333333,0.68449786514855,0.47977454326705604,0.65,0.6864174107142857,0.4812741849045384,0.775,1.0,0.03571428571428571,0.06896551724137931,0.6792507763975155,0.225,0.0,1.0,54,0,54,0.6230192943052812,0.5828282535076141,0.20123797745415659,0.03592610155994242,0.024904354785879452,0.7157788836594784,success,C:\Users\YAN_SHU_YU\Desktop\Generative-CD\Q_GNCDM\results\weak_q_lambda_sweep\lq_0p05_ls_0p7_lb_0p2,C:\Users\YAN_SHU_YU\Desktop\Generative-CD\Q_GNCDM\results\weak_q_lambda_sweep\lq_0p05_ls_0p7_lb_0p2\seed_2026\noise_0.20\weak-q_lq_0p05_ls_0p7_lb_0p2\metrics.json
0.05,0.7,0.3,0.0,0.6333333333333333,0.6834332191780821,0.47914378079892866,0.6533333333333333,0.6892075892857144,0.4780523726660572,0.7708333333333334,1.0,0.017857142857142856,0.03508771929824561,0.6554736024844721,0.22916666666666666,0.0,1.0,55,0,55,0.6361652522376089,0.599546441526124,0.2047424384138801,0.0283030155538158,0.02189859067738959,0.7751867301536329,success,C:\Users\YAN_SHU_YU\Desktop\Generative-CD\Q_GNCDM\results\weak_q_lambda_sweep\lq_0p05_ls_0p7_lb_0p3,C:\Users\YAN_SHU_YU\Desktop\Generative-CD\Q_GNCDM\results\weak_q_lambda_sweep\lq_0p05_ls_0p7_lb_0p3\seed_2026\noise_0.20\weak-q_lq_0p05_ls_0p7_lb_0p3\metrics.json
0.05,0.7,0.4,0.0,0.6458333333333334,0.6842310087173101,0.4769534023692009,0.6566666666666666,0.6960602678571429,0.4712810966689594,0.7666666666666667,0.5,0.017857142857142856,0.034482758620689655,0.5999611801242237,0.23333333333333334,0.0,1.0,58,2,56,0.6301302142215498,0.5937548406196363,0.2095701705777284,0.02684255356364178,0.017767698080702263,0.7865821475332434,success,C:\Users\YAN_SHU_YU\Desktop\Generative-CD\Q_GNCDM\results\weak_q_lambda_sweep\lq_0p05_ls_0p7_lb_0p4,C:\Users\YAN_SHU_YU\Desktop\Generative-CD\Q_GNCDM\results\weak_q_lambda_sweep\lq_0p05_ls_0p7_lb_0p4\seed_2026\noise_0.20\weak-q_lq_0p05_ls_0p7_lb_0p4\metrics.json
0.05,0.7,0.5,0.0,0.6391666666666667,0.6836583792919408,0.47577004068726536,0.6566666666666666,0.6952566964285714,0.47109295257780004,0.7666666666666667,0.5,0.017857142857142856,0.034482758620689655,0.6011257763975155,0.23333333333333334,0.0,1.0,57,1,56,0.6350161577716018,0.6005443533261617,0.21170131252570587,0.023124322746739243,0.015399431330010746,0.8162389226032026,success,C:\Users\YAN_SHU_YU\Desktop\Generative-CD\Q_GNCDM\results\weak_q_lambda_sweep\lq_0p05_ls_0p7_lb_0p5,C:\Users\YAN_SHU_YU\Desktop\Generative-CD\Q_GNCDM\results\weak_q_lambda_sweep\lq_0p05_ls_0p7_lb_0p5\seed_2026\noise_0.20\weak-q_lq_0p05_ls_0p7_lb_0p5\metrics.json
0.05,0.7,0.6,0.0,0.6391666666666667,0.6813484033090197,0.4756029031031603,0.66,0.6909598214285714,0.4720778283888547,0.7625,0.0,0.0,0.0,0.6136451863354038,0.2375,0.0,1.0,58,1,57,0.6426453003377626,0.6105511269786141,0.21315112122983643,0.018607281345986958,0.01401919343819221,0.8518911311120698,success,C:\Users\YAN_SHU_YU\Desktop\Generative-CD\Q_GNCDM\results\weak_q_lambda_sweep\lq_0p05_ls_0p7_lb_0p6,C:\Users\YAN_SHU_YU\Desktop\Generative-CD\Q_GNCDM\results\weak_q_lambda_sweep\lq_0p05_ls_0p7_lb_0p6\seed_2026\noise_0.20\weak-q_lq_0p05_ls_0p7_lb_0p6\metrics.json
0.05,0.7,0.7,0.0,0.6408333333333334,0.6835444093577655,0.4749564447514621,0.65,0.683828125,0.47368705134097633,0.7708333333333334,1.0,0.017857142857142856,0.03508771929824561,0.6302406832298136,0.22916666666666666,0.0,1.0,57,1,56,0.6476619035908671,0.616536228945761,0.21410479780399438,0.016481766815889965,0.01269028155189572,0.8681458668275313,success,C:\Users\YAN_SHU_YU\Desktop\Generative-CD\Q_GNCDM\results\weak_q_lambda_sweep\lq_0p05_ls_0p7_lb_0p7,C:\Users\YAN_SHU_YU\Desktop\Generative-CD\Q_GNCDM\results\weak_q_lambda_sweep\lq_0p05_ls_0p7_lb_0p7\seed_2026\noise_0.20\weak-q_lq_0p05_ls_0p7_lb_0p7\metrics.json
0.05,0.7,0.8,0.0,0.6483333333333333,0.6847452632983455,0.4733629707169028,0.6533333333333333,0.6856696428571428,0.47352187785882943,0.7666666666666667,0.0,0.0,0.0,0.6307259316770186,0.23333333333333334,0.0,1.0,57,0,57,0.6521162173964761,0.6236186063650883,0.2154707323872682,0.012598275743199118,0.011131602480556026,0.8992137963121588,success,C:\Users\YAN_SHU_YU\Desktop\Generative-CD\Q_GNCDM\results\weak_q_lambda_sweep\lq_0p05_ls_0p7_lb_0p8,C:\Users\YAN_SHU_YU\Desktop\Generative-CD\Q_GNCDM\results\weak_q_lambda_sweep\lq_0p05_ls_0p7_lb_0p8\seed_2026\noise_0.20\weak-q_lq_0p05_ls_0p7_lb_0p8\metrics.json
0.05,0.7,0.9,0.0,0.6258333333333334,0.6805589530332681,0.4768004087743562,0.5966666666666667,0.6609040178571428,0.4810538509568023,0.7666666666666667,0.0,0.0,0.0,0.6244177018633541,0.23333333333333334,0.0,1.0,57,0,57,0.6803363426165148,0.6487085620562235,0.21405800161036578,0.013319092012490288,0.012890578416938131,0.8934472708991079,success,C:\Users\YAN_SHU_YU\Desktop\Generative-CD\Q_GNCDM\results\weak_q_lambda_sweep\lq_0p05_ls_0p7_lb_0p9,C:\Users\YAN_SHU_YU\Desktop\Generative-CD\Q_GNCDM\results\weak_q_lambda_sweep\lq_0p05_ls_0p7_lb_0p9\seed_2026\noise_0.20\weak-q_lq_0p05_ls_0p7_lb_0p9\metrics.json
0.05,0.8,0.05,0.0,0.6333333333333333,0.6837890277530688,0.48180626010613553,0.645,0.685703125,0.48250452642516567,0.7791666666666667,1.0,0.05357142857142857,0.1016949152542373,0.7056482919254657,0.22083333333333333,0.0,1.0,54,0,54,0.618778365127968,0.576353801019264,0.19899869123191544,0.03889927392204603,0.0271042019523906,0.6919177165537169,success,C:\Users\YAN_SHU_YU\Desktop\Generative-CD\Q_GNCDM\results\weak_q_lambda_sweep\lq_0p05_ls_0p8_lb_0p05,C:\Users\YAN_SHU_YU\Desktop\Generative-CD\Q_GNCDM\results\weak_q_lambda_sweep\lq_0p05_ls_0p8_lb_0p05\seed_2026\noise_0.20\weak-q_lq_0p05_ls_0p8_lb_0p05\metrics.json
0.05,0.8,0.1,0.0,0.63,0.6825436977406155,0.48130230364514975,0.6533333333333333,0.6865178571428572,0.4816489661605159,0.7791666666666667,1.0,0.05357142857142857,0.1016949152542373,0.6930318322981366,0.22083333333333333,0.0,1.0,54,0,54,0.6215947767098745,0.5798892464601633,0.20092855371309049,0.03642828299692183,0.025164763979388004,0.711651145508795,success,C:\Users\YAN_SHU_YU\Desktop\Generative-CD\Q_GNCDM\results\weak_q_lambda_sweep\lq_0p05_ls_0p8_lb_0p1,C:\Users\YAN_SHU_YU\Desktop\Generative-CD\Q_GNCDM\results\weak_q_lambda_sweep\lq_0p05_ls_0p8_lb_0p1\seed_2026\noise_0.20\weak-q_lq_0p05_ls_0p8_lb_0p1\metrics.json
0.05,0.8,0.2,0.0,0.6325,0.684062833570539,0.4794811187316766,0.65,0.6872209821428572,0.48019525368083477,0.7708333333333334,1.0,0.017857142857142856,0.03508771929824561,0.6666343167701863,0.22916666666666666,0.0,1.0,55,0,55,0.6319457220308708,0.5924770055395184,0.20302217160210465,0.030758056140533,0.023555787195536224,0.7552633168119373,success,C:\Users\YAN_SHU_YU\Desktop\Generative-CD\Q_GNCDM\results\weak_q_lambda_sweep\lq_0p05_ls_0p8_lb_0p2,C:\Users\YAN_SHU_YU\Desktop\Generative-CD\Q_GNCDM\results\weak_q_lambda_sweep\lq_0p05_ls_0p8_lb_0p2\seed_2026\noise_0.20\weak-q_lq_0p05_ls_0p8_lb_0p2\metrics.json
0.05,0.8,0.3,0.0,0.6416666666666667,0.6819655088062622,0.47815500440505526,0.65,0.6975223214285715,0.4710746773720718,0.7666666666666667,0.5,0.017857142857142856,0.034482758620689655,0.6013198757763976,0.23333333333333334,0.0,1.0,57,1,56,0.6301439729603854,0.5923878144134175,0.20902820044394696,0.02726548235637672,0.01830789500452352,0.7830526738455801,success,C:\Users\YAN_SHU_YU\Desktop\Generative-CD\Q_GNCDM\results\weak_q_lambda_sweep\lq_0p05_ls_0p8_lb_0p3,C:\Users\YAN_SHU_YU\Desktop\Generative-CD\Q_GNCDM\results\weak_q_lambda_sweep\lq_0p05_ls_0p8_lb_0p3\seed_2026\noise_0.20\weak-q_lq_0p05_ls_0p8_lb_0p3\metrics.json
0.05,0.8,0.4,0.0,0.6391666666666667,0.6821100560398505,0.4767864861289258,0.6533333333333333,0.6995535714285713,0.4699698940185988,0.7666666666666667,0.5,0.017857142857142856,0.034482758620689655,0.5967585403726708,0.23333333333333334,0.0,1.0,57,1,56,0.6332964102427164,0.5972242138602517,0.21129116438554996,0.023980187336829575,0.015808711900855556,0.8096124791737759,success,C:\Users\YAN_SHU_YU\Desktop\Generative-CD\Q_GNCDM\results\weak_q_lambda_sweep\lq_0p05_ls_0p8_lb_0p4,C:\Users\YAN_SHU_YU\Desktop\Generative-CD\Q_GNCDM\results\weak_q_lambda_sweep\lq_0p05_ls_0p8_lb_0p4\seed_2026\noise_0.20\weak-q_lq_0p05_ls_0p8_lb_0p4\metrics.json
0.05,0.8,0.5,0.0,0.6408333333333334,0.682527019213663,0.4762642006404159,0.6533333333333333,0.6950669642857142,0.47104966259632897,0.7666666666666667,0.5,0.017857142857142856,0.034482758620689655,0.6053959627329193,0.23333333333333334,0.0,1.0,57,1,56,0.6362584865454471,0.6014818955551494,0.21308062361045318,0.021507045366998875,0.013833845034241676,0.8288528919219971,success,C:\Users\YAN_SHU_YU\Desktop\Generative-CD\Q_GNCDM\results\weak_q_lambda_sweep\lq_0p05_ls_0p8_lb_0p5,C:\Users\YAN_SHU_YU\Desktop\Generative-CD\Q_GNCDM\results\weak_q_lambda_sweep\lq_0p05_ls_0p8_lb_0p5\seed_2026\noise_0.20\weak-q_lq_0p05_ls_0p8_lb_0p5\metrics.json
0.05,0.8,0.6,0.0,0.6358333333333334,0.6805269858566091,0.4759580225912608,0.6466666666666666,0.6905691964285713,0.4719299208119532,0.7625,0.0,0.0,0.0,0.6214091614906833,0.2375,0.0,1.0,58,1,57,0.644659386439757,0.6121496639468453,0.2139329889958555,0.017421694726429203,0.013126200897562685,0.8606264356410864,success,C:\Users\YAN_SHU_YU\Desktop\Generative-CD\Q_GNCDM\results\weak_q_lambda_sweep\lq_0p05_ls_0p8_lb_0p6,C:\Users\YAN_SHU_YU\Desktop\Generative-CD\Q_GNCDM\results\weak_q_lambda_sweep\lq_0p05_ls_0p8_lb_0p6\seed_2026\noise_0.20\weak-q_lq_0p05_ls_0p8_lb_0p6\metrics.json
0.05,0.8,0.7,0.0,0.6408333333333334,0.6828494707347447,0.4749605347188885,0.6466666666666666,0.687890625,0.47249386744099564,0.7666666666666667,0.0,0.0,0.0,0.6347049689440994,0.23333333333333334,0.0,1.0,58,1,57,0.6492280914927974,0.6181652636239023,0.21456721808874246,0.014689982022074137,0.012260699094357815,0.8824801454038331,success,C:\Users\YAN_SHU_YU\Desktop\Generative-CD\Q_GNCDM\results\weak_q_lambda_sweep\lq_0p05_ls_0p8_lb_0p7,C:\Users\YAN_SHU_YU\Desktop\Generative-CD\Q_GNCDM\results\weak_q_lambda_sweep\lq_0p05_ls_0p8_lb_0p7\seed_2026\noise_0.20\weak-q_lq_0p05_ls_0p8_lb_0p7\metrics.json
0.05,0.8,0.8,0.0,0.6458333333333334,0.684461728340153,0.47353004418660066,0.6533333333333333,0.6870089285714285,0.47305567933804366,0.7666666666666667,0.0,0.0,0.0,0.6345108695652174,0.23333333333333334,0.0,1.0,57,0,57,0.6532967885335287,0.6246221589319634,0.21593987580501672,0.011757104714034182,0.010589938512015524,0.9059431670290051,success,C:\Users\YAN_SHU_YU\Desktop\Generative-CD\Q_GNCDM\results\weak_q_lambda_sweep\lq_0p05_ls_0p8_lb_0p8,C:\Users\YAN_SHU_YU\Desktop\Generative-CD\Q_GNCDM\results\weak_q_lambda_sweep\lq_0p05_ls_0p8_lb_0p8\seed_2026\noise_0.20\weak-q_lq_0p05_ls_0p8_lb_0p8\metrics.json
0.05,0.8,0.9,0.0,0.63,0.680859166518413,0.47669334823149007,0.6,0.661830357142857,0.4809173875062798,0.7666666666666667,0.0,0.0,0.0,0.6383928571428572,0.23333333333333334,0.0,1.0,57,0,57,0.6813619407740507,0.6487735121539144,0.2142496041276238,0.013076051420560389,0.012683444091993751,0.8953915906674934,success,C:\Users\YAN_SHU_YU\Desktop\Generative-CD\Q_GNCDM\results\weak_q_lambda_sweep\lq_0p05_ls_0p8_lb_0p9,C:\Users\YAN_SHU_YU\Desktop\Generative-CD\Q_GNCDM\results\weak_q_lambda_sweep\lq_0p05_ls_0p8_lb_0p9\seed_2026\noise_0.20\weak-q_lq_0p05_ls_0p8_lb_0p9\metrics.json
0.05,0.9,0.05,0.0,0.63,0.6824519658423769,0.48100942803143365,0.6533333333333333,0.6879129464285714,0.4808322464381307,0.775,1.0,0.03571428571428571,0.06896551724137931,0.688858695652174,0.225,0.0,1.0,54,0,54,0.624548768455332,0.5822194376678178,0.20204893386725223,0.034469605846838516,0.0240847547679688,0.725944619287144,success,C:\Users\YAN_SHU_YU\Desktop\Generative-CD\Q_GNCDM\results\weak_q_lambda_sweep\lq_0p05_ls_0p9_lb_0p05,C:\Users\YAN_SHU_YU\Desktop\Generative-CD\Q_GNCDM\results\weak_q_lambda_sweep\lq_0p05_ls_0p9_lb_0p05\seed_2026\noise_0.20\weak-q_lq_0p05_ls_0p9_lb_0p05\metrics.json
0.05,0.9,0.1,0.0,0.6325,0.684058663938801,0.4799217338914737,0.655,0.6906249999999999,0.47997486612759604,0.7708333333333334,1.0,0.017857142857142856,0.03508771929824561,0.6755628881987578,0.22916666666666666,0.0,1.0,54,0,54,0.6284002860387167,0.5868169624697078,0.20291437660202835,0.03233411439666242,0.023368996031808132,0.7423032802162748,success,C:\Users\YAN_SHU_YU\Desktop\Generative-CD\Q_GNCDM\results\weak_q_lambda_sweep\lq_0p05_ls_0p9_lb_0p1,C:\Users\YAN_SHU_YU\Desktop\Generative-CD\Q_GNCDM\results\weak_q_lambda_sweep\lq_0p05_ls_0p9_lb_0p1\seed_2026\noise_0.20\weak-q_lq_0p05_ls_0p9_lb_0p1\metrics.json
0.05,0.9,0.2,0.0,0.635,0.6829967977228253,0.4793502526297452,0.6433333333333333,0.696015625,0.47637898075790913,0.7625,0.0,0.0,0.0,0.654211956521739,0.2375,0.0,1.0,57,1,56,0.6327959615172762,0.5940910117192701,0.20801291817968542,0.02718257187216571,0.019199960131311054,0.7839803244128372,success,C:\Users\YAN_SHU_YU\Desktop\Generative-CD\Q_GNCDM\results\weak_q_lambda_sweep\lq_0p05_ls_0p9_lb_0p2,C:\Users\YAN_SHU_YU\Desktop\Generative-CD\Q_GNCDM\results\weak_q_lambda_sweep\lq_0p05_ls_0p9_lb_0p2\seed_2026\noise_0.20\weak-q_lq_0p05_ls_0p9_lb_0p2\metrics.json
0.05,0.9,0.3,0.0,0.6425,0.6809286603807152,0.47818151518508734,0.6566666666666666,0.7001004464285714,0.46991759388168036,0.7666666666666667,0.5,0.017857142857142856,0.034482758620689655,0.5992818322981366,0.23333333333333334,0.0,1.0,57,1,56,0.6333272664835958,0.5956535691564734,0.21065749702128497,0.024652197307935268,0.01651281366745631,0.8035596347216404,success,C:\Users\YAN_SHU_YU\Desktop\Generative-CD\Q_GNCDM\results\weak_q_lambda_sweep\lq_0p05_ls_0p9_lb_0p3,C:\Users\YAN_SHU_YU\Desktop\Generative-CD\Q_GNCDM\results\weak_q_lambda_sweep\lq_0p05_ls_0p9_lb_0p3\seed_2026\noise_0.20\weak-q_lq_0p05_ls_0p9_lb_0p3\metrics.json
0.05,0.9,0.4,0.0,0.6383333333333333,0.6814651529976873,0.4768845900759349,0.6533333333333333,0.6967522321428572,0.4708604179308323,0.7666666666666667,0.5,0.017857142857142856,0.034482758620689655,0.6034549689440993,0.23333333333333334,0.0,1.0,57,1,56,0.6358508856007548,0.5995374908953002,0.21259613041624878,0.02216340403890971,0.014341315748452238,0.823360385316791,success,C:\Users\YAN_SHU_YU\Desktop\Generative-CD\Q_GNCDM\results\weak_q_lambda_sweep\lq_0p05_ls_0p9_lb_0p4,C:\Users\YAN_SHU_YU\Desktop\Generative-CD\Q_GNCDM\results\weak_q_lambda_sweep\lq_0p05_ls_0p9_lb_0p4\seed_2026\noise_0.20\weak-q_lq_0p05_ls_0p9_lb_0p4\metrics.json
0.05,0.9,0.5,0.0,0.6383333333333333,0.6815040695605765,0.47658729599117844,0.655,0.6951897321428572,0.471158805289167,0.7666666666666667,0.5,0.017857142857142856,0.034482758620689655,0.6146156832298137,0.23333333333333334,0.0,1.0,57,1,56,0.6385605416514657,0.60329187819452,0.21393214662869772,0.020136355902209427,0.012898680584674532,0.8392071118860533,success,C:\Users\YAN_SHU_YU\Desktop\Generative-CD\Q_GNCDM\results\weak_q_lambda_sweep\lq_0p05_ls_0p9_lb_0p5,C:\Users\YAN_SHU_YU\Desktop\Generative-CD\Q_GNCDM\results\weak_q_lambda_sweep\lq_0p05_ls_0p9_lb_0p5\seed_2026\noise_0.20\weak-q_lq_0p05_ls_0p9_lb_0p5\metrics.json
0.05,0.9,0.6,0.0,0.6383333333333333,0.6797000088952143,0.4763398760110028,0.6483333333333333,0.6913616071428572,0.4715321746443165,0.7625,0.0,0.0,0.0,0.6285908385093167,0.2375,0.0,1.0,58,1,57,0.6457806617924662,0.6124907397862637,0.21432601208939697,0.016701649084235683,0.012570222924378786,0.8663868100354166,success,C:\Users\YAN_SHU_YU\Desktop\Generative-CD\Q_GNCDM\results\weak_q_lambda_sweep\lq_0p05_ls_0p9_lb_0p6,C:\Users\YAN_SHU_YU\Desktop\Generative-CD\Q_GNCDM\results\weak_q_lambda_sweep\lq_0p05_ls_0p9_lb_0p6\seed_2026\noise_0.20\weak-q_lq_0p05_ls_0p9_lb_0p6\metrics.json
0.05,0.9,0.7,0.0,0.64,0.6852567381248887,0.47504002304218296,0.65,0.6621651785714286,0.4789006937382896,0.7666666666666667,0.0,0.0,0.0,0.6782802795031055,0.23333333333333334,0.0,1.0,57,0,57,0.6748437890500734,0.6445288170467723,0.21484993623964715,0.012393650627045921,0.012025992527152553,0.9008507845979749,success,C:\Users\YAN_SHU_YU\Desktop\Generative-CD\Q_GNCDM\results\weak_q_lambda_sweep\lq_0p05_ls_0p9_lb_0p7,C:\Users\YAN_SHU_YU\Desktop\Generative-CD\Q_GNCDM\results\weak_q_lambda_sweep\lq_0p05_ls_0p9_lb_0p7\seed_2026\noise_0.20\weak-q_lq_0p05_ls_0p9_lb_0p7\metrics.json
0.05,0.9,0.8,0.0,0.6425,0.6837389921722115,0.47406301689030317,0.6616666666666666,0.6873325892857143,0.4730899888905544,0.7666666666666667,0.0,0.0,0.0,0.639169254658385,0.23333333333333334,0.0,1.0,57,0,57,0.6545085473494097,0.6257496801289645,0.21642445321335937,0.010990085545927286,0.010058214351760618,0.9120793134877176,success,C:\Users\YAN_SHU_YU\Desktop\Generative-CD\Q_GNCDM\results\weak_q_lambda_sweep\lq_0p05_ls_0p9_lb_0p8,C:\Users\YAN_SHU_YU\Desktop\Generative-CD\Q_GNCDM\results\weak_q_lambda_sweep\lq_0p05_ls_0p9_lb_0p8\seed_2026\noise_0.20\weak-q_lq_0p05_ls_0p9_lb_0p8\metrics.json
0.05,0.9,0.9,0.0,0.6433333333333333,0.6856514632627646,0.47347405190436215,0.6633333333333333,0.683828125,0.47384004452338696,0.7666666666666667,0.0,0.0,0.0,0.6351902173913044,0.23333333333333334,0.0,1.0,57,0,57,0.6580329203244412,0.6312675412857172,0.21791188780105475,0.00904404583641074,0.008589048700576479,0.9276476303736368,success,C:\Users\YAN_SHU_YU\Desktop\Generative-CD\Q_GNCDM\results\weak_q_lambda_sweep\lq_0p05_ls_0p9_lb_0p9,C:\Users\YAN_SHU_YU\Desktop\Generative-CD\Q_GNCDM\results\weak_q_lambda_sweep\lq_0p05_ls_0p9_lb_0p9\seed_2026\noise_0.20\weak-q_lq_0p05_ls_0p9_lb_0p9\metrics.json
0.1,0.05,0.05,0.0,0.6216666666666667,0.6817375689379115,0.4931796716899008,0.625,0.6872433035714285,0.49344784359013005,0.8875,0.8536585365853658,0.625,0.7216494845360825,0.9346855590062112,0.1125,0.0,0.6666666666666666,25,3,22,0.4655424171324932,0.4368204668615804,0.16050906005230817,0.19767096277439233,0.055749869143421,0.0,success,C:\Users\YAN_SHU_YU\Desktop\Generative-CD\Q_GNCDM\results\weak_q_lambda_sweep\lq_0p1_ls_0p05_lb_0p05,C:\Users\YAN_SHU_YU\Desktop\Generative-CD\Q_GNCDM\results\weak_q_lambda_sweep\lq_0p1_ls_0p05_lb_0p05\seed_2026\noise_0.20\weak-q_lq_0p1_ls_0p05_lb_0p05\metrics.json
0.1,0.05,0.1,0.0,0.6216666666666667,0.6818431996086106,0.4941885646078863,0.6266666666666667,0.6873437500000001,0.49398943419515484,0.8916666666666667,0.875,0.625,0.7291666666666666,0.9386645962732919,0.10833333333333334,0.0,0.6666666666666666,26,3,23,0.45967816313107807,0.4286391545425762,0.16692849090605072,0.1898518561413794,0.04853561159336206,0.0,success,C:\Users\YAN_SHU_YU\Desktop\Generative-CD\Q_GNCDM\results\weak_q_lambda_sweep\lq_0p1_ls_0p05_lb_0p1,C:\Users\YAN_SHU_YU\Desktop\Generative-CD\Q_GNCDM\results\weak_q_lambda_sweep\lq_0p1_ls_0p05_lb_0p1\seed_2026\noise_0.20\weak-q_lq_0p1_ls_0p05_lb_0p1\metrics.json
0.1,0.05,0.2,0.0,0.63,0.6835805461661627,0.4924128077135923,0.6233333333333333,0.6911607142857144,0.4883677815527667,0.9,0.8809523809523809,0.6607142857142857,0.7551020408163265,0.9557453416149069,0.1,0.0,0.6666666666666666,23,3,20,0.46996896691394574,0.4345486552426309,0.16959466604572354,0.19080232241840073,0.044603634174122955,0.0,success,C:\Users\YAN_SHU_YU\Desktop\Generative-CD\Q_GNCDM\results\weak_q_lambda_sweep\lq_0p1_ls_0p05_lb_0p2,C:\Users\YAN_SHU_YU\Desktop\Generative-CD\Q_GNCDM\results\weak_q_lambda_sweep\lq_0p1_ls_0p05_lb_0p2\seed_2026\noise_0.20\weak-q_lq_0p1_ls_0p05_lb_0p2\metrics.json
0.1,0.05,0.3,0.0,0.6366666666666667,0.6903853851627823,0.4854856262101434,0.6333333333333333,0.6937723214285715,0.48756288204972154,0.9125,0.8723404255319149,0.7321428571428571,0.7961165048543689,0.9620535714285714,0.0875,0.0,0.5,18,2,16,0.49744480125831836,0.45514604584737256,0.16063072329217737,0.20893265916542572,0.0526301661562739,0.0,success,C:\Users\YAN_SHU_YU\Desktop\Generative-CD\Q_GNCDM\results\weak_q_lambda_sweep\lq_0p1_ls_0p05_lb_0p3,C:\Users\YAN_SHU_YU\Desktop\Generative-CD\Q_GNCDM\results\weak_q_lambda_sweep\lq_0p1_ls_0p05_lb_0p3\seed_2026\noise_0.20\weak-q_lq_0p1_ls_0p05_lb_0p3\metrics.json
0.1,0.05,0.4,0.0,0.635,0.6815513253869419,0.49192070368596097,0.645,0.6969084821428572,0.4903313948246161,0.925,0.9318181818181818,0.7321428571428571,0.82,0.9715644409937888,0.075,0.0,0.5,15,0,15,0.47407995345014514,0.4321584529948957,0.174210939895023,0.19164586879990317,0.03729527929063999,0.0,success,C:\Users\YAN_SHU_YU\Desktop\Generative-CD\Q_GNCDM\results\weak_q_lambda_sweep\lq_0p1_ls_0p05_lb_0p4,C:\Users\YAN_SHU_YU\Desktop\Generative-CD\Q_GNCDM\results\weak_q_lambda_sweep\lq_0p1_ls_0p05_lb_0p4\seed_2026\noise_0.20\weak-q_lq_0p1_ls_0p05_lb_0p4\metrics.json
0.1,0.05,0.5,0.0,0.6333333333333333,0.6811871775484789,0.49252316207000496,0.64,0.7005580357142858,0.4886376291710246,0.9333333333333333,0.9347826086956522,0.7678571428571429,0.8431372549019608,0.9743788819875776,0.06666666666666667,0.0,0.5,12,0,12,0.47572166721026105,0.4329881342974576,0.18032260803562222,0.19791929333498984,0.029610618328054745,0.0,success,C:\Users\YAN_SHU_YU\Desktop\Generative-CD\Q_GNCDM\results\weak_q_lambda_sweep\lq_0p1_ls_0p05_lb_0p5,C:\Users\YAN_SHU_YU\Desktop\Generative-CD\Q_GNCDM\results\weak_q_lambda_sweep\lq_0p1_ls_0p05_lb_0p5\seed_2026\noise_0.20\weak-q_lq_0p1_ls_0p05_lb_0p5\metrics.json
0.1,0.05,0.6,0.0,0.6358333333333334,0.6819655088062622,0.4922069023086055,0.655,0.7020424107142857,0.4864221306459707,0.9416666666666667,0.9375,0.8035714285714286,0.8653846153846154,0.9756405279503105,0.058333333333333334,0.0,0.5,10,1,9,0.4781745703834476,0.4368254415916674,0.187772838455258,0.20826048223358212,0.020264707110596424,0.0,success,C:\Users\YAN_SHU_YU\Desktop\Generative-CD\Q_GNCDM\results\weak_q_lambda_sweep\lq_0p1_ls_0p05_lb_0p6,C:\Users\YAN_SHU_YU\Desktop\Generative-CD\Q_GNCDM\results\weak_q_lambda_sweep\lq_0p1_ls_0p05_lb_0p6\seed_2026\noise_0.20\weak-q_lq_0p1_ls_0p05_lb_0p6\metrics.json
0.1,0.05,0.7,0.0,0.6375,0.6894458281444583,0.48373940899128814,0.64,0.690345982142857,0.4877705634531868,0.9541666666666667,0.9090909090909091,0.8928571428571429,0.9009009009009009,0.968264751552795,0.04583333333333333,0.0,0.16666666666666666,3,0,3,0.5157175714319403,0.4683790902296702,0.1815162127216657,0.23545008513963583,0.02487765568675417,0.0,success,C:\Users\YAN_SHU_YU\Desktop\Generative-CD\Q_GNCDM\results\weak_q_lambda_sweep\lq_0p1_ls_0p05_lb_0p7,C:\Users\YAN_SHU_YU\Desktop\Generative-CD\Q_GNCDM\results\weak_q_lambda_sweep\lq_0p1_ls_0p05_lb_0p7\seed_2026\noise_0.20\weak-q_lq_0p1_ls_0p05_lb_0p7\metrics.json
0.1,0.05,0.8,0.0,0.6408333333333334,0.6856931595801459,0.4897146511507179,0.645,0.6910602678571429,0.491809294594222,0.9458333333333333,0.9056603773584906,0.8571428571428571,0.8807339449541285,0.9739906832298136,0.05416666666666667,0.2,0.16666666666666666,7,1,6,0.48146009851585736,0.44238401272080163,0.19514170559969815,0.22345961856119562,0.010486171453852545,0.0,success,C:\Users\YAN_SHU_YU\Desktop\Generative-CD\Q_GNCDM\results\weak_q_lambda_sweep\lq_0p1_ls_0p05_lb_0p8,C:\Users\YAN_SHU_YU\Desktop\Generative-CD\Q_GNCDM\results\weak_q_lambda_sweep\lq_0p1_ls_0p05_lb_0p8\seed_2026\noise_0.20\weak-q_lq_0p1_ls_0p05_lb_0p8\metrics.json
0.1,0.05,0.9,0.0,0.6325,0.6865076276463262,0.48553974330388,0.64,0.6848883928571429,0.48946583858684034,0.9541666666666667,0.9090909090909091,0.8928571428571429,0.9009009009009009,0.9677795031055901,0.04583333333333333,0.0,0.16666666666666666,2,0,2,0.5112571522141948,0.4677852270278064,0.1908078814546267,0.2358235071102778,0.013999959298719963,0.0,success,C:\Users\YAN_SHU_YU\Desktop\Generative-CD\Q_GNCDM\results\weak_q_lambda_sweep\lq_0p1_ls_0p05_lb_0p9,C:\Users\YAN_SHU_YU\Desktop\Generative-CD\Q_GNCDM\results\weak_q_lambda_sweep\lq_0p1_ls_0p05_lb_0p9\seed_2026\noise_0.20\weak-q_lq_0p1_ls_0p05_lb_0p9\metrics.json
0.1,0.1,0.05,0.0,0.6316666666666667,0.6857070583526064,0.4799421895652728,0.625,0.6818080357142857,0.48817692292002246,0.8708333333333333,0.8571428571428571,0.5357142857142857,0.6593406593406593,0.9125582298136646,0.12916666666666668,0.0,0.6666666666666666,27,3,24,0.5336373994747797,0.49493010116345953,0.13183674983906024,0.2110834178147894,0.08830553891532349,0.0,success,C:\Users\YAN_SHU_YU\Desktop\Generative-CD\Q_GNCDM\results\weak_q_lambda_sweep\lq_0p1_ls_0p1_lb_0p05,C:\Users\YAN_SHU_YU\Desktop\Generative-CD\Q_GNCDM\results\weak_q_lambda_sweep\lq_0p1_ls_0p1_lb_0p05\seed_2026\noise_0.20\weak-q_lq_0p1_ls_0p1_lb_0p05\metrics.json
0.1,0.1,0.1,0.0,0.6266666666666667,0.6845145436755026,0.48207717354604673,0.6283333333333333,0.6826785714285712,0.4895853050188035,0.875,0.8611111111111112,0.5535714285714286,0.6739130434782609,0.9171195652173914,0.125,0.0,0.6666666666666666,27,3,24,0.525581058679205,0.4836113005876541,0.14033310747507846,0.20079587670889767,0.07856856467145862,0.0,success,C:\Users\YAN_SHU_YU\Desktop\Generative-CD\Q_GNCDM\results\weak_q_lambda_sweep\lq_0p1_ls_0p1_lb_0p1,C:\Users\YAN_SHU_YU\Desktop\Generative-CD\Q_GNCDM\results\weak_q_lambda_sweep\lq_0p1_ls_0p1_lb_0p1\seed_2026\noise_0.20\weak-q_lq_0p1_ls_0p1_lb_0p1\metrics.json
0.1,0.1,0.2,0.0,0.6325,0.6827382805550615,0.4853259371258848,0.63,0.6836160714285715,0.49067229407073326,0.8791666666666667,0.8648648648648649,0.5714285714285714,0.6881720430107527,0.9240100931677019,0.12083333333333333,0.0,0.6666666666666666,27,3,24,0.5137948732484471,0.467024490237236,0.15079098849585562,0.18335790683825812,0.06677749019229051,3.700879420703683e-05,success,C:\Users\YAN_SHU_YU\Desktop\Generative-CD\Q_GNCDM\results\weak_q_lambda_sweep\lq_0p1_ls_0p1_lb_0p2,C:\Users\YAN_SHU_YU\Desktop\Generative-CD\Q_GNCDM\results\weak_q_lambda_sweep\lq_0p1_ls_0p1_lb_0p2\seed_2026\noise_0.20\weak-q_lq_0p1_ls_0p1_lb_0p2\metrics.json
0.1,0.1,0.3,0.0,0.6208333333333333,0.6808035714285715,0.48744782952797727,0.6266666666666667,0.6831473214285713,0.49029112535997044,0.8791666666666667,0.9090909090909091,0.5357142857142857,0.6741573033707865,0.9143051242236024,0.12083333333333333,0.0,0.6666666666666666,30,2,28,0.509044885635376,0.4584874135978294,0.15642520288626352,0.1653366872307026,0.06127093145341584,0.004152023572136055,success,C:\Users\YAN_SHU_YU\Desktop\Generative-CD\Q_GNCDM\results\weak_q_lambda_sweep\lq_0p1_ls_0p1_lb_0p3,C:\Users\YAN_SHU_YU\Desktop\Generative-CD\Q_GNCDM\results\weak_q_lambda_sweep\lq_0p1_ls_0p1_lb_0p3\seed_2026\noise_0.20\weak-q_lq_0p1_ls_0p1_lb_0p3\metrics.json
0.1,0.1,0.4,0.0,0.6183333333333333,0.6804922389254582,0.48846593108471836,0.6233333333333333,0.6806919642857143,0.49176896323277886,0.8541666666666666,0.92,0.4107142857142857,0.5679012345679012,0.890916149068323,0.14583333333333334,0.0,0.8333333333333334,32,1,31,0.5088070996782996,0.45513852482492273,0.16139257766983725,0.14716910096732053,0.05703101685327111,0.017110495037879005,success,C:\Users\YAN_SHU_YU\Desktop\Generative-CD\Q_GNCDM\results\weak_q_lambda_sweep\lq_0p1_ls_0p1_lb_0p4,C:\Users\YAN_SHU_YU\Desktop\Generative-CD\Q_GNCDM\results\weak_q_lambda_sweep\lq_0p1_ls_0p1_lb_0p4\seed_2026\noise_0.20\weak-q_lq_0p1_ls_0p1_lb_0p4\metrics.json
0.1,0.1,0.5,0.0,0.6258333333333334,0.6828049946628714,0.48377019368779095,0.64,0.6867633928571429,0.4870186213503602,0.8291666666666667,0.9411764705882353,0.2857142857142857,0.4383561643835616,0.8492818322981366,0.17083333333333334,0.0,0.8333333333333334,36,0,36,0.5307279509125333,0.47453285347331653,0.16597491096366535,0.12646024719332205,0.053903155311039,0.047781995412978256,success,C:\Users\YAN_SHU_YU\Desktop\Generative-CD\Q_GNCDM\results\weak_q_lambda_sweep\lq_0p1_ls_0p1_lb_0p5,C:\Users\YAN_SHU_YU\Desktop\Generative-CD\Q_GNCDM\results\weak_q_lambda_sweep\lq_0p1_ls_0p1_lb_0p5\seed_2026\noise_0.20\weak-q_lq_0p1_ls_0p1_lb_0p5\metrics.json
0.1,0.1,0.6,0.0,0.6425,0.6967343444227007,0.47009130023421775,0.6316666666666667,0.681875,0.480847943076565,0.8083333333333333,0.9166666666666666,0.19642857142857142,0.3235294117647059,0.7848408385093169,0.19166666666666668,0.0,0.8333333333333334,43,0,43,0.6155573156746951,0.5522091501589977,0.16381558459816556,0.11523760877775424,0.0590714080767198,0.1309599835764278,success,C:\Users\YAN_SHU_YU\Desktop\Generative-CD\Q_GNCDM\results\weak_q_lambda_sweep\lq_0p1_ls_0p1_lb_0p6,C:\Users\YAN_SHU_YU\Desktop\Generative-CD\Q_GNCDM\results\weak_q_lambda_sweep\lq_0p1_ls_0p1_lb_0p6\seed_2026\noise_0.20\weak-q_lq_0p1_ls_0p1_lb_0p6\metrics.json
0.1,0.1,0.7,0.0,0.6433333333333333,0.6952179883472692,0.47041082494678543,0.6133333333333333,0.6814843750000001,0.4759623014535035,0.8125,0.9230769230769231,0.21428571428571427,0.34782608695652173,0.7562111801242236,0.1875,0.0,0.8333333333333334,43,0,43,0.6131482964212244,0.5507137490944429,0.17315570919802695,0.10786149616945874,0.04904689120523857,0.18524499440735037,success,C:\Users\YAN_SHU_YU\Desktop\Generative-CD\Q_GNCDM\results\weak_q_lambda_sweep\lq_0p1_ls_0p1_lb_0p7,C:\Users\YAN_SHU_YU\Desktop\Generative-CD\Q_GNCDM\results\weak_q_lambda_sweep\lq_0p1_ls_0p1_lb_0p7\seed_2026\noise_0.20\weak-q_lq_0p1_ls_0p1_lb_0p7\metrics.json
0.1,0.1,0.8,0.0,0.6291666666666667,0.6813011474826544,0.484904635297667,0.635,0.6880580357142856,0.4824223427811356,0.8375,0.9473684210526315,0.32142857142857145,0.48,0.8351125776397514,0.1625,0.0,0.8333333333333334,36,0,36,0.5435646266648264,0.48661481792276556,0.1847447520404151,0.1146994044609142,0.03375674744672848,0.15958485368526343,success,C:\Users\YAN_SHU_YU\Desktop\Generative-CD\Q_GNCDM\results\weak_q_lambda_sweep\lq_0p1_ls_0p1_lb_0p8,C:\Users\YAN_SHU_YU\Desktop\Generative-CD\Q_GNCDM\results\weak_q_lambda_sweep\lq_0p1_ls_0p1_lb_0p8\seed_2026\noise_0.20\weak-q_lq_0p1_ls_0p1_lb_0p8\metrics.json
0.1,0.1,0.9,0.0,0.6175,0.6678888320583526,0.4956727085418497,0.6466666666666666,0.6878013392857143,0.486418493372763,0.8666666666666667,0.9285714285714286,0.4642857142857143,0.6190476190476191,0.8858210403726708,0.13333333333333333,0.0,0.6666666666666666,28,0,28,0.5130680221499819,0.45652704934279126,0.18870828752264832,0.13504156131636014,0.026851095174523918,0.11787089863509843,success,C:\Users\YAN_SHU_YU\Desktop\Generative-CD\Q_GNCDM\results\weak_q_lambda_sweep\lq_0p1_ls_0p1_lb_0p9,C:\Users\YAN_SHU_YU\Desktop\Generative-CD\Q_GNCDM\results\weak_q_lambda_sweep\lq_0p1_ls_0p1_lb_0p9\seed_2026\noise_0.20\weak-q_lq_0p1_ls_0p1_lb_0p9\metrics.json
0.1,0.2,0.05,0.0,0.6391666666666667,0.6900962906956059,0.47732047165385627,0.63,0.6798102678571428,0.4869883077950984,0.8208333333333333,0.8421052631578947,0.2857142857142857,0.4266666666666667,0.8917895962732918,0.17916666666666667,0.0,0.8333333333333334,37,2,35,0.5444221957163378,0.49449232536734955,0.14094786300803674,0.15896761439966434,0.08083123476667838,0.005144647068598054,success,C:\Users\YAN_SHU_YU\Desktop\Generative-CD\Q_GNCDM\results\weak_q_lambda_sweep\lq_0p1_ls_0p2_lb_0p05,C:\Users\YAN_SHU_YU\Desktop\Generative-CD\Q_GNCDM\results\weak_q_lambda_sweep\lq_0p1_ls_0p2_lb_0p05\seed_2026\noise_0.20\weak-q_lq_0p1_ls_0p2_lb_0p05\metrics.json
0.1,0.2,0.1,0.0,0.64,0.690705056929372,0.47706172102145494,0.635,0.6811718750000001,0.4872703310174623,0.8208333333333333,0.8421052631578947,0.2857142857142857,0.4266666666666667,0.891983695652174,0.17916666666666667,0.0,0.8333333333333334,38,2,36,0.5424177497625351,0.4901056569634062,0.14556239929163095,0.15083346583626486,0.0758915686923446,0.011965974897259113,success,C:\Users\YAN_SHU_YU\Desktop\Generative-CD\Q_GNCDM\results\weak_q_lambda_sweep\lq_0p1_ls_0p2_lb_0p1,C:\Users\YAN_SHU_YU\Desktop\Generative-CD\Q_GNCDM\results\weak_q_lambda_sweep\lq_0p1_ls_0p2_lb_0p1\seed_2026\noise_0.20\weak-q_lq_0p1_ls_0p2_lb_0p1\metrics.json
0.1,0.2,0.2,0.0,0.6408333333333334,0.691141478384629,0.4751834765318233,0.6316666666666667,0.6843861607142857,0.48529134571852117,0.8208333333333333,0.9333333333333333,0.25,0.39436619718309857,0.8988742236024845,0.17916666666666667,0.0,1.0,39,1,38,0.5403843196955594,0.48566720160571014,0.15336196101976163,0.12929865875930496,0.0676059652910088,0.05519194076910163,success,C:\Users\YAN_SHU_YU\Desktop\Generative-CD\Q_GNCDM\results\weak_q_lambda_sweep\lq_0p1_ls_0p2_lb_0p2,C:\Users\YAN_SHU_YU\Desktop\Generative-CD\Q_GNCDM\results\weak_q_lambda_sweep\lq_0p1_ls_0p2_lb_0p2\seed_2026\noise_0.20\weak-q_lq_0p1_ls_0p2_lb_0p2\metrics.json
0.1,0.2,0.3,0.0,0.6341666666666667,0.6865437644547233,0.4792970201319846,0.64,0.6870312500000001,0.4902471106682903,0.8083333333333333,0.9166666666666666,0.19642857142857142,0.3235294117647059,0.8616071428571429,0.19166666666666668,0.0,1.0,42,1,41,0.5407539145513014,0.48540888817021344,0.16376188284519946,0.10736720918705969,0.05831798990115975,0.1581845719254378,success,C:\Users\YAN_SHU_YU\Desktop\Generative-CD\Q_GNCDM\results\weak_q_lambda_sweep\lq_0p1_ls_0p2_lb_0p3,C:\Users\YAN_SHU_YU\Desktop\Generative-CD\Q_GNCDM\results\weak_q_lambda_sweep\lq_0p1_ls_0p2_lb_0p3\seed_2026\noise_0.20\weak-q_lq_0p1_ls_0p2_lb_0p3\metrics.json
0.1,0.2,0.4,0.0,0.6341666666666667,0.6842643657712151,0.48404656012782865,0.6433333333333333,0.6907254464285715,0.48133920896539845,0.7958333333333333,0.8888888888888888,0.14285714285714285,0.24615384615384617,0.7829968944099379,0.20416666666666666,0.0,1.0,48,1,47,0.5653158805587075,0.5130704424598,0.17675576652541306,0.07965525476769968,0.04659703007024346,0.37129345987782336,success,C:\Users\YAN_SHU_YU\Desktop\Generative-CD\Q_GNCDM\results\weak_q_lambda_sweep\lq_0p1_ls_0p2_lb_0p4,C:\Users\YAN_SHU_YU\Desktop\Generative-CD\Q_GNCDM\results\weak_q_lambda_sweep\lq_0p1_ls_0p2_lb_0p4\seed_2026\noise_0.20\weak-q_lq_0p1_ls_0p2_lb_0p4\metrics.json
0.1,0.2,0.5,0.0,0.6375,0.6914694894146949,0.47225899982719116,0.635,0.6782924107142856,0.47758613643584275,0.7666666666666667,0.0,0.0,0.0,0.6758540372670808,0.23333333333333334,0.0,1.0,55,0,55,0.6568190897956039,0.6042241490248478,0.18042187708796878,0.05663166657993288,0.0464528337346785,0.5469466619419329,success,C:\Users\YAN_SHU_YU\Desktop\Generative-CD\Q_GNCDM\results\weak_q_lambda_sweep\lq_0p1_ls_0p2_lb_0p5,C:\Users\YAN_SHU_YU\Desktop\Generative-CD\Q_GNCDM\results\weak_q_lambda_sweep\lq_0p1_ls_0p2_lb_0p5\seed_2026\noise_0.20\weak-q_lq_0p1_ls_0p2_lb_0p5\metrics.json
0.1,0.2,0.6,0.0,0.6208333333333333,0.6907606520192136,0.49561104988902727,0.64,0.6677008928571428,0.47838614163597915,0.7666666666666667,0.0,0.0,0.0,0.8108501552795031,0.23333333333333334,0.0,1.0,57,0,57,0.6883775158361956,0.636367549498876,0.18751680580052463,0.044880731934399315,0.04047023493683699,0.640954153104262,success,C:\Users\YAN_SHU_YU\Desktop\Generative-CD\Q_GNCDM\results\weak_q_lambda_sweep\lq_0p1_ls_0p2_lb_0p6,C:\Users\YAN_SHU_YU\Desktop\Generative-CD\Q_GNCDM\results\weak_q_lambda_sweep\lq_0p1_ls_0p2_lb_0p6\seed_2026\noise_0.20\weak-q_lq_0p1_ls_0p2_lb_0p6\metrics.json
0.1,0.2,0.7,0.0,0.61,0.689472235812133,0.49680520753007,0.6283333333333333,0.663359375,0.48005583635193694,0.7666666666666667,0.0,0.0,0.0,0.8220108695652174,0.23333333333333334,0.0,1.0,57,0,57,0.6916510381481864,0.6433590686682499,0.19656339919928348,0.03391068349733497,0.031219288960776546,0.728714546470931,success,C:\Users\YAN_SHU_YU\Desktop\Generative-CD\Q_GNCDM\results\weak_q_lambda_sweep\lq_0p1_ls_0p2_lb_0p7,C:\Users\YAN_SHU_YU\Desktop\Generative-CD\Q_GNCDM\results\weak_q_lambda_sweep\lq_0p1_ls_0p2_lb_0p7\seed_2026\noise_0.20\weak-q_lq_0p1_ls_0p2_lb_0p7\metrics.json
0.1,0.2,0.8,0.0,0.5775,0.6876695650240171,0.4975424098936148,0.625,0.6599441964285714,0.48093082064708864,0.7666666666666667,0.0,0.0,0.0,0.8279309006211181,0.23333333333333334,0.0,1.0,57,0,57,0.693251087810054,0.6474996868408087,0.20244830079150922,0.026942897700902187,0.025147487381190964,0.7844568165865812,success,C:\Users\YAN_SHU_YU\Desktop\Generative-CD\Q_GNCDM\results\weak_q_lambda_sweep\lq_0p1_ls_0p2_lb_0p8,C:\Users\YAN_SHU_YU\Desktop\Generative-CD\Q_GNCDM\results\weak_q_lambda_sweep\lq_0p1_ls_0p2_lb_0p8\seed_2026\noise_0.20\weak-q_lq_0p1_ls_0p2_lb_0p8\metrics.json
0.1,0.2,0.9,0.0,0.6433333333333333,0.6883283668386408,0.49785782132048045,0.625,0.6590959821428571,0.48107660551051173,0.7666666666666667,0.0,0.0,0.0,0.7564052795031055,0.23333333333333334,0.0,1.0,57,0,57,0.693088993881688,0.6496398638595234,0.20695174395134955,0.021714567037468605,0.0204567045086261,0.8262834666353284,success,C:\Users\YAN_SHU_YU\Desktop\Generative-CD\Q_GNCDM\results\weak_q_lambda_sweep\lq_0p1_ls_0p2_lb_0p9,C:\Users\YAN_SHU_YU\Desktop\Generative-CD\Q_GNCDM\results\weak_q_lambda_sweep\lq_0p1_ls_0p2_lb_0p9\seed_2026\noise_0.20\weak-q_lq_0p1_ls_0p2_lb_0p9\metrics.json
0.1,0.3,0.05,0.0,0.6433333333333333,0.6927620752535136,0.47410580836301547,0.645,0.6789285714285714,0.4853143155580035,0.7875,0.7777777777777778,0.125,0.2153846153846154,0.875,0.2125,0.0,1.0,45,2,43,0.5583221180872484,0.5024917455333652,0.15221686435468268,0.1235402688158281,0.07093202762983063,0.0997113532414942,success,C:\Users\YAN_SHU_YU\Desktop\Generative-CD\Q_GNCDM\results\weak_q_lambda_sweep\lq_0p1_ls_0p3_lb_0p05,C:\Users\YAN_SHU_YU\Desktop\Generative-CD\Q_GNCDM\results\weak_q_lambda_sweep\lq_0p1_ls_0p3_lb_0p05\seed_2026\noise_0.20\weak-q_lq_0p1_ls_0p3_lb_0p05\metrics.json
0.1,0.3,0.1,0.0,0.6458333333333334,0.6916084771392991,0.4742121921002034,0.6416666666666667,0.6837611607142857,0.4818519644426209,0.7916666666666666,0.875,0.125,0.21875,0.8750970496894409,0.20833333333333334,0.0,1.0,44,1,43,0.568314178423448,0.5119950739723264,0.1549753914728309,0.1133943699074514,0.06803257537610603,0.14499816704880109,success,C:\Users\YAN_SHU_YU\Desktop\Generative-CD\Q_GNCDM\results\weak_q_lambda_sweep\lq_0p1_ls_0p3_lb_0p1,C:\Users\YAN_SHU_YU\Desktop\Generative-CD\Q_GNCDM\results\weak_q_lambda_sweep\lq_0p1_ls_0p3_lb_0p1\seed_2026\noise_0.20\weak-q_lq_0p1_ls_0p3_lb_0p1\metrics.json
0.1,0.3,0.2,0.0,0.64,0.6864270147660558,0.4782215228711134,0.6383333333333333,0.6856696428571429,0.49072698921876234,0.7958333333333333,0.8888888888888888,0.14285714285714285,0.24615384615384617,0.8476319875776398,0.20416666666666666,0.0,1.0,49,1,48,0.5506692325527017,0.4946446725816438,0.16859640903545148,0.09448931083986253,0.054090581834316254,0.2712842302792,success,C:\Users\YAN_SHU_YU\Desktop\Generative-CD\Q_GNCDM\results\weak_q_lambda_sweep\lq_0p1_ls_0p3_lb_0p2,C:\Users\YAN_SHU_YU\Desktop\Generative-CD\Q_GNCDM\results\weak_q_lambda_sweep\lq_0p1_ls_0p3_lb_0p2\seed_2026\noise_0.20\weak-q_lq_0p1_ls_0p3_lb_0p2\metrics.json
0.1,0.3,0.3,0.0,0.645,0.6893846735456324,0.4746464680139541,0.64,0.6843080357142857,0.484144566057715,0.7791666666666667,1.0,0.05357142857142857,0.1016949152542373,0.8018245341614907,0.22083333333333333,0.0,1.0,53,0,53,0.6076776231780197,0.5534671806927883,0.17450008699388214,0.07210899528228876,0.05042580289371086,0.43182331730018964,success,C:\Users\YAN_SHU_YU\Desktop\Generative-CD\Q_GNCDM\results\weak_q_lambda_sweep\lq_0p1_ls_0p3_lb_0p3,C:\Users\YAN_SHU_YU\Desktop\Generative-CD\Q_GNCDM\results\weak_q_lambda_sweep\lq_0p1_ls_0p3_lb_0p3\seed_2026\noise_0.20\weak-q_lq_0p1_ls_0p3_lb_0p3\metrics.json
0.1,0.3,0.4,0.0,0.6425,0.6878752668564312,0.4762314839616109,0.6316666666666667,0.6751674107142857,0.48355168981410535,0.7791666666666667,1.0,0.05357142857142857,0.1016949152542373,0.7518439440993788,0.22083333333333333,0.0,1.0,54,0,54,0.6016609844836321,0.5518390811753996,0.18806913472486264,0.0537987303440318,0.03718842187839927,0.5773212069814856,success,C:\Users\YAN_SHU_YU\Desktop\Generative-CD\Q_GNCDM\results\weak_q_lambda_sweep\lq_0p1_ls_0p3_lb_0p4,C:\Users\YAN_SHU_YU\Desktop\Generative-CD\Q_GNCDM\results\weak_q_lambda_sweep\lq_0p1_ls_0p3_lb_0p4\seed_2026\noise_0.20\weak-q_lq_0p1_ls_0p3_lb_0p4\metrics.json
0.1,0.3,0.5,0.0,0.6391666666666667,0.6828911670521258,0.47651210192530025,0.6416666666666667,0.6822767857142857,0.47666508556461146,0.7708333333333334,1.0,0.017857142857142856,0.03508771929824561,0.6960403726708074,0.22916666666666666,0.0,1.0,55,0,55,0.6388080111055663,0.5927207153854948,0.19649003942807516,0.03826989775354212,0.029914650106520363,0.6985296932133761,success,C:\Users\YAN_SHU_YU\Desktop\Generative-CD\Q_GNCDM\results\weak_q_lambda_sweep\lq_0p1_ls_0p3_lb_0p5,C:\Users\YAN_SHU_YU\Desktop\Generative-CD\Q_GNCDM\results\weak_q_lambda_sweep\lq_0p1_ls_0p3_lb_0p5\seed_2026\noise_0.20\weak-q_lq_0p1_ls_0p3_lb_0p5\metrics.json
0.1,0.3,0.6,0.0,0.6358333333333334,0.6903019925280199,0.47609872601465353,0.6383333333333333,0.6748660714285715,0.4820361042549373,0.7666666666666667,0.0,0.0,0.0,0.6288819875776398,0.23333333333333334,0.0,1.0,57,0,57,0.6551205913225809,0.6128446857134501,0.20364291401523532,0.025721036151728847,0.023658833974464374,0.7942317191398505,success,C:\Users\YAN_SHU_YU\Desktop\Generative-CD\Q_GNCDM\results\weak_q_lambda_sweep\lq_0p1_ls_0p3_lb_0p6,C:\Users\YAN_SHU_YU\Desktop\Generative-CD\Q_GNCDM\results\weak_q_lambda_sweep\lq_0p1_ls_0p3_lb_0p6\seed_2026\noise_0.20\weak-q_lq_0p1_ls_0p3_lb_0p6\metrics.json
0.1,0.3,0.7,0.0,0.6308333333333334,0.6901101894680662,0.47607397579500166,0.64,0.6749218749999999,0.4822273473301828,0.7666666666666667,0.0,0.0,0.0,0.6137422360248447,0.23333333333333334,0.0,1.0,57,0,57,0.6561304267608759,0.6161657851753812,0.20848056651426083,0.02006369699357134,0.018710677794209034,0.839490429018483,success,C:\Users\YAN_SHU_YU\Desktop\Generative-CD\Q_GNCDM\results\weak_q_lambda_sweep\lq_0p1_ls_0p3_lb_0p7,C:\Users\YAN_SHU_YU\Desktop\Generative-CD\Q_GNCDM\results\weak_q_lambda_sweep\lq_0p1_ls_0p3_lb_0p7\seed_2026\noise_0.20\weak-q_lq_0p1_ls_0p3_lb_0p7\metrics.json
0.1,0.3,0.8,0.0,0.6291666666666667,0.6826965842376801,0.4757287505339652,0.6283333333333333,0.663046875,0.4795025683372033,0.7666666666666667,0.0,0.0,0.0,0.5966614906832297,0.23333333333333334,0.0,1.0,57,0,57,0.6819067118745862,0.6418670099793058,0.21015304462476211,0.01798637877359535,0.017035611510051018,0.8561089716174386,success,C:\Users\YAN_SHU_YU\Desktop\Generative-CD\Q_GNCDM\results\weak_q_lambda_sweep\lq_0p1_ls_0p3_lb_0p8,C:\Users\YAN_SHU_YU\Desktop\Generative-CD\Q_GNCDM\results\weak_q_lambda_sweep\lq_0p1_ls_0p3_lb_0p8\seed_2026\noise_0.20\weak-q_lq_0p1_ls_0p3_lb_0p8\metrics.json
0.1,0.3,0.9,0.0,0.6391666666666667,0.6832886719444938,0.4762555898831664,0.6266666666666667,0.6602790178571428,0.48047088333325316,0.7666666666666667,0.0,0.0,0.0,0.5648291925465839,0.23333333333333334,0.0,1.0,57,0,57,0.6833716829617819,0.6446935507384214,0.21274431523951617,0.015045947790371649,0.014322129473315947,0.879632420612104,success,C:\Users\YAN_SHU_YU\Desktop\Generative-CD\Q_GNCDM\results\weak_q_lambda_sweep\lq_0p1_ls_0p3_lb_0p9,C:\Users\YAN_SHU_YU\Desktop\Generative-CD\Q_GNCDM\results\weak_q_lambda_sweep\lq_0p1_ls_0p3_lb_0p9\seed_2026\noise_0.20\weak-q_lq_0p1_ls_0p3_lb_0p9\metrics.json
0.1,0.4,0.05,0.0,0.64,0.6872192447962995,0.4784413322039171,0.64,0.6850669642857142,0.4884856092713917,0.8,1.0,0.14285714285714285,0.25,0.8486995341614907,0.2,0.0,1.0,50,0,50,0.558507880026644,0.5020729140801863,0.16824056366176315,0.09215809698357727,0.05495332796691042,0.2834332558241757,success,C:\Users\YAN_SHU_YU\Desktop\Generative-CD\Q_GNCDM\results\weak_q_lambda_sweep\lq_0p1_ls_0p4_lb_0p05,C:\Users\YAN_SHU_YU\Desktop\Generative-CD\Q_GNCDM\results\weak_q_lambda_sweep\lq_0p1_ls_0p4_lb_0p05\seed_2026\noise_0.20\weak-q_lq_0p1_ls_0p4_lb_0p05\metrics.json
0.1,0.4,0.1,0.0,0.6433333333333333,0.6882060576409892,0.47733223674182274,0.6383333333333333,0.68609375,0.48759981307274497,0.7958333333333333,1.0,0.125,0.2222222222222222,0.8395768633540374,0.20416666666666666,0.0,1.0,50,0,50,0.5676866977503805,0.5111208964477886,0.17180538696773123,0.08552597598596053,0.05174872832316341,0.3361371033119433,success,C:\Users\YAN_SHU_YU\Desktop\Generative-CD\Q_GNCDM\results\weak_q_lambda_sweep\lq_0p1_ls_0p4_lb_0p1,C:\Users\YAN_SHU_YU\Desktop\Generative-CD\Q_GNCDM\results\weak_q_lambda_sweep\lq_0p1_ls_0p4_lb_0p1\seed_2026\noise_0.20\weak-q_lq_0p1_ls_0p4_lb_0p1\metrics.json
0.1,0.4,0.2,0.0,0.6466666666666666,0.6873804705568404,0.47596782263765947,0.6433333333333333,0.6867745535714285,0.482770775051031,0.7875,1.0,0.08928571428571429,0.16393442622950818,0.8034743788819875,0.2125,0.0,1.0,53,0,53,0.6142058756315347,0.5594400921554277,0.1770926436240023,0.06855052054831476,0.04818153974007477,0.4582887946656256,success,C:\Users\YAN_SHU_YU\Desktop\Generative-CD\Q_GNCDM\results\weak_q_lambda_sweep\lq_0p1_ls_0p4_lb_0p2,C:\Users\YAN_SHU_YU\Desktop\Generative-CD\Q_GNCDM\results\weak_q_lambda_sweep\lq_0p1_ls_0p4_lb_0p2\seed_2026\noise_0.20\weak-q_lq_0p1_ls_0p4_lb_0p2\metrics.json
0.1,0.4,0.3,0.0,0.6483333333333333,0.6871831079879025,0.47649859566992087,0.6533333333333333,0.6849330357142858,0.4777991645846512,0.7791666666666667,1.0,0.05357142857142857,0.1016949152542373,0.7531055900621119,0.22083333333333333,0.0,1.0,54,0,54,0.621128854878021,0.5693227120421149,0.18760850032170615,0.05398233596122626,0.03817452050068162,0.5741783651438627,success,C:\Users\YAN_SHU_YU\Desktop\Generative-CD\Q_GNCDM\results\weak_q_lambda_sweep\lq_0p1_ls_0p4_lb_0p3,C:\Users\YAN_SHU_YU\Desktop\Generative-CD\Q_GNCDM\results\weak_q_lambda_sweep\lq_0p1_ls_0p4_lb_0p3\seed_2026\noise_0.20\weak-q_lq_0p1_ls_0p4_lb_0p3\metrics.json
0.1,0.4,0.4,0.0,0.6441666666666667,0.6866910914428038,0.47528776773427456,0.64,0.6817857142857142,0.47763771144265993,0.7791666666666667,1.0,0.05357142857142857,0.1016949152542373,0.7099184782608695,0.22083333333333333,0.0,1.0,54,0,54,0.6266974562948401,0.578451385552233,0.1967305890990026,0.04229478498525692,0.029137731727325554,0.6675830402157523,success,C:\Users\YAN_SHU_YU\Desktop\Generative-CD\Q_GNCDM\results\weak_q_lambda_sweep\lq_0p1_ls_0p4_lb_0p4,C:\Users\YAN_SHU_YU\Desktop\Generative-CD\Q_GNCDM\results\weak_q_lambda_sweep\lq_0p1_ls_0p4_lb_0p4\seed_2026\noise_0.20\weak-q_lq_0p1_ls_0p4_lb_0p4\metrics.json
0.1,0.4,0.5,0.0,0.6383333333333333,0.6862268724426259,0.47429275936341164,0.6483333333333333,0.6788616071428571,0.47744173440332444,0.7708333333333334,1.0,0.017857142857142856,0.03508771929824561,0.6622670807453417,0.22916666666666666,0.0,1.0,56,0,56,0.646222042314934,0.6016863918665684,0.2025262083519589,0.030570333992893047,0.02410979453248508,0.758475023688692,success,C:\Users\YAN_SHU_YU\Desktop\Generative-CD\Q_GNCDM\results\weak_q_lambda_sweep\lq_0p1_ls_0p4_lb_0p5,C:\Users\YAN_SHU_YU\Desktop\Generative-CD\Q_GNCDM\results\weak_q_lambda_sweep\lq_0p1_ls_0p4_lb_0p5\seed_2026\noise_0.20\weak-q_lq_0p1_ls_0p4_lb_0p5\metrics.json
0.1,0.4,0.6,0.0,0.6316666666666667,0.6906828188934353,0.4759733101152803,0.65,0.6770368303571428,0.48138072895294864,0.7666666666666667,0.0,0.0,0.0,0.6274262422360248,0.23333333333333334,0.0,1.0,57,0,57,0.6563295785224799,0.6146407389279568,0.2067374943783789,0.02187129942643823,0.020444277730403526,0.8250296052658197,success,C:\Users\YAN_SHU_YU\Desktop\Generative-CD\Q_GNCDM\results\weak_q_lambda_sweep\lq_0p1_ls_0p4_lb_0p6,C:\Users\YAN_SHU_YU\Desktop\Generative-CD\Q_GNCDM\results\weak_q_lambda_sweep\lq_0p1_ls_0p4_lb_0p6\seed_2026\noise_0.20\weak-q_lq_0p1_ls_0p4_lb_0p6\metrics.json
0.1,0.4,0.7,0.0,0.6283333333333333,0.6913944360434086,0.4758312246416291,0.6533333333333333,0.6764397321428571,0.48208111166818607,0.7666666666666667,0.0,0.0,0.0,0.6208268633540373,0.23333333333333334,0.0,1.0,57,0,57,0.6578082315849535,0.6182612307143934,0.2106258017998753,0.01741012278944254,0.01645767166646141,0.8607190269412417,success,C:\Users\YAN_SHU_YU\Desktop\Generative-CD\Q_GNCDM\results\weak_q_lambda_sweep\lq_0p1_ls_0p4_lb_0p7,C:\Users\YAN_SHU_YU\Desktop\Generative-CD\Q_GNCDM\results\weak_q_lambda_sweep\lq_0p1_ls_0p4_lb_0p7\seed_2026\noise_0.20\weak-q_lq_0p1_ls_0p4_lb_0p7\metrics.json
0.1,0.4,0.8,0.0,0.6383333333333333,0.6850010007116172,0.47365704678409937,0.6433333333333333,0.680044642857143,0.4754101185949424,0.7625,0.0,0.0,0.0,0.6088897515527951,0.2375,0.0,1.0,58,1,57,0.6580776545134458,0.6186761449683796,0.21286380178097522,0.016675797940203636,0.014306013500600151,0.8665936110597668,success,C:\Users\YAN_SHU_YU\Desktop\Generative-CD\Q_GNCDM\results\weak_q_lambda_sweep\lq_0p1_ls_0p4_lb_0p8,C:\Users\YAN_SHU_YU\Desktop\Generative-CD\Q_GNCDM\results\weak_q_lambda_sweep\lq_0p1_ls_0p4_lb_0p8\seed_2026\noise_0.20\weak-q_lq_0p1_ls_0p4_lb_0p8\metrics.json
0.1,0.4,0.9,0.0,0.63,0.6818154020636897,0.4762925166694505,0.605,0.6594866071428571,0.4810859738994212,0.7666666666666667,0.0,0.0,0.0,0.5852096273291925,0.23333333333333334,0.0,1.0,57,0,57,0.6880037351088091,0.6479847882733201,0.2128265734874841,0.01485493512485515,0.014215902453570656,0.8811605310801304,success,C:\Users\YAN_SHU_YU\Desktop\Generative-CD\Q_GNCDM\results\weak_q_lambda_sweep\lq_0p1_ls_0p4_lb_0p9,C:\Users\YAN_SHU_YU\Desktop\Generative-CD\Q_GNCDM\results\weak_q_lambda_sweep\lq_0p1_ls_0p4_lb_0p9\seed_2026\noise_0.20\weak-q_lq_0p1_ls_0p4_lb_0p9\metrics.json
0.1,0.5,0.05,0.0,0.645,0.6877279398683508,0.47500131113993366,0.64,0.6892745535714285,0.4754303710270927,0.7875,1.0,0.08928571428571429,0.16393442622950818,0.828319099378882,0.2125,0.0,1.0,50,0,50,0.6202022180412755,0.5625172767675284,0.1721615500070832,0.07561556441765843,0.053220139759959595,0.4095508876171979,success,C:\Users\YAN_SHU_YU\Desktop\Generative-CD\Q_GNCDM\results\weak_q_lambda_sweep\lq_0p1_ls_0p5_lb_0p05,C:\Users\YAN_SHU_YU\Desktop\Generative-CD\Q_GNCDM\results\weak_q_lambda_sweep\lq_0p1_ls_0p5_lb_0p05\seed_2026\noise_0.20\weak-q_lq_0p1_ls_0p5_lb_0p05\metrics.json
0.1,0.5,0.1,0.0,0.6425,0.6881532423056397,0.47515160098108744,0.6433333333333333,0.6892745535714285,0.4757953752120561,0.7833333333333333,1.0,0.07142857142857142,0.13333333333333333,0.8090062111801242,0.21666666666666667,0.0,1.0,52,0,52,0.6287045244014624,0.5728903408303405,0.17765973756710687,0.06648045586365642,0.04807980341667479,0.47601391104134644,success,C:\Users\YAN_SHU_YU\Desktop\Generative-CD\Q_GNCDM\results\weak_q_lambda_sweep\lq_0p1_ls_0p5_lb_0p1,C:\Users\YAN_SHU_YU\Desktop\Generative-CD\Q_GNCDM\results\weak_q_lambda_sweep\lq_0p1_ls_0p5_lb_0p1\seed_2026\noise_0.20\weak-q_lq_0p1_ls_0p5_lb_0p1\metrics.json
0.1,0.5,0.2,0.0,0.6458333333333334,0.6863380626223092,0.47509429881225596,0.6433333333333333,0.6850781250000001,0.4820727782941488,0.7791666666666667,1.0,0.05357142857142857,0.1016949152542373,0.7586374223602484,0.22083333333333333,0.0,1.0,53,0,53,0.6309359141371467,0.5773075119112477,0.18706331672993573,0.05426758200381741,0.03894141124504985,0.5724174308054375,success,C:\Users\YAN_SHU_YU\Desktop\Generative-CD\Q_GNCDM\results\weak_q_lambda_sweep\lq_0p1_ls_0p5_lb_0p2,C:\Users\YAN_SHU_YU\Desktop\Generative-CD\Q_GNCDM\results\weak_q_lambda_sweep\lq_0p1_ls_0p5_lb_0p2\seed_2026\noise_0.20\weak-q_lq_0p1_ls_0p5_lb_0p2\metrics.json
0.1,0.5,0.3,0.0,0.6375,0.6846340731186622,0.48037426870922556,0.635,0.6831361607142857,0.48369340408907213,0.7791666666666667,1.0,0.05357142857142857,0.1016949152542373,0.7166149068322981,0.22083333333333333,0.0,1.0,54,0,54,0.6245417522661614,0.5737507483272841,0.19532975622198798,0.04413920770766157,0.03062808146756707,0.6522052351272467,success,C:\Users\YAN_SHU_YU\Desktop\Generative-CD\Q_GNCDM\results\weak_q_lambda_sweep\lq_0p1_ls_0p5_lb_0p3,C:\Users\YAN_SHU_YU\Desktop\Generative-CD\Q_GNCDM\results\weak_q_lambda_sweep\lq_0p1_ls_0p5_lb_0p3\seed_2026\noise_0.20\weak-q_lq_0p1_ls_0p5_lb_0p3\metrics.json
0.1,0.5,0.4,0.0,0.6416666666666667,0.685729296388543,0.4751737595078183,0.65,0.6824107142857142,0.47713976357016513,0.775,1.0,0.03571428571428571,0.06896551724137931,0.6797360248447205,0.225,0.0,1.0,54,0,54,0.6344364186127981,0.5864205423629645,0.20142559323346976,0.03607919580782905,0.02458430739176093,0.7156227601296974,success,C:\Users\YAN_SHU_YU\Desktop\Generative-CD\Q_GNCDM\results\weak_q_lambda_sweep\lq_0p1_ls_0p5_lb_0p4,C:\Users\YAN_SHU_YU\Desktop\Generative-CD\Q_GNCDM\results\weak_q_lambda_sweep\lq_0p1_ls_0p5_lb_0p4\seed_2026\noise_0.20\weak-q_lq_0p1_ls_0p5_lb_0p4\metrics.json
0.1,0.5,0.5,0.0,0.6425,0.6845228829389788,0.4747435171598523,0.65,0.6802232142857142,0.476502544905581,0.7708333333333334,1.0,0.017857142857142856,0.03508771929824561,0.6487771739130433,0.22916666666666666,0.0,1.0,56,0,56,0.6482860202139075,0.6037233878265728,0.20564909595431705,0.027109915305945007,0.02088553983379494,0.7857121021458597,success,C:\Users\YAN_SHU_YU\Desktop\Generative-CD\Q_GNCDM\results\weak_q_lambda_sweep\lq_0p1_ls_0p5_lb_0p5,C:\Users\YAN_SHU_YU\Desktop\Generative-CD\Q_GNCDM\results\weak_q_lambda_sweep\lq_0p1_ls_0p5_lb_0p5\seed_2026\noise_0.20\weak-q_lq_0p1_ls_0p5_lb_0p5\metrics.json
0.1,0.5,0.6,0.0,0.6333333333333333,0.6890789005515033,0.4766262026637985,0.6483333333333333,0.6830468749999999,0.4799725592793201,0.7666666666666667,0.0,0.0,0.0,0.6325698757763975,0.23333333333333334,0.0,1.0,57,1,56,0.6510572568936781,0.6068160470687982,0.20828130299394781,0.02410934806208719,0.018930683053578392,0.8071252197930308,success,C:\Users\YAN_SHU_YU\Desktop\Generative-CD\Q_GNCDM\results\weak_q_lambda_sweep\lq_0p1_ls_0p5_lb_0p6,C:\Users\YAN_SHU_YU\Desktop\Generative-CD\Q_GNCDM\results\weak_q_lambda_sweep\lq_0p1_ls_0p5_lb_0p6\seed_2026\noise_0.20\weak-q_lq_0p1_ls_0p5_lb_0p6\metrics.json
0.1,0.5,0.7,0.0,0.6391666666666667,0.6828967265611101,0.47487950301795506,0.6466666666666666,0.6829799107142858,0.47459213273223055,0.7625,0.0,0.0,0.0,0.6134510869565217,0.2375,0.0,1.0,58,1,57,0.6544517224485223,0.6132045857834093,0.21244401575037927,0.019154531909435085,0.014893527791807146,0.8474645253383752,success,C:\Users\YAN_SHU_YU\Desktop\Generative-CD\Q_GNCDM\results\weak_q_lambda_sweep\lq_0p1_ls_0p5_lb_0p7,C:\Users\YAN_SHU_YU\Desktop\Generative-CD\Q_GNCDM\results\weak_q_lambda_sweep\lq_0p1_ls_0p5_lb_0p7\seed_2026\noise_0.20\weak-q_lq_0p1_ls_0p5_lb_0p7\metrics.json
0.1,0.5,0.8,0.0,0.6416666666666667,0.6846479718911227,0.4743321335196568,0.6533333333333333,0.6835044642857143,0.47438087471433393,0.7708333333333334,1.0,0.017857142857142856,0.03508771929824561,0.623641304347826,0.22916666666666666,0.0,1.0,56,0,56,0.657023883227146,0.6168959438800812,0.2138786790045825,0.017121766242339756,0.012723988881616882,0.8630277415116628,success,C:\Users\YAN_SHU_YU\Desktop\Generative-CD\Q_GNCDM\results\weak_q_lambda_sweep\lq_0p1_ls_0p5_lb_0p8,C:\Users\YAN_SHU_YU\Desktop\Generative-CD\Q_GNCDM\results\weak_q_lambda_sweep\lq_0p1_ls_0p5_lb_0p8\seed_2026\noise_0.20\weak-q_lq_0p1_ls_0p5_lb_0p8\metrics.json
0.1,0.5,0.9,0.0,0.64,0.685028798256538,0.4880055793534594,0.6266666666666667,0.6579464285714286,0.48043299044925925,0.7666666666666667,0.0,0.0,0.0,0.6914790372670807,0.23333333333333334,0.0,1.0,57,0,57,0.6952040872790597,0.6509090878746726,0.21080222567825607,0.017019023921227817,0.016339185845219727,0.8638478138230063,success,C:\Users\YAN_SHU_YU\Desktop\Generative-CD\Q_GNCDM\results\weak_q_lambda_sweep\lq_0p1_ls_0p5_lb_0p9,C:\Users\YAN_SHU_YU\Desktop\Generative-CD\Q_GNCDM\results\weak_q_lambda_sweep\lq_0p1_ls_0p5_lb_0p9\seed_2026\noise_0.20\weak-q_lq_0p1_ls_0p5_lb_0p9\metrics.json
0.1,0.6,0.05,0.0,0.6466666666666666,0.6871497509339975,0.47591260254541384,0.64,0.6862834821428572,0.48207748199589184,0.7791666666666667,1.0,0.05357142857142857,0.1016949152542373,0.7910520186335404,0.22083333333333333,0.0,1.0,53,0,53,0.6269188875501807,0.5713833588542361,0.18363443626598877,0.05843327933865966,0.04224221622853568,0.5381005614092855,success,C:\Users\YAN_SHU_YU\Desktop\Generative-CD\Q_GNCDM\results\weak_q_lambda_sweep\lq_0p1_ls_0p6_lb_0p05,C:\Users\YAN_SHU_YU\Desktop\Generative-CD\Q_GNCDM\results\weak_q_lambda_sweep\lq_0p1_ls_0p6_lb_0p05\seed_2026\noise_0.20\weak-q_lq_0p1_ls_0p6_lb_0p05\metrics.json
0.1,0.6,0.1,0.0,0.6433333333333333,0.6866549546344066,0.47563699515384794,0.6366666666666667,0.6865066964285714,0.48186149820123564,0.7791666666666667,1.0,0.05357142857142857,0.1016949152542373,0.7705745341614906,0.22083333333333333,0.0,1.0,53,0,53,0.6313646417675596,0.5765556444724401,0.18732004048246326,0.0536761623101704,0.03871290363145597,0.5763437928575458,success,C:\Users\YAN_SHU_YU\Desktop\Generative-CD\Q_GNCDM\results\weak_q_lambda_sweep\lq_0p1_ls_0p6_lb_0p1,C:\Users\YAN_SHU_YU\Desktop\Generative-CD\Q_GNCDM\results\weak_q_lambda_sweep\lq_0p1_ls_0p6_lb_0p1\seed_2026\noise_0.20\weak-q_lq_0p1_ls_0p6_lb_0p1\metrics.json
0.1,0.6,0.2,0.0,0.6475,0.6856431239992884,0.47717840067320993,0.65,0.6864397321428571,0.47714610355352255,0.7791666666666667,1.0,0.05357142857142857,0.1016949152542373,0.7268051242236024,0.22083333333333333,0.0,1.0,54,0,54,0.629867562290394,0.5771569049719608,0.19450802965597672,0.04492304253984581,0.031530141830444336,0.6455324021252719,success,C:\Users\YAN_SHU_YU\Desktop\Generative-CD\Q_GNCDM\results\weak_q_lambda_sweep\lq_0p1_ls_0p6_lb_0p2,C:\Users\YAN_SHU_YU\Desktop\Generative-CD\Q_GNCDM\results\weak_q_lambda_sweep\lq_0p1_ls_0p6_lb_0p2\seed_2026\noise_0.20\weak-q_lq_0p1_ls_0p6_lb_0p2\metrics.json
0.1,0.6,0.3,0.0,0.6316666666666667,0.6842421277352784,0.4798481833599082,0.645,0.6860602678571428,0.4820013458488678,0.775,1.0,0.03571428571428571,0.06896551724137931,0.6936141304347826,0.225,0.0,1.0,54,0,54,0.6313257054849104,0.5808563133080801,0.2001375197009607,0.037810230288993225,0.025898360195710804,0.7021578450997671,success,C:\Users\YAN_SHU_YU\Desktop\Generative-CD\Q_GNCDM\results\weak_q_lambda_sweep\lq_0p1_ls_0p6_lb_0p3,C:\Users\YAN_SHU_YU\Desktop\Generative-CD\Q_GNCDM\results\weak_q_lambda_sweep\lq_0p1_ls_0p6_lb_0p3\seed_2026\noise_0.20\weak-q_lq_0p1_ls_0p6_lb_0p3\metrics.json
0.1,0.6,0.4,0.0,0.635,0.6841948719089129,0.47896491496484267,0.6466666666666666,0.6887723214285715,0.4782393159485613,0.7708333333333334,1.0,0.017857142857142856,0.03508771929824561,0.6598408385093167,0.22916666666666666,0.0,1.0,55,0,55,0.646834547772552,0.5998976862791813,0.20413802180326346,0.029234710629239227,0.022455581068766838,0.7682976957523462,success,C:\Users\YAN_SHU_YU\Desktop\Generative-CD\Q_GNCDM\results\weak_q_lambda_sweep\lq_0p1_ls_0p6_lb_0p4,C:\Users\YAN_SHU_YU\Desktop\Generative-CD\Q_GNCDM\results\weak_q_lambda_sweep\lq_0p1_ls_0p6_lb_0p4\seed_2026\noise_0.20\weak-q_lq_0p1_ls_0p6_lb_0p4\metrics.json
0.1,0.6,0.5,0.0,0.6466666666666666,0.6836472602739727,0.4762192546783568,0.66,0.6918638392857143,0.4724161241466453,0.7625,0.3333333333333333,0.017857142857142856,0.03389830508474576,0.6070458074534162,0.2375,0.0,1.0,58,2,56,0.644790608774532,0.5982950998075081,0.20921254248330087,0.02736041737212376,0.018316007557917725,0.7828269284782987,success,C:\Users\YAN_SHU_YU\Desktop\Generative-CD\Q_GNCDM\results\weak_q_lambda_sweep\lq_0p1_ls_0p6_lb_0p5,C:\Users\YAN_SHU_YU\Desktop\Generative-CD\Q_GNCDM\results\weak_q_lambda_sweep\lq_0p1_ls_0p6_lb_0p5\seed_2026\noise_0.20\weak-q_lq_0p1_ls_0p6_lb_0p5\metrics.json
0.1,0.6,0.6,0.0,0.6441666666666667,0.6826437689023306,0.4756256343137061,0.6466666666666666,0.6914285714285714,0.47239903663911714,0.7625,0.0,0.0,0.0,0.6112189440993789,0.2375,0.0,1.0,58,1,57,0.6502669426527891,0.6058698106895793,0.21068196201866324,0.02216686178563219,0.016714697280390697,0.8241382485086267,success,C:\Users\YAN_SHU_YU\Desktop\Generative-CD\Q_GNCDM\results\weak_q_lambda_sweep\lq_0p1_ls_0p6_lb_0p6,C:\Users\YAN_SHU_YU\Desktop\Generative-CD\Q_GNCDM\results\weak_q_lambda_sweep\lq_0p1_ls_0p6_lb_0p6\seed_2026\noise_0.20\weak-q_lq_0p1_ls_0p6_lb_0p6\metrics.json
0.1,0.6,0.7,0.0,0.64,0.6840948007471981,0.475869435028929,0.645,0.6808035714285715,0.4749321547961486,0.7708333333333334,1.0,0.017857142857142856,0.03508771929824561,0.6338315217391304,0.22916666666666666,0.0,1.0,57,1,56,0.6551089765447559,0.612153641202233,0.21294351847785892,0.019810833855334557,0.013963546462808594,0.8415133275768973,success,C:\Users\YAN_SHU_YU\Desktop\Generative-CD\Q_GNCDM\results\weak_q_lambda_sweep\lq_0p1_ls_0p6_lb_0p7,C:\Users\YAN_SHU_YU\Desktop\Generative-CD\Q_GNCDM\results\weak_q_lambda_sweep\lq_0p1_ls_0p6_lb_0p7\seed_2026\noise_0.20\weak-q_lq_0p1_ls_0p6_lb_0p7\metrics.json
0.1,0.6,0.8,0.0,0.6441666666666667,0.6851705657356343,0.47411104576025453,0.6466666666666666,0.6830915178571428,0.47411772404130226,0.7708333333333334,1.0,0.017857142857142856,0.03508771929824561,0.6310170807453416,0.22916666666666666,0.0,1.0,56,0,56,0.658945870218855,0.6181894847840974,0.21448342818202396,0.01602412063176885,0.012116964059797201,0.8718070243344163,success,C:\Users\YAN_SHU_YU\Desktop\Generative-CD\Q_GNCDM\results\weak_q_lambda_sweep\lq_0p1_ls_0p6_lb_0p8,C:\Users\YAN_SHU_YU\Desktop\Generative-CD\Q_GNCDM\results\weak_q_lambda_sweep\lq_0p1_ls_0p6_lb_0p8\seed_2026\noise_0.20\weak-q_lq_0p1_ls_0p6_lb_0p8\metrics.json
0.1,0.6,0.9,0.0,0.64,0.6853665384273261,0.4871036710348153,0.6233333333333333,0.6583482142857143,0.4803572783238735,0.7666666666666667,0.0,0.0,0.0,0.7269992236024845,0.23333333333333334,0.0,1.0,57,0,57,0.6967237149224137,0.6510376812833728,0.21097498499985898,0.016761766069314697,0.016146087567463066,0.865905862866026,success,C:\Users\YAN_SHU_YU\Desktop\Generative-CD\Q_GNCDM\results\weak_q_lambda_sweep\lq_0p1_ls_0p6_lb_0p9,C:\Users\YAN_SHU_YU\Desktop\Generative-CD\Q_GNCDM\results\weak_q_lambda_sweep\lq_0p1_ls_0p6_lb_0p9\seed_2026\noise_0.20\weak-q_lq_0p1_ls_0p6_lb_0p9\metrics.json
0.1,0.7,0.05,0.0,0.6408333333333334,0.6858627246041629,0.4755804001486039,0.64,0.6867745535714286,0.48158929146264856,0.7791666666666667,1.0,0.05357142857142857,0.1016949152542373,0.7566964285714286,0.22083333333333333,0.0,1.0,54,0,54,0.636107708920132,0.5809473977847532,0.19053485131624973,0.04903807124179421,0.035603504345724075,0.6129875706903862,success,C:\Users\YAN_SHU_YU\Desktop\Generative-CD\Q_GNCDM\results\weak_q_lambda_sweep\lq_0p1_ls_0p7_lb_0p05,C:\Users\YAN_SHU_YU\Desktop\Generative-CD\Q_GNCDM\results\weak_q_lambda_sweep\lq_0p1_ls_0p7_lb_0p05\seed_2026\noise_0.20\weak-q_lq_0p1_ls_0p7_lb_0p05\metrics.json
0.1,0.7,0.1,0.0,0.6425,0.6849815424301726,0.4751189516759884,0.6433333333333333,0.6871986607142857,0.48111596062230483,0.775,1.0,0.03571428571428571,0.06896551724137931,0.7404891304347826,0.225,0.0,1.0,54,0,54,0.6393556563240109,0.5848934027281675,0.19321311039455008,0.04549371569671414,0.03295347472709237,0.6414394450910164,success,C:\Users\YAN_SHU_YU\Desktop\Generative-CD\Q_GNCDM\results\weak_q_lambda_sweep\lq_0p1_ls_0p7_lb_0p1,C:\Users\YAN_SHU_YU\Desktop\Generative-CD\Q_GNCDM\results\weak_q_lambda_sweep\lq_0p1_ls_0p7_lb_0p1\seed_2026\noise_0.20\weak-q_lq_0p1_ls_0p7_lb_0p1\metrics.json
0.1,0.7,0.2,0.0,0.6333333333333333,0.683160803237858,0.4813239564557331,0.645,0.6851339285714286,0.4825372893962,0.7791666666666667,1.0,0.05357142857142857,0.1016949152542373,0.7047748447204969,0.22083333333333333,0.0,1.0,54,0,54,0.6296906507376469,0.5774088673519365,0.19948983305331433,0.03861026115941279,0.02652808783970999,0.6949579083558285,success,C:\Users\YAN_SHU_YU\Desktop\Generative-CD\Q_GNCDM\results\weak_q_lambda_sweep\lq_0p1_ls_0p7_lb_0p2,C:\Users\YAN_SHU_YU\Desktop\Generative-CD\Q_GNCDM\results\weak_q_lambda_sweep\lq_0p1_ls_0p7_lb_0p2\seed_2026\noise_0.20\weak-q_lq_0p1_ls_0p7_lb_0p2\metrics.json
0.1,0.7,0.3,0.0,0.6308333333333334,0.684561799501868,0.47936654773626913,0.65,0.6881026785714286,0.47960803009325886,0.7708333333333334,1.0,0.017857142857142856,0.03508771929824561,0.673136645962733,0.22916666666666666,0.0,1.0,55,0,55,0.6420570620984742,0.5921169736168601,0.2021921956629464,0.032087828794663605,0.02419799416692871,0.7450102332866553,success,C:\Users\YAN_SHU_YU\Desktop\Generative-CD\Q_GNCDM\results\weak_q_lambda_sweep\lq_0p1_ls_0p7_lb_0p3,C:\Users\YAN_SHU_YU\Desktop\Generative-CD\Q_GNCDM\results\weak_q_lambda_sweep\lq_0p1_ls_0p7_lb_0p3\seed_2026\noise_0.20\weak-q_lq_0p1_ls_0p7_lb_0p3\metrics.json
0.1,0.7,0.4,0.0,0.6433333333333333,0.6853373510051592,0.47577966485027195,0.6533333333333333,0.6947767857142857,0.4718043396148411,0.7666666666666667,0.5,0.017857142857142856,0.034482758620689655,0.622961956521739,0.23333333333333334,0.0,1.0,57,1,56,0.640787557219014,0.5929041396487843,0.20860073151010455,0.027914932590316643,0.018707243951432632,0.7789173577771042,success,C:\Users\YAN_SHU_YU\Desktop\Generative-CD\Q_GNCDM\results\weak_q_lambda_sweep\lq_0p1_ls_0p7_lb_0p4,C:\Users\YAN_SHU_YU\Desktop\Generative-CD\Q_GNCDM\results\weak_q_lambda_sweep\lq_0p1_ls_0p7_lb_0p4\seed_2026\noise_0.20\weak-q_lq_0p1_ls_0p7_lb_0p4\metrics.json
0.1,0.7,0.5,0.0,0.6425,0.6831024283935243,0.47632448224397583,0.66,0.6975892857142857,0.47027085848914113,0.7666666666666667,0.5,0.017857142857142856,0.034482758620689655,0.6007375776397517,0.23333333333333334,0.0,1.0,57,1,56,0.643491470452511,0.5970423465425317,0.21088358917922684,0.024625088963093178,0.016246404639925018,0.8051934757015922,success,C:\Users\YAN_SHU_YU\Desktop\Generative-CD\Q_GNCDM\results\weak_q_lambda_sweep\lq_0p1_ls_0p7_lb_0p5,C:\Users\YAN_SHU_YU\Desktop\Generative-CD\Q_GNCDM\results\weak_q_lambda_sweep\lq_0p1_ls_0p7_lb_0p5\seed_2026\noise_0.20\weak-q_lq_0p1_ls_0p7_lb_0p5\metrics.json
0.1,0.7,0.6,0.0,0.6416666666666667,0.6819766278242305,0.47572816097438214,0.6583333333333333,0.6912388392857143,0.4720394503721111,0.7625,0.0,0.0,0.0,0.6143245341614906,0.2375,0.0,1.0,58,1,57,0.6525224239537211,0.608257739832907,0.2121519258979595,0.020045094276693733,0.01502987766412623,0.8407247084559817,success,C:\Users\YAN_SHU_YU\Desktop\Generative-CD\Q_GNCDM\results\weak_q_lambda_sweep\lq_0p1_ls_0p7_lb_0p6,C:\Users\YAN_SHU_YU\Desktop\Generative-CD\Q_GNCDM\results\weak_q_lambda_sweep\lq_0p1_ls_0p7_lb_0p6\seed_2026\noise_0.20\weak-q_lq_0p1_ls_0p7_lb_0p6\metrics.json
0.1,0.7,0.7,0.0,0.6408333333333334,0.6809022527130404,0.47564598826532,0.65,0.6880803571428572,0.47261440299914137,0.7625,0.0,0.0,0.0,0.62402950310559,0.2375,0.0,1.0,58,1,57,0.6559188266595205,0.6131879633123224,0.21392090528300314,0.01730931790150476,0.013174640833202637,0.8615254552075358,success,C:\Users\YAN_SHU_YU\Desktop\Generative-CD\Q_GNCDM\results\weak_q_lambda_sweep\lq_0p1_ls_0p7_lb_0p7,C:\Users\YAN_SHU_YU\Desktop\Generative-CD\Q_GNCDM\results\weak_q_lambda_sweep\lq_0p1_ls_0p7_lb_0p7\seed_2026\noise_0.20\weak-q_lq_0p1_ls_0p7_lb_0p7\metrics.json
0.1,0.7,0.8,0.0,0.6408333333333334,0.6843505381604696,0.47437477920116694,0.645,0.6852566964285715,0.4735584093422408,0.7666666666666667,0.0,0.0,0.0,0.6302406832298137,0.23333333333333334,0.0,1.0,56,0,56,0.6613815237175334,0.6202717929175405,0.21469847203204126,0.014360935130918568,0.011984033326646595,0.8851125213232908,success,C:\Users\YAN_SHU_YU\Desktop\Generative-CD\Q_GNCDM\results\weak_q_lambda_sweep\lq_0p1_ls_0p7_lb_0p8,C:\Users\YAN_SHU_YU\Desktop\Generative-CD\Q_GNCDM\results\weak_q_lambda_sweep\lq_0p1_ls_0p7_lb_0p8\seed_2026\noise_0.20\weak-q_lq_0p1_ls_0p7_lb_0p8\metrics.json
0.1,0.7,0.9,0.0,0.6491666666666667,0.6860100515922434,0.4733054832182156,0.6533333333333333,0.6848883928571429,0.47338421056808383,0.7666666666666667,0.0,0.0,0.0,0.6329580745341614,0.23333333333333334,0.0,1.0,57,0,57,0.6650529792814543,0.6261737175060041,0.21619272909381174,0.011403798196239002,0.010308140324372234,0.9087696102532473,success,C:\Users\YAN_SHU_YU\Desktop\Generative-CD\Q_GNCDM\results\weak_q_lambda_sweep\lq_0p1_ls_0p7_lb_0p9,C:\Users\YAN_SHU_YU\Desktop\Generative-CD\Q_GNCDM\results\weak_q_lambda_sweep\lq_0p1_ls_0p7_lb_0p9\seed_2026\noise_0.20\weak-q_lq_0p1_ls_0p7_lb_0p9\metrics.json
0.1,0.8,0.05,0.0,0.6375,0.6850121197295855,0.482021586928838,0.6366666666666667,0.6844308035714286,0.4832502496141139,0.7791666666666667,1.0,0.05357142857142857,0.1016949152542373,0.7255434782608695,0.22083333333333333,0.0,1.0,54,0,54,0.6260376337802771,0.571654629075166,0.19684328071095727,0.041548648341135544,0.029195059711734455,0.6705796113519957,success,C:\Users\YAN_SHU_YU\Desktop\Generative-CD\Q_GNCDM\results\weak_q_lambda_sweep\lq_0p1_ls_0p8_lb_0p05,C:\Users\YAN_SHU_YU\Desktop\Generative-CD\Q_GNCDM\results\weak_q_lambda_sweep\lq_0p1_ls_0p8_lb_0p05\seed_2026\noise_0.20\weak-q_lq_0p1_ls_0p8_lb_0p05\metrics.json
0.1,0.8,0.1,0.0,0.6325,0.6841225982921189,0.4818343900826148,0.6466666666666666,0.6855357142857142,0.48254457510212057,0.7791666666666667,1.0,0.05357142857142857,0.1016949152542373,0.7137034161490683,0.22083333333333333,0.0,1.0,54,0,54,0.6295801346952264,0.5758910793246645,0.19900392086216898,0.03885633492785873,0.02703598059826728,0.6922391607905879,success,C:\Users\YAN_SHU_YU\Desktop\Generative-CD\Q_GNCDM\results\weak_q_lambda_sweep\lq_0p1_ls_0p8_lb_0p1,C:\Users\YAN_SHU_YU\Desktop\Generative-CD\Q_GNCDM\results\weak_q_lambda_sweep\lq_0p1_ls_0p8_lb_0p1\seed_2026\noise_0.20\weak-q_lq_0p1_ls_0p8_lb_0p1\metrics.json
0.1,0.8,0.2,0.0,0.6291666666666667,0.6841587351005158,0.4799725745384213,0.6533333333333333,0.688125,0.4806635108132968,0.7708333333333334,1.0,0.017857142857142856,0.03508771929824561,0.6841032608695652,0.22916666666666666,0.0,1.0,54,0,54,0.6362702286604679,0.5840085821621346,0.20235909589312293,0.03409096203518636,0.023764832876622677,0.7291134153351639,success,C:\Users\YAN_SHU_YU\Desktop\Generative-CD\Q_GNCDM\results\weak_q_lambda_sweep\lq_0p1_ls_0p8_lb_0p2,C:\Users\YAN_SHU_YU\Desktop\Generative-CD\Q_GNCDM\results\weak_q_lambda_sweep\lq_0p1_ls_0p8_lb_0p2\seed_2026\noise_0.20\weak-q_lq_0p1_ls_0p8_lb_0p2\metrics.json
0.1,0.8,0.3,0.0,0.635,0.6833887431062088,0.4792246602878659,0.6483333333333333,0.6890401785714286,0.4786333987415735,0.7708333333333334,1.0,0.017857142857142856,0.03508771929824561,0.6624611801242235,0.22916666666666666,0.0,1.0,55,0,55,0.6477356327302528,0.5988427770860267,0.20523541601318301,0.027456499861948418,0.02134704330202305,0.7812537993445541,success,C:\Users\YAN_SHU_YU\Desktop\Generative-CD\Q_GNCDM\results\weak_q_lambda_sweep\lq_0p1_ls_0p8_lb_0p3,C:\Users\YAN_SHU_YU\Desktop\Generative-CD\Q_GNCDM\results\weak_q_lambda_sweep\lq_0p1_ls_0p8_lb_0p3\seed_2026\noise_0.20\weak-q_lq_0p1_ls_0p8_lb_0p3\metrics.json
0.1,0.8,0.4,0.0,0.6408333333333334,0.680686821739904,0.4781424532176032,0.655,0.6992857142857143,0.47030401969592717,0.7666666666666667,0.5,0.017857142857142856,0.034482758620689655,0.6001552795031055,0.23333333333333334,0.0,1.0,57,1,56,0.6429845735882268,0.5948257744312286,0.21023508725744305,0.02544116313484582,0.01695589692980954,0.7980136302384463,success,C:\Users\YAN_SHU_YU\Desktop\Generative-CD\Q_GNCDM\results\weak_q_lambda_sweep\lq_0p1_ls_0p8_lb_0p4,C:\Users\YAN_SHU_YU\Desktop\Generative-CD\Q_GNCDM\results\weak_q_lambda_sweep\lq_0p1_ls_0p8_lb_0p4\seed_2026\noise_0.20\weak-q_lq_0p1_ls_0p8_lb_0p4\metrics.json
0.1,0.8,0.5,0.0,0.6425,0.6816208192492439,0.4767309564685219,0.6516666666666666,0.6956808035714287,0.4710470691159809,0.7666666666666667,0.5,0.017857142857142856,0.034482758620689655,0.6063664596273293,0.23333333333333334,0.0,1.0,57,1,56,0.6458522993506808,0.5992240219405203,0.2123534203027234,0.02262501867318695,0.014585854965403225,0.8203825435855172,success,C:\Users\YAN_SHU_YU\Desktop\Generative-CD\Q_GNCDM\results\weak_q_lambda_sweep\lq_0p1_ls_0p8_lb_0p5,C:\Users\YAN_SHU_YU\Desktop\Generative-CD\Q_GNCDM\results\weak_q_lambda_sweep\lq_0p1_ls_0p8_lb_0p5\seed_2026\noise_0.20\weak-q_lq_0p1_ls_0p8_lb_0p5\metrics.json
0.1,0.8,0.6,0.0,0.6383333333333333,0.6811204634406689,0.47633471401877303,0.6533333333333333,0.6936941964285713,0.4715726282227285,0.7666666666666667,0.5,0.017857142857142856,0.034482758620689655,0.6184006211180125,0.23333333333333334,0.0,1.0,57,1,56,0.6510570049285889,0.6056651545293403,0.2133936256621823,0.01993422591212121,0.013508503480503956,0.8410313319076191,success,C:\Users\YAN_SHU_YU\Desktop\Generative-CD\Q_GNCDM\results\weak_q_lambda_sweep\lq_0p1_ls_0p8_lb_0p6,C:\Users\YAN_SHU_YU\Desktop\Generative-CD\Q_GNCDM\results\weak_q_lambda_sweep\lq_0p1_ls_0p8_lb_0p6\seed_2026\noise_0.20\weak-q_lq_0p1_ls_0p8_lb_0p6\metrics.json
0.1,0.8,0.7,0.0,0.635,0.6809231008717309,0.4756591137515761,0.645,0.6885714285714286,0.4720900753664853,0.7625,0.0,0.0,0.0,0.6335403726708074,0.2375,0.0,1.0,58,1,57,0.6576389516844894,0.6142581204573313,0.21430531550537457,0.01636397432197224,0.01265588803499034,0.86908820271492,success,C:\Users\YAN_SHU_YU\Desktop\Generative-CD\Q_GNCDM\results\weak_q_lambda_sweep\lq_0p1_ls_0p8_lb_0p7,C:\Users\YAN_SHU_YU\Desktop\Generative-CD\Q_GNCDM\results\weak_q_lambda_sweep\lq_0p1_ls_0p8_lb_0p7\seed_2026\noise_0.20\weak-q_lq_0p1_ls_0p8_lb_0p7\metrics.json
0.1,0.8,0.8,0.0,0.6433333333333333,0.6834248799146059,0.4738815836261908,0.65,0.6888616071428572,0.4726158500121003,0.7666666666666667,0.0,0.0,0.0,0.6328610248447205,0.23333333333333334,0.0,1.0,57,0,57,0.6633609867457188,0.6225948649825472,0.215241824361411,0.012599650558761576,0.011452768703527523,0.8992027866117882,success,C:\Users\YAN_SHU_YU\Desktop\Generative-CD\Q_GNCDM\results\weak_q_lambda_sweep\lq_0p1_ls_0p8_lb_0p8,C:\Users\YAN_SHU_YU\Desktop\Generative-CD\Q_GNCDM\results\weak_q_lambda_sweep\lq_0p1_ls_0p8_lb_0p8\seed_2026\noise_0.20\weak-q_lq_0p1_ls_0p8_lb_0p8\metrics.json
0.1,0.8,0.9,0.0,0.6358333333333334,0.6818348603451343,0.47707015625534904,0.6033333333333334,0.6608035714285714,0.48162040323580574,0.7666666666666667,0.0,0.0,0.0,0.6551824534161491,0.23333333333333334,0.0,1.0,57,0,57,0.6919723857532848,0.6468253162774172,0.2131749504443371,0.014252850574187258,0.013808102502177158,0.8859771986802419,success,C:\Users\YAN_SHU_YU\Desktop\Generative-CD\Q_GNCDM\results\weak_q_lambda_sweep\lq_0p1_ls_0p8_lb_0p9,C:\Users\YAN_SHU_YU\Desktop\Generative-CD\Q_GNCDM\results\weak_q_lambda_sweep\lq_0p1_ls_0p8_lb_0p9\seed_2026\noise_0.20\weak-q_lq_0p1_ls_0p8_lb_0p9\metrics.json
0.1,0.9,0.05,0.0,0.635,0.6835471891122575,0.48181452996952834,0.6516666666666666,0.6869308035714285,0.48161953153016834,0.7791666666666667,1.0,0.05357142857142857,0.1016949152542373,0.7090450310559007,0.22083333333333333,0.0,1.0,54,0,54,0.6326616289037647,0.5784403157956672,0.20052218595237442,0.03654715655879541,0.02553301157824921,0.7099676132202148,success,C:\Users\YAN_SHU_YU\Desktop\Generative-CD\Q_GNCDM\results\weak_q_lambda_sweep\lq_0p1_ls_0p9_lb_0p05,C:\Users\YAN_SHU_YU\Desktop\Generative-CD\Q_GNCDM\results\weak_q_lambda_sweep\lq_0p1_ls_0p9_lb_0p05\seed_2026\noise_0.20\weak-q_lq_0p1_ls_0p9_lb_0p05\metrics.json
0.1,0.9,0.1,0.0,0.6275,0.6824686443693293,0.48111602244607676,0.6533333333333333,0.6877678571428573,0.48087454600517054,0.7791666666666667,1.0,0.05357142857142857,0.1016949152542373,0.6945846273291926,0.22083333333333333,0.0,1.0,54,0,54,0.6354962280302336,0.5818843791882197,0.2021122116482619,0.034448515341588944,0.023969662827298496,0.7263110541936123,success,C:\Users\YAN_SHU_YU\Desktop\Generative-CD\Q_GNCDM\results\weak_q_lambda_sweep\lq_0p1_ls_0p9_lb_0p1,C:\Users\YAN_SHU_YU\Desktop\Generative-CD\Q_GNCDM\results\weak_q_lambda_sweep\lq_0p1_ls_0p9_lb_0p1\seed_2026\noise_0.20\weak-q_lq_0p1_ls_0p9_lb_0p1\metrics.json
0.1,0.9,0.2,0.0,0.6358333333333334,0.6838390633339264,0.4795495796618323,0.655,0.6913504464285715,0.47896566189208795,0.7708333333333334,1.0,0.017857142857142856,0.03508771929824561,0.6727484472049691,0.22916666666666666,0.0,1.0,54,0,54,0.643875800298922,0.5923539363976681,0.20402705104965152,0.02960723251894568,0.022363245317881756,0.7639156805746483,success,C:\Users\YAN_SHU_YU\Desktop\Generative-CD\Q_GNCDM\results\weak_q_lambda_sweep\lq_0p1_ls_0p9_lb_0p2,C:\Users\YAN_SHU_YU\Desktop\Generative-CD\Q_GNCDM\results\weak_q_lambda_sweep\lq_0p1_ls_0p9_lb_0p2\seed_2026\noise_0.20\weak-q_lq_0p1_ls_0p9_lb_0p2\metrics.json
0.1,0.9,0.3,0.0,0.6441666666666667,0.6818848959259919,0.478098231535049,0.6466666666666666,0.6994866071428572,0.4702673050992826,0.7666666666666667,0.5,0.017857142857142856,0.034482758620689655,0.6121894409937888,0.23333333333333334,0.0,1.0,57,1,56,0.6434900598092512,0.5940357166709322,0.20976101832859445,0.025829305618324062,0.017439558622286175,0.7943873260960435,success,C:\Users\YAN_SHU_YU\Desktop\Generative-CD\Q_GNCDM\results\weak_q_lambda_sweep\lq_0p1_ls_0p9_lb_0p3,C:\Users\YAN_SHU_YU\Desktop\Generative-CD\Q_GNCDM\results\weak_q_lambda_sweep\lq_0p1_ls_0p9_lb_0p3\seed_2026\noise_0.20\weak-q_lq_0p1_ls_0p9_lb_0p3\metrics.json
0.1,0.9,0.4,0.0,0.6433333333333333,0.681358132449742,0.47708180281625356,0.6533333333333333,0.6981361607142857,0.4704593748192053,0.7666666666666667,0.5,0.017857142857142856,0.034482758620689655,0.60840450310559,0.23333333333333334,0.0,1.0,57,1,56,0.6462357504801317,0.59810953429251,0.2117834913008141,0.023178773819271362,0.01521741236193162,0.8153760261607893,success,C:\Users\YAN_SHU_YU\Desktop\Generative-CD\Q_GNCDM\results\weak_q_lambda_sweep\lq_0p1_ls_0p9_lb_0p4,C:\Users\YAN_SHU_YU\Desktop\Generative-CD\Q_GNCDM\results\weak_q_lambda_sweep\lq_0p1_ls_0p9_lb_0p4\seed_2026\noise_0.20\weak-q_lq_0p1_ls_0p9_lb_0p4\metrics.json
0.1,0.9,0.5,0.0,0.6391666666666667,0.6810676481053193,0.4767650212330495,0.655,0.6959821428571428,0.47094244597835955,0.7666666666666667,0.5,0.017857142857142856,0.034482758620689655,0.6112189440993789,0.23333333333333334,0.0,1.0,57,1,56,0.6482746817848899,0.6011594470703241,0.213369450785897,0.02115033163378636,0.01348597313644308,0.8313397431012356,success,C:\Users\YAN_SHU_YU\Desktop\Generative-CD\Q_GNCDM\results\weak_q_lambda_sweep\lq_0p1_ls_0p9_lb_0p5,C:\Users\YAN_SHU_YU\Desktop\Generative-CD\Q_GNCDM\results\weak_q_lambda_sweep\lq_0p1_ls_0p9_lb_0p5\seed_2026\noise_0.20\weak-q_lq_0p1_ls_0p9_lb_0p5\metrics.json
0.1,0.9,0.6,0.0,0.6383333333333333,0.6804561021170609,0.47673042192192394,0.6566666666666666,0.6936718749999999,0.47153072799829093,0.7666666666666667,0.5,0.017857142857142856,0.034482758620689655,0.6267468944099378,0.23333333333333334,0.0,1.0,57,1,56,0.652039194648916,0.6059022554845521,0.21425998052864365,0.01911957116063797,0.012505550657145002,0.8470434392943527,success,C:\Users\YAN_SHU_YU\Desktop\Generative-CD\Q_GNCDM\results\weak_q_lambda_sweep\lq_0p1_ls_0p9_lb_0p6,C:\Users\YAN_SHU_YU\Desktop\Generative-CD\Q_GNCDM\results\weak_q_lambda_sweep\lq_0p1_ls_0p9_lb_0p6\seed_2026\noise_0.20\weak-q_lq_0p1_ls_0p9_lb_0p6\metrics.json
0.1,0.9,0.7,0.0,0.6408333333333334,0.6856375644903041,0.47492246844480485,0.6483333333333333,0.6635825892857142,0.47863925627247544,0.7666666666666667,0.0,0.0,0.0,0.6869177018633539,0.23333333333333334,0.0,1.0,57,0,57,0.685684550892223,0.6437585326758298,0.21430680358951743,0.012982527471401474,0.012587236847276941,0.8961397860989426,success,C:\Users\YAN_SHU_YU\Desktop\Generative-CD\Q_GNCDM\results\weak_q_lambda_sweep\lq_0p1_ls_0p9_lb_0p7,C:\Users\YAN_SHU_YU\Desktop\Generative-CD\Q_GNCDM\results\weak_q_lambda_sweep\lq_0p1_ls_0p9_lb_0p7\seed_2026\noise_0.20\weak-q_lq_0p1_ls_0p9_lb_0p7\metrics.json
0.1,0.9,0.8,0.0,0.6441666666666667,0.6838779798968156,0.4741630018302406,0.6533333333333333,0.688984375,0.4726981469630277,0.7666666666666667,0.0,0.0,0.0,0.638392857142857,0.23333333333333334,0.0,1.0,57,0,57,0.6656148758801547,0.6254350019223762,0.21600371915282626,0.011193883986296978,0.010631263820510922,0.91044892596476,success,C:\Users\YAN_SHU_YU\Desktop\Generative-CD\Q_GNCDM\results\weak_q_lambda_sweep\lq_0p1_ls_0p9_lb_0p8,C:\Users\YAN_SHU_YU\Desktop\Generative-CD\Q_GNCDM\results\weak_q_lambda_sweep\lq_0p1_ls_0p9_lb_0p8\seed_2026\noise_0.20\weak-q_lq_0p1_ls_0p9_lb_0p8\metrics.json
0.1,0.9,0.9,0.0,0.6391666666666667,0.6821100560398505,0.47697152949532856,0.6033333333333334,0.6603125,0.48167608735217127,0.7666666666666667,0.0,0.0,0.0,0.6662461180124224,0.23333333333333334,0.0,1.0,57,0,57,0.6930785739060604,0.6469404814821301,0.21339193979899088,0.013982293774571383,0.013572037403443546,0.8881416510451924,success,C:\Users\YAN_SHU_YU\Desktop\Generative-CD\Q_GNCDM\results\weak_q_lambda_sweep\lq_0p1_ls_0p9_lb_0p9,C:\Users\YAN_SHU_YU\Desktop\Generative-CD\Q_GNCDM\results\weak_q_lambda_sweep\lq_0p1_ls_0p9_lb_0p9\seed_2026\noise_0.20\weak-q_lq_0p1_ls_0p9_lb_0p9\metrics.json
0.2,0.05,0.05,0.0,0.6341666666666667,0.6832302971001601,0.49177009995423987,0.6216666666666667,0.6926227678571429,0.48940174651715646,0.9041666666666667,0.8837209302325582,0.6785714285714286,0.7676767676767676,0.938955745341615,0.09583333333333334,0.0,0.6666666666666666,20,2,18,0.49032255058938806,0.446698756832065,0.1476478339596228,0.2127474887353001,0.06913696624564403,0.0,success,C:\Users\YAN_SHU_YU\Desktop\Generative-CD\Q_GNCDM\results\weak_q_lambda_sweep\lq_0p2_ls_0p05_lb_0p05,C:\Users\YAN_SHU_YU\Desktop\Generative-CD\Q_GNCDM\results\weak_q_lambda_sweep\lq_0p2_ls_0p05_lb_0p05\seed_2026\noise_0.20\weak-q_lq_0p2_ls_0p05_lb_0p05\metrics.json
0.2,0.05,0.1,0.0,0.6316666666666667,0.6832970112079702,0.49258330965850855,0.6233333333333333,0.6913839285714286,0.4906390185053648,0.9,0.8809523809523809,0.6607142857142857,0.7551020408163265,0.9438082298136646,0.1,0.0,0.6666666666666666,22,3,19,0.48512437262318353,0.43782249093055725,0.15673364902084524,0.20118202449697437,0.05896056104790081,0.0,success,C:\Users\YAN_SHU_YU\Desktop\Generative-CD\Q_GNCDM\results\weak_q_lambda_sweep\lq_0p2_ls_0p05_lb_0p1,C:\Users\YAN_SHU_YU\Desktop\Generative-CD\Q_GNCDM\results\weak_q_lambda_sweep\lq_0p2_ls_0p05_lb_0p1\seed_2026\noise_0.20\weak-q_lq_0p2_ls_0p05_lb_0p1\metrics.json
0.2,0.05,0.2,0.0,0.6325,0.6843505381604696,0.4911907998025429,0.625,0.6942522321428571,0.48710891480846946,0.9041666666666667,0.8837209302325582,0.6785714285714286,0.7676767676767676,0.9563276397515528,0.09583333333333334,0.0,0.6666666666666666,22,3,19,0.49274551191113214,0.43994561515071173,0.16293824170574997,0.19817274831461185,0.05151807657922759,0.0,success,C:\Users\YAN_SHU_YU\Desktop\Generative-CD\Q_GNCDM\results\weak_q_lambda_sweep\lq_0p2_ls_0p05_lb_0p2,C:\Users\YAN_SHU_YU\Desktop\Generative-CD\Q_GNCDM\results\weak_q_lambda_sweep\lq_0p2_ls_0p05_lb_0p2\seed_2026\noise_0.20\weak-q_lq_0p2_ls_0p05_lb_0p2\metrics.json
0.2,0.05,0.3,0.0,0.6375,0.6896404109589042,0.4844665384516938,0.63,0.693203125,0.4868628884270484,0.9083333333333333,0.8695652173913043,0.7142857142857143,0.7843137254901961,0.9649650621118012,0.09166666666666666,0.0,0.5,19,3,16,0.5214418908863356,0.4619048454544761,0.1546319339311484,0.21692471183610684,0.059214738056515205,0.0,success,C:\Users\YAN_SHU_YU\Desktop\Generative-CD\Q_GNCDM\results\weak_q_lambda_sweep\lq_0p2_ls_0p05_lb_0p3,C:\Users\YAN_SHU_YU\Desktop\Generative-CD\Q_GNCDM\results\weak_q_lambda_sweep\lq_0p2_ls_0p05_lb_0p3\seed_2026\noise_0.20\weak-q_lq_0p2_ls_0p05_lb_0p3\metrics.json
0.2,0.05,0.4,0.0,0.6366666666666667,0.6903103317914963,0.48629710719822,0.6383333333333333,0.6968191964285715,0.48597507605695245,0.9125,0.8888888888888888,0.7142857142857143,0.7920792079207921,0.968361801242236,0.0875,0.0,0.5,13,0,13,0.5159756983771469,0.45306212342146673,0.1625229533423077,0.21130829394766779,0.04960891875353726,0.0,success,C:\Users\YAN_SHU_YU\Desktop\Generative-CD\Q_GNCDM\results\weak_q_lambda_sweep\lq_0p2_ls_0p05_lb_0p4,C:\Users\YAN_SHU_YU\Desktop\Generative-CD\Q_GNCDM\results\weak_q_lambda_sweep\lq_0p2_ls_0p05_lb_0p4\seed_2026\noise_0.20\weak-q_lq_0p2_ls_0p05_lb_0p4\metrics.json
0.2,0.05,0.5,0.0,0.635,0.6822462640099627,0.49195107548458905,0.6433333333333333,0.6998883928571428,0.4894462775748228,0.9333333333333333,0.9347826086956522,0.7678571428571429,0.8431372549019608,0.9753493788819876,0.06666666666666667,0.0,0.5,12,0,12,0.49522903245506866,0.4330082048069347,0.17637597995273996,0.1978669064966115,0.034104572270404206,0.0,success,C:\Users\YAN_SHU_YU\Desktop\Generative-CD\Q_GNCDM\results\weak_q_lambda_sweep\lq_0p2_ls_0p05_lb_0p5,C:\Users\YAN_SHU_YU\Desktop\Generative-CD\Q_GNCDM\results\weak_q_lambda_sweep\lq_0p2_ls_0p05_lb_0p5\seed_2026\noise_0.20\weak-q_lq_0p2_ls_0p05_lb_0p5\metrics.json
0.2,0.05,0.6,0.0,0.6283333333333333,0.6815624444049102,0.4923781778578713,0.6533333333333333,0.70234375,0.48696482325658635,0.9416666666666667,0.9375,0.8035714285714286,0.8653846153846154,0.9748641304347827,0.058333333333333334,0.0,0.5,9,0,9,0.4983471017895323,0.4359600164673545,0.18296894431114197,0.2058496635520097,0.025834688916802406,0.0,success,C:\Users\YAN_SHU_YU\Desktop\Generative-CD\Q_GNCDM\results\weak_q_lambda_sweep\lq_0p2_ls_0p05_lb_0p6,C:\Users\YAN_SHU_YU\Desktop\Generative-CD\Q_GNCDM\results\weak_q_lambda_sweep\lq_0p2_ls_0p05_lb_0p6\seed_2026\noise_0.20\weak-q_lq_0p2_ls_0p05_lb_0p6\metrics.json
0.2,0.05,0.7,0.0,0.6383333333333333,0.6857515344244796,0.48996270899027206,0.645,0.6979241071428572,0.4888551623031557,0.95,0.9230769230769231,0.8571428571428571,0.8888888888888888,0.9730201863354038,0.05,0.2,0.3333333333333333,7,1,6,0.4985931782108365,0.4373708001591943,0.18908471139994534,0.21603675615606885,0.01800514328660387,0.0,success,C:\Users\YAN_SHU_YU\Desktop\Generative-CD\Q_GNCDM\results\weak_q_lambda_sweep\lq_0p2_ls_0p05_lb_0p7,C:\Users\YAN_SHU_YU\Desktop\Generative-CD\Q_GNCDM\results\weak_q_lambda_sweep\lq_0p2_ls_0p05_lb_0p7\seed_2026\noise_0.20\weak-q_lq_0p2_ls_0p05_lb_0p7\metrics.json
0.2,0.05,0.8,0.0,0.6383333333333333,0.6907411937377691,0.4870594068822222,0.6633333333333333,0.6899107142857144,0.4907031294354889,0.9541666666666667,0.9090909090909091,0.8928571428571429,0.9009009009009009,0.9710791925465839,0.04583333333333333,0.0,0.16666666666666666,6,1,5,0.5190356373786926,0.4547159328605189,0.1868073082331455,0.22996041043238205,0.019325277485856503,0.0,success,C:\Users\YAN_SHU_YU\Desktop\Generative-CD\Q_GNCDM\results\weak_q_lambda_sweep\lq_0p2_ls_0p05_lb_0p8,C:\Users\YAN_SHU_YU\Desktop\Generative-CD\Q_GNCDM\results\weak_q_lambda_sweep\lq_0p2_ls_0p05_lb_0p8\seed_2026\noise_0.20\weak-q_lq_0p2_ls_0p05_lb_0p8\metrics.json
0.2,0.05,0.9,0.0,0.6341666666666667,0.687936421455257,0.4848238855894871,0.6316666666666667,0.6869084821428572,0.48888261176985315,0.9541666666666667,0.9090909090909091,0.8928571428571429,0.9009009009009009,0.9677795031055901,0.04583333333333333,0.0,0.16666666666666666,2,0,2,0.5328637478929578,0.46746546526749927,0.18746227138873303,0.2362027850114938,0.017884090401683792,0.0,success,C:\Users\YAN_SHU_YU\Desktop\Generative-CD\Q_GNCDM\results\weak_q_lambda_sweep\lq_0p2_ls_0p05_lb_0p9,C:\Users\YAN_SHU_YU\Desktop\Generative-CD\Q_GNCDM\results\weak_q_lambda_sweep\lq_0p2_ls_0p05_lb_0p9\seed_2026\noise_0.20\weak-q_lq_0p2_ls_0p05_lb_0p9\metrics.json
0.2,0.1,0.05,0.0,0.6391666666666667,0.6886313600782779,0.47720113922208096,0.6316666666666667,0.6839174107142858,0.48535017187479224,0.8625,0.8108108108108109,0.5357142857142857,0.6451612903225806,0.9347826086956521,0.1375,0.0,0.6666666666666666,27,4,23,0.5576161353877096,0.5058883717565825,0.11886458539149979,0.22865045454465982,0.10179599837371797,0.0,success,C:\Users\YAN_SHU_YU\Desktop\Generative-CD\Q_GNCDM\results\weak_q_lambda_sweep\lq_0p2_ls_0p1_lb_0p05,C:\Users\YAN_SHU_YU\Desktop\Generative-CD\Q_GNCDM\results\weak_q_lambda_sweep\lq_0p2_ls_0p1_lb_0p05\seed_2026\noise_0.20\weak-q_lq_0p2_ls_0p1_lb_0p05\metrics.json
0.2,0.1,0.1,0.0,0.6341666666666667,0.687430506137698,0.47935273101032827,0.6333333333333333,0.6846428571428571,0.4870257524362215,0.875,0.8611111111111112,0.5535714285714286,0.6739130434782609,0.936820652173913,0.125,0.0,0.6666666666666666,24,3,21,0.5499302473935214,0.49340826182654407,0.12961050687414227,0.2164529078837597,0.08954589430129889,0.0,success,C:\Users\YAN_SHU_YU\Desktop\Generative-CD\Q_GNCDM\results\weak_q_lambda_sweep\lq_0p2_ls_0p1_lb_0p1,C:\Users\YAN_SHU_YU\Desktop\Generative-CD\Q_GNCDM\results\weak_q_lambda_sweep\lq_0p2_ls_0p1_lb_0p1\seed_2026\noise_0.20\weak-q_lq_0p2_ls_0p1_lb_0p1\metrics.json
0.2,0.1,0.2,0.0,0.6291666666666667,0.6868411981853763,0.4828423577138133,0.6283333333333333,0.6866629464285714,0.48914381057350104,0.8875,0.8717948717948718,0.6071428571428571,0.7157894736842105,0.9407996894409938,0.1125,0.0,0.6666666666666666,24,3,21,0.5349622468153635,0.4718472935033567,0.14499941152153592,0.19718288539937048,0.07198387531168533,0.0,success,C:\Users\YAN_SHU_YU\Desktop\Generative-CD\Q_GNCDM\results\weak_q_lambda_sweep\lq_0p2_ls_0p1_lb_0p2,C:\Users\YAN_SHU_YU\Desktop\Generative-CD\Q_GNCDM\results\weak_q_lambda_sweep\lq_0p2_ls_0p1_lb_0p2\seed_2026\noise_0.20\weak-q_lq_0p2_ls_0p1_lb_0p2\metrics.json
0.2,0.1,0.3,0.0,0.6391666666666667,0.6869523883650596,0.4849648721337337,0.6383333333333333,0.688125,0.49014894586097824,0.8958333333333334,0.8974358974358975,0.625,0.7368421052631579,0.9485636645962733,0.10416666666666667,0.0,0.6666666666666666,23,1,22,0.5245926623994653,0.45700136685010156,0.15393666606960874,0.18222544929294876,0.06193805525474476,0.0,success,C:\Users\YAN_SHU_YU\Desktop\Generative-CD\Q_GNCDM\results\weak_q_lambda_sweep\lq_0p2_ls_0p1_lb_0p3,C:\Users\YAN_SHU_YU\Desktop\Generative-CD\Q_GNCDM\results\weak_q_lambda_sweep\lq_0p2_ls_0p1_lb_0p3\seed_2026\noise_0.20\weak-q_lq_0p2_ls_0p1_lb_0p3\metrics.json
0.2,0.1,0.4,0.0,0.6266666666666667,0.6811260229496531,0.48832060540988076,0.6316666666666667,0.6868080357142857,0.48972383541059733,0.8791666666666667,0.9090909090909091,0.5357142857142857,0.6741573033707865,0.9439052795031057,0.12083333333333333,0.0,0.6666666666666666,24,1,23,0.5227841314944354,0.45114623913259216,0.15815786836725293,0.1677707370483514,0.05807310924159758,0.0034218077039854093,success,C:\Users\YAN_SHU_YU\Desktop\Generative-CD\Q_GNCDM\results\weak_q_lambda_sweep\lq_0p2_ls_0p1_lb_0p4,C:\Users\YAN_SHU_YU\Desktop\Generative-CD\Q_GNCDM\results\weak_q_lambda_sweep\lq_0p2_ls_0p1_lb_0p4\seed_2026\noise_0.20\weak-q_lq_0p2_ls_0p1_lb_0p4\metrics.json
0.2,0.1,0.5,0.0,0.6225,0.6781405666251556,0.4914668709992521,0.6283333333333333,0.6846205357142857,0.49036525469516007,0.8666666666666667,0.9285714285714286,0.4642857142857143,0.6190476190476191,0.9262422360248447,0.13333333333333333,0.0,0.6666666666666666,28,1,27,0.5226721140471372,0.44820643148638983,0.16392957915862402,0.15170384740287607,0.05301874904244235,0.009464912031861868,success,C:\Users\YAN_SHU_YU\Desktop\Generative-CD\Q_GNCDM\results\weak_q_lambda_sweep\lq_0p2_ls_0p1_lb_0p5,C:\Users\YAN_SHU_YU\Desktop\Generative-CD\Q_GNCDM\results\weak_q_lambda_sweep\lq_0p2_ls_0p1_lb_0p5\seed_2026\noise_0.20\weak-q_lq_0p2_ls_0p1_lb_0p5\metrics.json
0.2,0.1,0.6,0.0,0.6283333333333333,0.6798848625689379,0.489621915842377,0.6133333333333333,0.6890848214285714,0.4880813847927098,0.8625,0.96,0.42857142857142855,0.5925925925925926,0.8951863354037267,0.1375,0.0,0.8333333333333334,29,0,29,0.5312387843926748,0.45420585346944403,0.16815431167682013,0.1381927401278958,0.04930465764394312,0.02136750618052302,success,C:\Users\YAN_SHU_YU\Desktop\Generative-CD\Q_GNCDM\results\weak_q_lambda_sweep\lq_0p2_ls_0p1_lb_0p6,C:\Users\YAN_SHU_YU\Desktop\Generative-CD\Q_GNCDM\results\weak_q_lambda_sweep\lq_0p2_ls_0p1_lb_0p6\seed_2026\noise_0.20\weak-q_lq_0p2_ls_0p1_lb_0p6\metrics.json
0.2,0.1,0.7,0.0,0.6266666666666667,0.6805144769613948,0.48792639008327154,0.6216666666666667,0.688861607142857,0.4853555838624202,0.8416666666666667,0.95,0.3392857142857143,0.5,0.875291149068323,0.15833333333333333,0.0,0.8333333333333334,32,0,32,0.543703603925127,0.465351555835117,0.17398273741657083,0.12843812505404154,0.04387384528915087,0.07114086875861342,success,C:\Users\YAN_SHU_YU\Desktop\Generative-CD\Q_GNCDM\results\weak_q_lambda_sweep\lq_0p2_ls_0p1_lb_0p7,C:\Users\YAN_SHU_YU\Desktop\Generative-CD\Q_GNCDM\results\weak_q_lambda_sweep\lq_0p2_ls_0p1_lb_0p7\seed_2026\noise_0.20\weak-q_lq_0p2_ls_0p1_lb_0p7\metrics.json
0.2,0.1,0.8,0.0,0.6283333333333333,0.6815318671054972,0.4881388652126792,0.6366666666666667,0.6943303571428573,0.4828890914397039,0.85,0.9545454545454546,0.375,0.5384615384615384,0.8740295031055901,0.15,0.0,0.8333333333333334,33,0,33,0.5458167701056509,0.46704903515902435,0.17938202619552612,0.12620094508835764,0.03783904230504325,0.07966300777413628,success,C:\Users\YAN_SHU_YU\Desktop\Generative-CD\Q_GNCDM\results\weak_q_lambda_sweep\lq_0p2_ls_0p1_lb_0p8,C:\Users\YAN_SHU_YU\Desktop\Generative-CD\Q_GNCDM\results\weak_q_lambda_sweep\lq_0p2_ls_0p1_lb_0p8\seed_2026\noise_0.20\weak-q_lq_0p2_ls_0p1_lb_0p8\metrics.json
0.2,0.1,0.9,0.0,0.625,0.6751273127557373,0.49630720141082363,0.6516666666666666,0.7043526785714286,0.4809962758270351,0.875,0.90625,0.5178571428571429,0.6590909090909091,0.9257569875776398,0.125,0.0,0.5,24,0,24,0.5177821724703817,0.43936891266793915,0.18442187051881442,0.15116916461424393,0.029346634605617233,0.025269323197955437,success,C:\Users\YAN_SHU_YU\Desktop\Generative-CD\Q_GNCDM\results\weak_q_lambda_sweep\lq_0p2_ls_0p1_lb_0p9,C:\Users\YAN_SHU_YU\Desktop\Generative-CD\Q_GNCDM\results\weak_q_lambda_sweep\lq_0p2_ls_0p1_lb_0p9\seed_2026\noise_0.20\weak-q_lq_0p2_ls_0p1_lb_0p9\metrics.json
0.2,0.2,0.05,0.0,0.6391666666666667,0.6890733410425192,0.4778305535397057,0.6166666666666667,0.6832589285714286,0.485688550221558,0.8458333333333333,0.88,0.39285714285714285,0.5432098765432098,0.9141110248447205,0.15416666666666667,0.0,0.8333333333333334,30,2,28,0.5636859540686463,0.49733620836879266,0.13303744680050647,0.17667510789452176,0.0881445976820859,7.240097957003056e-05,success,C:\Users\YAN_SHU_YU\Desktop\Generative-CD\Q_GNCDM\results\weak_q_lambda_sweep\lq_0p2_ls_0p2_lb_0p05,C:\Users\YAN_SHU_YU\Desktop\Generative-CD\Q_GNCDM\results\weak_q_lambda_sweep\lq_0p2_ls_0p2_lb_0p05\seed_2026\noise_0.20\weak-q_lq_0p2_ls_0p2_lb_0p05\metrics.json
0.2,0.2,0.1,0.0,0.6391666666666667,0.6891845312222025,0.4784466689566678,0.6183333333333333,0.6836830357142858,0.4863258906246584,0.8458333333333333,0.88,0.39285714285714285,0.5432098765432098,0.9156638198757764,0.15416666666666667,0.0,0.8333333333333334,32,2,30,0.5604506347215537,0.49084355930487317,0.1383730484680696,0.16853671837033649,0.08225120626615756,0.001897383218447706,success,C:\Users\YAN_SHU_YU\Desktop\Generative-CD\Q_GNCDM\results\weak_q_lambda_sweep\lq_0p2_ls_0p2_lb_0p1,C:\Users\YAN_SHU_YU\Desktop\Generative-CD\Q_GNCDM\results\weak_q_lambda_sweep\lq_0p2_ls_0p2_lb_0p1\seed_2026\noise_0.20\weak-q_lq_0p2_ls_0p2_lb_0p1\metrics.json
0.2,0.2,0.2,0.0,0.6383333333333333,0.6897099048212062,0.4784958379444966,0.64,0.6847879464285714,0.48747960424037917,0.8416666666666667,0.875,0.375,0.525,0.9177989130434783,0.15833333333333333,0.0,0.8333333333333334,34,2,32,0.5561697176008513,0.48155969561952533,0.14637658699895395,0.15293949819875485,0.07373403080485084,0.007491684878583659,success,C:\Users\YAN_SHU_YU\Desktop\Generative-CD\Q_GNCDM\results\weak_q_lambda_sweep\lq_0p2_ls_0p2_lb_0p2,C:\Users\YAN_SHU_YU\Desktop\Generative-CD\Q_GNCDM\results\weak_q_lambda_sweep\lq_0p2_ls_0p2_lb_0p2\seed_2026\noise_0.20\weak-q_lq_0p2_ls_0p2_lb_0p2\metrics.json
0.2,0.2,0.3,0.0,0.6483333333333333,0.6919920832592066,0.4762676332925181,0.6433333333333333,0.6901674107142858,0.4845774455983257,0.8291666666666667,1.0,0.26785714285714285,0.4225352112676056,0.9181871118012422,0.17083333333333334,0.0,1.0,35,0,35,0.5641923199097315,0.48657955184127344,0.1513744913267367,0.13370850095243164,0.0686539157547734,0.04120595758837281,success,C:\Users\YAN_SHU_YU\Desktop\Generative-CD\Q_GNCDM\results\weak_q_lambda_sweep\lq_0p2_ls_0p2_lb_0p3,C:\Users\YAN_SHU_YU\Desktop\Generative-CD\Q_GNCDM\results\weak_q_lambda_sweep\lq_0p2_ls_0p2_lb_0p3\seed_2026\noise_0.20\weak-q_lq_0p2_ls_0p2_lb_0p3\metrics.json
0.2,0.2,0.4,0.0,0.6258333333333334,0.6859739147838463,0.4810872126732492,0.6483333333333333,0.6890178571428571,0.4863861637181632,0.825,1.0,0.25,0.4,0.8849961180124224,0.175,0.0,1.0,38,0,38,0.5603342724568916,0.4821744461854299,0.16305224461988968,0.11182539650436604,0.0579607609207883,0.13009010977817304,success,C:\Users\YAN_SHU_YU\Desktop\Generative-CD\Q_GNCDM\results\weak_q_lambda_sweep\lq_0p2_ls_0p2_lb_0p4,C:\Users\YAN_SHU_YU\Desktop\Generative-CD\Q_GNCDM\results\weak_q_lambda_sweep\lq_0p2_ls_0p2_lb_0p4\seed_2026\noise_0.20\weak-q_lq_0p2_ls_0p2_lb_0p4\metrics.json
0.2,0.2,0.5,0.0,0.6225,0.6852928749332858,0.47895265396094405,0.6433333333333333,0.6861495535714286,0.48728472652876265,0.7958333333333333,0.8888888888888888,0.14285714285714285,0.24615384615384617,0.8146350931677018,0.20416666666666666,0.0,1.0,47,1,46,0.5896745021596099,0.5139575948317846,0.17448114784377994,0.08280141674207919,0.04852078499441797,0.34497149695049634,success,C:\Users\YAN_SHU_YU\Desktop\Generative-CD\Q_GNCDM\results\weak_q_lambda_sweep\lq_0p2_ls_0p2_lb_0p5,C:\Users\YAN_SHU_YU\Desktop\Generative-CD\Q_GNCDM\results\weak_q_lambda_sweep\lq_0p2_ls_0p2_lb_0p5\seed_2026\noise_0.20\weak-q_lq_0p2_ls_0p2_lb_0p5\metrics.json
0.2,0.2,0.6,0.0,0.6416666666666667,0.6913666384984878,0.4723735661905832,0.6283333333333333,0.6785825892857144,0.478203343747057,0.775,1.0,0.03571428571428571,0.06896551724137931,0.6991459627329191,0.225,0.0,1.0,55,0,55,0.669960432883465,0.5940567011182959,0.17968428925131308,0.059846151168599274,0.046662736063202225,0.5212307915543065,success,C:\Users\YAN_SHU_YU\Desktop\Generative-CD\Q_GNCDM\results\weak_q_lambda_sweep\lq_0p2_ls_0p2_lb_0p6,C:\Users\YAN_SHU_YU\Desktop\Generative-CD\Q_GNCDM\results\weak_q_lambda_sweep\lq_0p2_ls_0p2_lb_0p6\seed_2026\noise_0.20\weak-q_lq_0p2_ls_0p2_lb_0p6\metrics.json
0.2,0.2,0.7,0.0,0.6216666666666667,0.6907439734922611,0.49555406651167383,0.6383333333333333,0.6681696428571429,0.4782200343662782,0.7666666666666667,0.0,0.0,0.0,0.8093944099378881,0.23333333333333334,0.0,1.0,57,0,57,0.7108078887968352,0.6356712651975227,0.18693767194495056,0.045626365946549355,0.04089115306057713,0.6349890719760548,success,C:\Users\YAN_SHU_YU\Desktop\Generative-CD\Q_GNCDM\results\weak_q_lambda_sweep\lq_0p2_ls_0p2_lb_0p7,C:\Users\YAN_SHU_YU\Desktop\Generative-CD\Q_GNCDM\results\weak_q_lambda_sweep\lq_0p2_ls_0p2_lb_0p7\seed_2026\noise_0.20\weak-q_lq_0p2_ls_0p2_lb_0p7\metrics.json
0.2,0.2,0.8,0.0,0.6083333333333333,0.6894402686354741,0.4967581386321686,0.6283333333333333,0.6635379464285714,0.48000557197075455,0.7666666666666667,0.0,0.0,0.0,0.8136645962732919,0.23333333333333334,0.0,1.0,57,0,57,0.7143929167227312,0.6431485965396418,0.19628195103370782,0.034190317672310455,0.031437332685472386,0.7264774550091136,success,C:\Users\YAN_SHU_YU\Desktop\Generative-CD\Q_GNCDM\results\weak_q_lambda_sweep\lq_0p2_ls_0p2_lb_0p8,C:\Users\YAN_SHU_YU\Desktop\Generative-CD\Q_GNCDM\results\weak_q_lambda_sweep\lq_0p2_ls_0p2_lb_0p8\seed_2026\noise_0.20\weak-q_lq_0p2_ls_0p2_lb_0p8\metrics.json
0.2,0.2,0.9,0.0,0.5766666666666667,0.6877904843444227,0.49750620545384644,0.6233333333333333,0.6600558035714286,0.480907016629594,0.7666666666666667,0.0,0.0,0.0,0.8157026397515528,0.23333333333333334,0.0,1.0,57,0,57,0.7160406329415061,0.6474113030867144,0.20227942525437384,0.0270803500192635,0.02528597516092387,0.783357195781939,success,C:\Users\YAN_SHU_YU\Desktop\Generative-CD\Q_GNCDM\results\weak_q_lambda_sweep\lq_0p2_ls_0p2_lb_0p9,C:\Users\YAN_SHU_YU\Desktop\Generative-CD\Q_GNCDM\results\weak_q_lambda_sweep\lq_0p2_ls_0p2_lb_0p9\seed_2026\noise_0.20\weak-q_lq_0p2_ls_0p2_lb_0p9\metrics.json
0.2,0.3,0.05,0.0,0.6408333333333334,0.691811399217221,0.47544413530768065,0.6316666666666667,0.6858705357142857,0.482811512733964,0.8,0.8333333333333334,0.17857142857142858,0.29411764705882354,0.9045031055900621,0.2,0.0,0.8333333333333334,40,2,38,0.5688003938306462,0.4939629038174947,0.14517970541209885,0.13981060841769882,0.07716732189962358,0.024731051515449177,success,C:\Users\YAN_SHU_YU\Desktop\Generative-CD\Q_GNCDM\results\weak_q_lambda_sweep\lq_0p2_ls_0p3_lb_0p05,C:\Users\YAN_SHU_YU\Desktop\Generative-CD\Q_GNCDM\results\weak_q_lambda_sweep\lq_0p2_ls_0p3_lb_0p05\seed_2026\noise_0.20\weak-q_lq_0p2_ls_0p3_lb_0p05\metrics.json
0.2,0.3,0.1,0.0,0.6441666666666667,0.6922478206724783,0.47505467575577826,0.63,0.6856584821428572,0.4831869887361356,0.7916666666666666,0.75,0.16071428571428573,0.2647058823529412,0.905958850931677,0.20833333333333334,0.0,0.8333333333333334,41,2,39,0.5700287877610235,0.4931054056593866,0.14869412847540595,0.13276473432779312,0.0735512904145501,0.04798988512519634,success,C:\Users\YAN_SHU_YU\Desktop\Generative-CD\Q_GNCDM\results\weak_q_lambda_sweep\lq_0p2_ls_0p3_lb_0p1,C:\Users\YAN_SHU_YU\Desktop\Generative-CD\Q_GNCDM\results\weak_q_lambda_sweep\lq_0p2_ls_0p3_lb_0p1\seed_2026\noise_0.20\weak-q_lq_0p2_ls_0p3_lb_0p1\metrics.json
0.2,0.3,0.2,0.0,0.6458333333333334,0.6916557329656644,0.47448128526341926,0.6416666666666667,0.6853236607142857,0.48282695892932126,0.7958333333333333,0.8888888888888888,0.14285714285714285,0.24615384615384617,0.8993594720496894,0.20416666666666666,0.0,1.0,42,1,41,0.5801526181625597,0.5011483701792631,0.15554727365573248,0.11527907735470569,0.06655536659739235,0.1268942326758847,success,C:\Users\YAN_SHU_YU\Desktop\Generative-CD\Q_GNCDM\results\weak_q_lambda_sweep\lq_0p2_ls_0p3_lb_0p2,C:\Users\YAN_SHU_YU\Desktop\Generative-CD\Q_GNCDM\results\weak_q_lambda_sweep\lq_0p2_ls_0p3_lb_0p2\seed_2026\noise_0.20\weak-q_lq_0p2_ls_0p3_lb_0p2\metrics.json
0.2,0.3,0.3,0.0,0.63,0.6832914516989859,0.48108815602726623,0.635,0.6839062500000002,0.49322483650089766,0.7958333333333333,0.8888888888888888,0.14285714285714285,0.24615384615384617,0.8709239130434783,0.20416666666666666,0.0,1.0,47,1,46,0.5596900618437565,0.48104492145957367,0.16926510790080734,0.09658125912149747,0.052725793116471985,0.2500413103085576,success,C:\Users\YAN_SHU_YU\Desktop\Generative-CD\Q_GNCDM\results\weak_q_lambda_sweep\lq_0p2_ls_0p3_lb_0p3,C:\Users\YAN_SHU_YU\Desktop\Generative-CD\Q_GNCDM\results\weak_q_lambda_sweep\lq_0p2_ls_0p3_lb_0p3\seed_2026\noise_0.20\weak-q_lq_0p2_ls_0p3_lb_0p3\metrics.json
0.2,0.3,0.4,0.0,0.6358333333333334,0.6889121152819783,0.47529971040693475,0.6316666666666667,0.6883147321428572,0.4838706303544482,0.7833333333333333,1.0,0.07142857142857142,0.13333333333333333,0.8256987577639752,0.21666666666666667,0.0,1.0,52,0,52,0.6163165916999181,0.5388181593381998,0.17325899546796625,0.0748734970887502,0.05096144697657137,0.40814567786274536,success,C:\Users\YAN_SHU_YU\Desktop\Generative-CD\Q_GNCDM\results\weak_q_lambda_sweep\lq_0p2_ls_0p3_lb_0p4,C:\Users\YAN_SHU_YU\Desktop\Generative-CD\Q_GNCDM\results\weak_q_lambda_sweep\lq_0p2_ls_0p3_lb_0p4\seed_2026\noise_0.20\weak-q_lq_0p2_ls_0p3_lb_0p4\metrics.json
0.2,0.3,0.5,0.0,0.6383333333333333,0.6875027797544921,0.4771038057700225,0.6333333333333333,0.6730133928571429,0.4867343374864224,0.7791666666666667,1.0,0.05357142857142857,0.1016949152542373,0.7757181677018633,0.22083333333333333,0.0,1.0,54,0,54,0.6118650328029286,0.5388616987250068,0.18714149973609231,0.05579977138250163,0.03767021694643931,0.5612309475739797,success,C:\Users\YAN_SHU_YU\Desktop\Generative-CD\Q_GNCDM\results\weak_q_lambda_sweep\lq_0p2_ls_0p3_lb_0p5,C:\Users\YAN_SHU_YU\Desktop\Generative-CD\Q_GNCDM\results\weak_q_lambda_sweep\lq_0p2_ls_0p3_lb_0p5\seed_2026\noise_0.20\weak-q_lq_0p2_ls_0p3_lb_0p5\metrics.json
0.2,0.3,0.6,0.0,0.64,0.691372198007472,0.4718626998304562,0.6533333333333333,0.676328125,0.47744377536810756,0.7666666666666667,0.0,0.0,0.0,0.6738159937888198,0.23333333333333334,0.0,1.0,57,0,57,0.6860316919557976,0.6157446557825262,0.19345124065876007,0.03758294304663485,0.033869844833106705,0.6993364574331226,success,C:\Users\YAN_SHU_YU\Desktop\Generative-CD\Q_GNCDM\results\weak_q_lambda_sweep\lq_0p2_ls_0p3_lb_0p6,C:\Users\YAN_SHU_YU\Desktop\Generative-CD\Q_GNCDM\results\weak_q_lambda_sweep\lq_0p2_ls_0p3_lb_0p6\seed_2026\noise_0.20\weak-q_lq_0p2_ls_0p3_lb_0p6\metrics.json
0.2,0.3,0.7,0.0,0.6358333333333334,0.6902380581747021,0.47609952642419295,0.6383333333333333,0.6747321428571429,0.48207155234302174,0.7666666666666667,0.0,0.0,0.0,0.641110248447205,0.23333333333333334,0.0,1.0,57,0,57,0.6775460270318118,0.6125445889704155,0.2035483740495913,0.025742628978508892,0.023669959158834183,0.7940589641079758,success,C:\Users\YAN_SHU_YU\Desktop\Generative-CD\Q_GNCDM\results\weak_q_lambda_sweep\lq_0p2_ls_0p3_lb_0p7,C:\Users\YAN_SHU_YU\Desktop\Generative-CD\Q_GNCDM\results\weak_q_lambda_sweep\lq_0p2_ls_0p3_lb_0p7\seed_2026\noise_0.20\weak-q_lq_0p2_ls_0p3_lb_0p7\metrics.json
0.2,0.3,0.8,0.0,0.6316666666666667,0.6900726627824232,0.47607279210311854,0.6383333333333333,0.6750334821428571,0.4821725095541674,0.7666666666666667,0.0,0.0,0.0,0.6223796583850931,0.23333333333333334,0.0,1.0,57,0,57,0.6788587136702104,0.6162557791579854,0.20851186527447266,0.019968276166103104,0.01863760312059612,0.8402537875103228,success,C:\Users\YAN_SHU_YU\Desktop\Generative-CD\Q_GNCDM\results\weak_q_lambda_sweep\lq_0p2_ls_0p3_lb_0p8,C:\Users\YAN_SHU_YU\Desktop\Generative-CD\Q_GNCDM\results\weak_q_lambda_sweep\lq_0p2_ls_0p3_lb_0p8\seed_2026\noise_0.20\weak-q_lq_0p2_ls_0p3_lb_0p8\metrics.json
0.2,0.3,0.9,0.0,0.6291666666666667,0.6827438400640456,0.4757225033601171,0.63,0.6629464285714285,0.4795241114945512,0.7666666666666667,0.0,0.0,0.0,0.5931677018633541,0.23333333333333334,0.0,1.0,57,0,57,0.7046293155713514,0.6419266552636118,0.21018583169489197,0.017924012362279675,0.016986988879966015,0.8566079085523431,success,C:\Users\YAN_SHU_YU\Desktop\Generative-CD\Q_GNCDM\results\weak_q_lambda_sweep\lq_0p2_ls_0p3_lb_0p9,C:\Users\YAN_SHU_YU\Desktop\Generative-CD\Q_GNCDM\results\weak_q_lambda_sweep\lq_0p2_ls_0p3_lb_0p9\seed_2026\noise_0.20\weak-q_lq_0p2_ls_0p3_lb_0p9\metrics.json
0.2,0.4,0.05,0.0,0.6475,0.6925813912115282,0.47404314345178333,0.6433333333333333,0.6840848214285714,0.4819477937454364,0.7958333333333333,1.0,0.125,0.2222222222222222,0.8904309006211181,0.20416666666666666,0.0,1.0,46,0,46,0.5915215503085743,0.5121522049109141,0.154642907733267,0.11252198627952373,0.06863938644528389,0.15605418700160403,success,C:\Users\YAN_SHU_YU\Desktop\Generative-CD\Q_GNCDM\results\weak_q_lambda_sweep\lq_0p2_ls_0p4_lb_0p05,C:\Users\YAN_SHU_YU\Desktop\Generative-CD\Q_GNCDM\results\weak_q_lambda_sweep\lq_0p2_ls_0p4_lb_0p05\seed_2026\noise_0.20\weak-q_lq_0p2_ls_0p4_lb_0p05\metrics.json
0.2,0.4,0.1,0.0,0.6466666666666666,0.6920893746664294,0.47418676224657125,0.6366666666666667,0.6862611607142858,0.47955088719286104,0.7916666666666666,1.0,0.10714285714285714,0.1935483870967742,0.8874223602484471,0.20833333333333334,0.0,1.0,47,0,47,0.6001107241168167,0.5201691343928828,0.15846694734963504,0.10439896222316858,0.06488611899090535,0.20549308373169464,success,C:\Users\YAN_SHU_YU\Desktop\Generative-CD\Q_GNCDM\results\weak_q_lambda_sweep\lq_0p2_ls_0p4_lb_0p1,C:\Users\YAN_SHU_YU\Desktop\Generative-CD\Q_GNCDM\results\weak_q_lambda_sweep\lq_0p2_ls_0p4_lb_0p1\seed_2026\noise_0.20\weak-q_lq_0p2_ls_0p4_lb_0p1\metrics.json
0.2,0.4,0.2,0.0,0.6391666666666667,0.6867133294787405,0.4787304995630734,0.6366666666666667,0.6861830357142857,0.48906620299872694,0.7958333333333333,1.0,0.125,0.2222222222222222,0.861024844720497,0.20416666666666666,0.0,1.0,50,0,50,0.5814464092254639,0.5019591690012903,0.17156760620348382,0.08722332627935843,0.05142193445653626,0.32113643938844855,success,C:\Users\YAN_SHU_YU\Desktop\Generative-CD\Q_GNCDM\results\weak_q_lambda_sweep\lq_0p2_ls_0p4_lb_0p2,C:\Users\YAN_SHU_YU\Desktop\Generative-CD\Q_GNCDM\results\weak_q_lambda_sweep\lq_0p2_ls_0p4_lb_0p2\seed_2026\noise_0.20\weak-q_lq_0p2_ls_0p4_lb_0p2\metrics.json
0.2,0.4,0.3,0.0,0.6466666666666666,0.6870135429638855,0.4763972813668847,0.6516666666666666,0.6870424107142856,0.4846409510294252,0.7833333333333333,1.0,0.07142857142857142,0.13333333333333333,0.8258928571428572,0.21666666666666667,0.0,1.0,52,0,52,0.6239190638968439,0.5457405190576207,0.17667954956943338,0.07119282301176678,0.047885012897578155,0.4393521484100457,success,C:\Users\YAN_SHU_YU\Desktop\Generative-CD\Q_GNCDM\results\weak_q_lambda_sweep\lq_0p2_ls_0p4_lb_0p3,C:\Users\YAN_SHU_YU\Desktop\Generative-CD\Q_GNCDM\results\weak_q_lambda_sweep\lq_0p2_ls_0p4_lb_0p3\seed_2026\noise_0.20\weak-q_lq_0p2_ls_0p4_lb_0p3\metrics.json
0.2,0.4,0.4,0.0,0.6458333333333334,0.6874138276107453,0.4767365137858528,0.65,0.6856696428571429,0.47783020702205464,0.7791666666666667,1.0,0.05357142857142857,0.1016949152542373,0.7744565217391305,0.22083333333333333,0.0,1.0,53,0,53,0.6399541163083279,0.5652744043054003,0.18695664022004965,0.0547313949262554,0.03848957479225867,0.5678704353896055,success,C:\Users\YAN_SHU_YU\Desktop\Generative-CD\Q_GNCDM\results\weak_q_lambda_sweep\lq_0p2_ls_0p4_lb_0p4,C:\Users\YAN_SHU_YU\Desktop\Generative-CD\Q_GNCDM\results\weak_q_lambda_sweep\lq_0p2_ls_0p4_lb_0p4\seed_2026\noise_0.20\weak-q_lq_0p2_ls_0p4_lb_0p4\metrics.json
0.2,0.4,0.5,0.0,0.6441666666666667,0.6873109766945383,0.475548740724493,0.645,0.6823214285714285,0.47769133734711067,0.7791666666666667,1.0,0.05357142857142857,0.1016949152542373,0.7259316770186335,0.22083333333333333,0.0,1.0,54,0,54,0.6463529621109818,0.5752452955101476,0.19632298138105508,0.04293809927096873,0.02933566266614379,0.6619271085117803,success,C:\Users\YAN_SHU_YU\Desktop\Generative-CD\Q_GNCDM\results\weak_q_lambda_sweep\lq_0p2_ls_0p4_lb_0p5,C:\Users\YAN_SHU_YU\Desktop\Generative-CD\Q_GNCDM\results\weak_q_lambda_sweep\lq_0p2_ls_0p4_lb_0p5\seed_2026\noise_0.20\weak-q_lq_0p2_ls_0p4_lb_0p5\metrics.json
0.2,0.4,0.6,0.0,0.6416666666666667,0.6862213129336416,0.47436262804914103,0.645,0.678359375,0.4776769145738147,0.7708333333333334,1.0,0.017857142857142856,0.03508771929824561,0.6767274844720497,0.22916666666666666,0.0,1.0,56,0,56,0.6679825213822451,0.6007216572761536,0.20238446534583063,0.0307485241386475,0.02414093372609579,0.756896352226084,success,C:\Users\YAN_SHU_YU\Desktop\Generative-CD\Q_GNCDM\results\weak_q_lambda_sweep\lq_0p2_ls_0p4_lb_0p6,C:\Users\YAN_SHU_YU\Desktop\Generative-CD\Q_GNCDM\results\weak_q_lambda_sweep\lq_0p2_ls_0p4_lb_0p6\seed_2026\noise_0.20\weak-q_lq_0p2_ls_0p4_lb_0p6\metrics.json
0.2,0.4,0.7,0.0,0.6316666666666667,0.6904437600071162,0.47602803330353993,0.65,0.6775223214285715,0.48137012466257223,0.7666666666666667,0.0,0.0,0.0,0.6364518633540373,0.23333333333333334,0.0,1.0,57,0,57,0.6788628137472904,0.6144135594367981,0.20662066295291437,0.02194448605631337,0.020496188888721394,0.8244441097432916,success,C:\Users\YAN_SHU_YU\Desktop\Generative-CD\Q_GNCDM\results\weak_q_lambda_sweep\lq_0p2_ls_0p4_lb_0p7,C:\Users\YAN_SHU_YU\Desktop\Generative-CD\Q_GNCDM\results\weak_q_lambda_sweep\lq_0p2_ls_0p4_lb_0p7\seed_2026\noise_0.20\weak-q_lq_0p2_ls_0p4_lb_0p7\metrics.json
0.2,0.4,0.8,0.0,0.6283333333333333,0.691269347091265,0.4758737745074023,0.6483333333333333,0.676484375,0.4820889669364476,0.7666666666666667,0.0,0.0,0.0,0.6293672360248448,0.23333333333333334,0.0,1.0,57,0,57,0.6805321258125883,0.6183687574935682,0.2106756999185591,0.01731449630901669,0.016378041356801987,0.8614840245608127,success,C:\Users\YAN_SHU_YU\Desktop\Generative-CD\Q_GNCDM\results\weak_q_lambda_sweep\lq_0p2_ls_0p4_lb_0p8,C:\Users\YAN_SHU_YU\Desktop\Generative-CD\Q_GNCDM\results\weak_q_lambda_sweep\lq_0p2_ls_0p4_lb_0p8\seed_2026\noise_0.20\weak-q_lq_0p2_ls_0p4_lb_0p8\metrics.json
0.2,0.4,0.9,0.0,0.6383333333333333,0.6848397749510764,0.4736919058446684,0.6433333333333333,0.6799107142857143,0.47535938124257077,0.7666666666666667,0.0,0.0,0.0,0.6155861801242236,0.23333333333333334,0.0,1.0,58,1,57,0.6809975550030217,0.6188680773431604,0.21270396176612738,0.016557215402523678,0.014406438804034031,0.8675422894232201,success,C:\Users\YAN_SHU_YU\Desktop\Generative-CD\Q_GNCDM\results\weak_q_lambda_sweep\lq_0p2_ls_0p4_lb_0p9,C:\Users\YAN_SHU_YU\Desktop\Generative-CD\Q_GNCDM\results\weak_q_lambda_sweep\lq_0p2_ls_0p4_lb_0p9\seed_2026\noise_0.20\weak-q_lq_0p2_ls_0p4_lb_0p9\metrics.json
0.2,0.5,0.05,0.0,0.6408333333333334,0.6879947962995908,0.4781507386265879,0.6383333333333333,0.6851897321428572,0.4882626377224179,0.8,1.0,0.14285714285714285,0.25,0.8626746894409938,0.2,0.0,1.0,50,0,50,0.5852510057615511,0.5047884438977097,0.1700448366728696,0.08758651894150359,0.05320675733188788,0.3158369114001592,success,C:\Users\YAN_SHU_YU\Desktop\Generative-CD\Q_GNCDM\results\weak_q_lambda_sweep\lq_0p2_ls_0p5_lb_0p05,C:\Users\YAN_SHU_YU\Desktop\Generative-CD\Q_GNCDM\results\weak_q_lambda_sweep\lq_0p2_ls_0p5_lb_0p05\seed_2026\noise_0.20\weak-q_lq_0p2_ls_0p5_lb_0p05\metrics.json
0.2,0.5,0.1,0.0,0.6425,0.6883950809464509,0.47761756915785625,0.635,0.6853906249999999,0.4869974263149911,0.7958333333333333,1.0,0.125,0.2222222222222222,0.8559782608695652,0.20416666666666666,0.0,1.0,50,0,50,0.5937454384384733,0.5133151416525696,0.1734501766887578,0.081454574271585,0.0501297072253444,0.3618872436610135,success,C:\Users\YAN_SHU_YU\Desktop\Generative-CD\Q_GNCDM\results\weak_q_lambda_sweep\lq_0p2_ls_0p5_lb_0p1,C:\Users\YAN_SHU_YU\Desktop\Generative-CD\Q_GNCDM\results\weak_q_lambda_sweep\lq_0p2_ls_0p5_lb_0p1\seed_2026\noise_0.20\weak-q_lq_0p2_ls_0p5_lb_0p1\metrics.json
0.2,0.5,0.2,0.0,0.6466666666666666,0.6872498220957125,0.47637126437383864,0.6416666666666667,0.6841629464285713,0.48576365215576284,0.7833333333333333,1.0,0.07142857142857142,0.13333333333333333,0.8269604037267081,0.21666666666666667,0.0,1.0,51,0,51,0.620106603160049,0.5400879626924341,0.17881681521733603,0.07027558474378152,0.045587422495538536,0.45330672372471204,success,C:\Users\YAN_SHU_YU\Desktop\Generative-CD\Q_GNCDM\results\weak_q_lambda_sweep\lq_0p2_ls_0p5_lb_0p2,C:\Users\YAN_SHU_YU\Desktop\Generative-CD\Q_GNCDM\results\weak_q_lambda_sweep\lq_0p2_ls_0p5_lb_0p2\seed_2026\noise_0.20\weak-q_lq_0p2_ls_0p5_lb_0p2\metrics.json
0.2,0.5,0.3,0.0,0.645,0.6867494662871376,0.47524851508550137,0.645,0.6859151785714285,0.4820285556501023,0.7791666666666667,1.0,0.05357142857142857,0.1016949152542373,0.7837732919254659,0.22083333333333333,0.0,1.0,53,0,53,0.6513678350231864,0.5750268124269716,0.18667323277755218,0.05459875015146805,0.039023336192423645,0.5694483843716708,success,C:\Users\YAN_SHU_YU\Desktop\Generative-CD\Q_GNCDM\results\weak_q_lambda_sweep\lq_0p2_ls_0p5_lb_0p3,C:\Users\YAN_SHU_YU\Desktop\Generative-CD\Q_GNCDM\results\weak_q_lambda_sweep\lq_0p2_ls_0p5_lb_0p3\seed_2026\noise_0.20\weak-q_lq_0p2_ls_0p5_lb_0p3\metrics.json
0.2,0.5,0.4,0.0,0.6375,0.6850343577655222,0.4806472152165647,0.6366666666666667,0.682734375,0.4840659599774051,0.7791666666666667,1.0,0.05357142857142857,0.1016949152542373,0.734569099378882,0.22083333333333333,0.0,1.0,54,0,54,0.6451692653424812,0.5716917216777802,0.19514397983298157,0.04439361207187176,0.030629855919290672,0.6498011513189836,success,C:\Users\YAN_SHU_YU\Desktop\Generative-CD\Q_GNCDM\results\weak_q_lambda_sweep\lq_0p2_ls_0p5_lb_0p4,C:\Users\YAN_SHU_YU\Desktop\Generative-CD\Q_GNCDM\results\weak_q_lambda_sweep\lq_0p2_ls_0p5_lb_0p4\seed_2026\noise_0.20\weak-q_lq_0p2_ls_0p5_lb_0p4\metrics.json
0.2,0.5,0.5,0.0,0.6408333333333334,0.6853790473225405,0.47537246597560806,0.655,0.6815625000000001,0.47761354106862497,0.775,1.0,0.03571428571428571,0.06896551724137931,0.6980784161490683,0.225,0.0,1.0,54,0,54,0.6545888907981642,0.5838283192027699,0.2014006326595942,0.03649193387139927,0.02446895358011578,0.7128405236836636,success,C:\Users\YAN_SHU_YU\Desktop\Generative-CD\Q_GNCDM\results\weak_q_lambda_sweep\lq_0p2_ls_0p5_lb_0p5,C:\Users\YAN_SHU_YU\Desktop\Generative-CD\Q_GNCDM\results\weak_q_lambda_sweep\lq_0p2_ls_0p5_lb_0p5\seed_2026\noise_0.20\weak-q_lq_0p2_ls_0p5_lb_0p5\metrics.json
0.2,0.5,0.6,0.0,0.6416666666666667,0.6854874577477317,0.47443571781014193,0.6466666666666666,0.6801450892857144,0.47669604898610696,0.7708333333333334,1.0,0.017857142857142856,0.03508771929824561,0.6611995341614907,0.22916666666666666,0.0,1.0,55,0,55,0.670380503842325,0.603153539426399,0.20562715738108664,0.027204158010356354,0.02083242012921608,0.7848681364998673,success,C:\Users\YAN_SHU_YU\Desktop\Generative-CD\Q_GNCDM\results\weak_q_lambda_sweep\lq_0p2_ls_0p5_lb_0p6,C:\Users\YAN_SHU_YU\Desktop\Generative-CD\Q_GNCDM\results\weak_q_lambda_sweep\lq_0p2_ls_0p5_lb_0p6\seed_2026\noise_0.20\weak-q_lq_0p2_ls_0p5_lb_0p6\metrics.json
0.2,0.5,0.7,0.0,0.6316666666666667,0.6889093355274862,0.47670956004817966,0.6533333333333333,0.6825111607142857,0.48010929839208477,0.7666666666666667,0.0,0.0,0.0,0.641207298136646,0.23333333333333334,0.0,1.0,57,1,56,0.6736278967423872,0.6065914052905459,0.20821304054874362,0.024405335640591202,0.018844604351078018,0.8047573123917435,success,C:\Users\YAN_SHU_YU\Desktop\Generative-CD\Q_GNCDM\results\weak_q_lambda_sweep\lq_0p2_ls_0p5_lb_0p7,C:\Users\YAN_SHU_YU\Desktop\Generative-CD\Q_GNCDM\results\weak_q_lambda_sweep\lq_0p2_ls_0p5_lb_0p7\seed_2026\noise_0.20\weak-q_lq_0p2_ls_0p5_lb_0p7\metrics.json
0.2,0.5,0.8,0.0,0.6425,0.6853151129692225,0.4753779158033389,0.6466666666666666,0.6768303571428571,0.47666788726712006,0.7708333333333334,1.0,0.017857142857142856,0.03508771929824561,0.6331521739130435,0.22916666666666666,0.0,1.0,57,1,56,0.676584263642629,0.6117876957763325,0.2120667826948744,0.02110275730603572,0.014789792426833601,0.8311779417774894,success,C:\Users\YAN_SHU_YU\Desktop\Generative-CD\Q_GNCDM\results\weak_q_lambda_sweep\lq_0p2_ls_0p5_lb_0p8,C:\Users\YAN_SHU_YU\Desktop\Generative-CD\Q_GNCDM\results\weak_q_lambda_sweep\lq_0p2_ls_0p5_lb_0p8\seed_2026\noise_0.20\weak-q_lq_0p2_ls_0p5_lb_0p8\metrics.json
0.2,0.5,0.9,0.0,0.6425,0.6848342154420921,0.4743017502467742,0.65,0.6838839285714287,0.47407942820076043,0.7708333333333334,1.0,0.017857142857142856,0.03508771929824561,0.6317934782608696,0.22916666666666666,0.0,1.0,56,0,56,0.6797056071686022,0.617151290178299,0.2139757006908908,0.016868856312199074,0.012583054475147615,0.8651833850325961,success,C:\Users\YAN_SHU_YU\Desktop\Generative-CD\Q_GNCDM\results\weak_q_lambda_sweep\lq_0p2_ls_0p5_lb_0p9,C:\Users\YAN_SHU_YU\Desktop\Generative-CD\Q_GNCDM\results\weak_q_lambda_sweep\lq_0p2_ls_0p5_lb_0p9\seed_2026\noise_0.20\weak-q_lq_0p2_ls_0p5_lb_0p9\metrics.json
0.2,0.6,0.05,0.0,0.6425,0.6879058441558441,0.47512285032787765,0.6416666666666667,0.6899441964285715,0.47523361873081615,0.7833333333333333,1.0,0.07142857142857142,0.13333333333333333,0.8486995341614906,0.21666666666666667,0.0,1.0,50,0,50,0.63529772921042,0.5535671692906003,0.17468824124697482,0.07379888314189333,0.0502716029119311,0.426635075247649,success,C:\Users\YAN_SHU_YU\Desktop\Generative-CD\Q_GNCDM\results\weak_q_lambda_sweep\lq_0p2_ls_0p6_lb_0p05,C:\Users\YAN_SHU_YU\Desktop\Generative-CD\Q_GNCDM\results\weak_q_lambda_sweep\lq_0p2_ls_0p6_lb_0p05\seed_2026\noise_0.20\weak-q_lq_0p2_ls_0p6_lb_0p05\metrics.json
0.2,0.6,0.1,0.0,0.65,0.6874054883472691,0.47620839672603443,0.6433333333333333,0.6841183035714287,0.48499981200862574,0.7875,1.0,0.08928571428571429,0.16393442622950818,0.827833850931677,0.2125,0.0,1.0,51,0,51,0.6199773960944378,0.538910914551128,0.18095698884942316,0.06753440472212704,0.04354436785885782,0.47373623604124243,success,C:\Users\YAN_SHU_YU\Desktop\Generative-CD\Q_GNCDM\results\weak_q_lambda_sweep\lq_0p2_ls_0p6_lb_0p1,C:\Users\YAN_SHU_YU\Desktop\Generative-CD\Q_GNCDM\results\weak_q_lambda_sweep\lq_0p2_ls_0p6_lb_0p1\seed_2026\noise_0.20\weak-q_lq_0p2_ls_0p6_lb_0p1\metrics.json
0.2,0.6,0.2,0.0,0.6441666666666667,0.6869273705746308,0.4757162999534207,0.6416666666666667,0.6863839285714286,0.48201452003969597,0.7791666666666667,1.0,0.05357142857142857,0.1016949152542373,0.7914402173913043,0.22083333333333333,0.0,1.0,53,0,53,0.6518994547200926,0.5742977338306832,0.1867425346916372,0.054099499050414925,0.03896756549224709,0.5726851134589224,success,C:\Users\YAN_SHU_YU\Desktop\Generative-CD\Q_GNCDM\results\weak_q_lambda_sweep\lq_0p2_ls_0p6_lb_0p2,C:\Users\YAN_SHU_YU\Desktop\Generative-CD\Q_GNCDM\results\weak_q_lambda_sweep\lq_0p2_ls_0p6_lb_0p2\seed_2026\noise_0.20\weak-q_lq_0p2_ls_0p6_lb_0p2\metrics.json
0.2,0.6,0.3,0.0,0.645,0.686001712328767,0.4772522801101041,0.6466666666666666,0.6858482142857143,0.47703907970483206,0.7791666666666667,1.0,0.05357142857142857,0.1016949152542373,0.7440799689440993,0.22083333333333333,0.0,1.0,54,0,54,0.6508521825978251,0.5755323496731845,0.19435424628582867,0.044997455100670006,0.0315016820236589,0.6447233991189436,success,C:\Users\YAN_SHU_YU\Desktop\Generative-CD\Q_GNCDM\results\weak_q_lambda_sweep\lq_0p2_ls_0p6_lb_0p3,C:\Users\YAN_SHU_YU\Desktop\Generative-CD\Q_GNCDM\results\weak_q_lambda_sweep\lq_0p2_ls_0p6_lb_0p3\seed_2026\noise_0.20\weak-q_lq_0p2_ls_0p6_lb_0p3\metrics.json
0.2,0.6,0.4,0.0,0.6316666666666667,0.6838029265255293,0.4801355310859952,0.6416666666666667,0.685546875,0.4822701156157207,0.7791666666666667,1.0,0.05357142857142857,0.1016949152542373,0.7085597826086957,0.22083333333333333,0.0,1.0,54,0,54,0.6527302834120664,0.5796274398312424,0.20014511793851852,0.03793977675112811,0.025774874583338245,0.7010231000004392,success,C:\Users\YAN_SHU_YU\Desktop\Generative-CD\Q_GNCDM\results\weak_q_lambda_sweep\lq_0p2_ls_0p6_lb_0p4,C:\Users\YAN_SHU_YU\Desktop\Generative-CD\Q_GNCDM\results\weak_q_lambda_sweep\lq_0p2_ls_0p6_lb_0p4\seed_2026\noise_0.20\weak-q_lq_0p2_ls_0p6_lb_0p4\metrics.json
0.2,0.6,0.5,0.0,0.6358333333333334,0.6843505381604698,0.4790000513650382,0.65,0.6883705357142857,0.47844431287552897,0.7708333333333334,1.0,0.017857142857142856,0.03508771929824561,0.6733307453416149,0.22916666666666666,0.0,1.0,55,0,55,0.66897611636104,0.5993770099047458,0.20409471812573346,0.029300035683043076,0.022400282492691822,0.7677368991302721,success,C:\Users\YAN_SHU_YU\Desktop\Generative-CD\Q_GNCDM\results\weak_q_lambda_sweep\lq_0p2_ls_0p6_lb_0p5,C:\Users\YAN_SHU_YU\Desktop\Generative-CD\Q_GNCDM\results\weak_q_lambda_sweep\lq_0p2_ls_0p6_lb_0p5\seed_2026\noise_0.20\weak-q_lq_0p2_ls_0p6_lb_0p5\metrics.json
0.2,0.6,0.6,0.0,0.6416666666666667,0.6858043497598292,0.4745224685724053,0.6516666666666666,0.6835267857142857,0.4753780789086859,0.7708333333333334,1.0,0.017857142857142856,0.03508771929824561,0.641401397515528,0.22916666666666666,0.0,1.0,55,0,55,0.6724340689904762,0.6039828965158174,0.20734133729428955,0.025693278816161735,0.01927822675894607,0.7945564434383855,success,C:\Users\YAN_SHU_YU\Desktop\Generative-CD\Q_GNCDM\results\weak_q_lambda_sweep\lq_0p2_ls_0p6_lb_0p6,C:\Users\YAN_SHU_YU\Desktop\Generative-CD\Q_GNCDM\results\weak_q_lambda_sweep\lq_0p2_ls_0p6_lb_0p6\seed_2026\noise_0.20\weak-q_lq_0p2_ls_0p6_lb_0p6\metrics.json
0.2,0.6,0.7,0.0,0.6441666666666667,0.6823602339441381,0.47577836666698015,0.6483333333333333,0.6910825892857143,0.47231011574958925,0.7625,0.0,0.0,0.0,0.6227678571428572,0.2375,0.0,1.0,57,1,56,0.6724617183208466,0.6053460935751597,0.21073088636904053,0.02237261487453273,0.016494106360231384,0.8224926310958285,success,C:\Users\YAN_SHU_YU\Desktop\Generative-CD\Q_GNCDM\results\weak_q_lambda_sweep\lq_0p2_ls_0p6_lb_0p7,C:\Users\YAN_SHU_YU\Desktop\Generative-CD\Q_GNCDM\results\weak_q_lambda_sweep\lq_0p2_ls_0p6_lb_0p7\seed_2026\noise_0.20\weak-q_lq_0p2_ls_0p6_lb_0p7\metrics.json
0.2,0.6,0.8,0.0,0.6383333333333333,0.6828911670521259,0.47431371324117133,0.6433333333333333,0.6806138392857143,0.47505521258963335,0.7708333333333334,1.0,0.017857142857142856,0.03508771929824561,0.6408190993788819,0.22916666666666666,0.0,1.0,57,1,56,0.6776898602644602,0.6121458718270967,0.21290688600504037,0.019757793764724876,0.013884921967418808,0.8419376566554561,success,C:\Users\YAN_SHU_YU\Desktop\Generative-CD\Q_GNCDM\results\weak_q_lambda_sweep\lq_0p2_ls_0p6_lb_0p8,C:\Users\YAN_SHU_YU\Desktop\Generative-CD\Q_GNCDM\results\weak_q_lambda_sweep\lq_0p2_ls_0p6_lb_0p8\seed_2026\noise_0.20\weak-q_lq_0p2_ls_0p6_lb_0p8\metrics.json
0.2,0.6,0.9,0.0,0.6433333333333333,0.6852150418075076,0.47399567661229075,0.65,0.6844531249999999,0.47362024164690963,0.7708333333333334,1.0,0.017857142857142856,0.03508771929824561,0.6375194099378882,0.22916666666666666,0.0,1.0,56,0,56,0.6815012223792799,0.6182845541925142,0.21454404294490814,0.01583724869697383,0.012006116649982605,0.8733020063602563,success,C:\Users\YAN_SHU_YU\Desktop\Generative-CD\Q_GNCDM\results\weak_q_lambda_sweep\lq_0p2_ls_0p6_lb_0p9,C:\Users\YAN_SHU_YU\Desktop\Generative-CD\Q_GNCDM\results\weak_q_lambda_sweep\lq_0p2_ls_0p6_lb_0p9\seed_2026\noise_0.20\weak-q_lq_0p2_ls_0p6_lb_0p9\metrics.json
0.2,0.7,0.05,0.0,0.6458333333333334,0.6873610122753958,0.4759857844593239,0.6316666666666667,0.6812276785714286,0.48548383100603004,0.7791666666666667,1.0,0.05357142857142857,0.1016949152542373,0.8127911490683231,0.22083333333333333,0.0,1.0,51,0,51,0.6367251358248971,0.5552432622873422,0.18357782630306302,0.060990874683766655,0.0414540252902291,0.52017307100874,success,C:\Users\YAN_SHU_YU\Desktop\Generative-CD\Q_GNCDM\results\weak_q_lambda_sweep\lq_0p2_ls_0p7_lb_0p05,C:\Users\YAN_SHU_YU\Desktop\Generative-CD\Q_GNCDM\results\weak_q_lambda_sweep\lq_0p2_ls_0p7_lb_0p05\seed_2026\noise_0.20\weak-q_lq_0p2_ls_0p7_lb_0p05\metrics.json
0.2,0.7,0.1,0.0,0.6441666666666667,0.686932930083615,0.475859779624893,0.64,0.685859375,0.48232445467358975,0.7791666666666667,1.0,0.05357142857142857,0.1016949152542373,0.7966809006211181,0.22083333333333333,0.0,1.0,53,0,53,0.6526698980367545,0.5738889742078204,0.18670091213602008,0.05362819880247116,0.039010038768703285,0.5758756615898826,success,C:\Users\YAN_SHU_YU\Desktop\Generative-CD\Q_GNCDM\results\weak_q_lambda_sweep\lq_0p2_ls_0p7_lb_0p1,C:\Users\YAN_SHU_YU\Desktop\Generative-CD\Q_GNCDM\results\weak_q_lambda_sweep\lq_0p2_ls_0p7_lb_0p1\seed_2026\noise_0.20\weak-q_lq_0p2_ls_0p7_lb_0p1\metrics.json
0.2,0.7,0.2,0.0,0.6433333333333333,0.6851872442625867,0.4752516124689987,0.645,0.6873325892857143,0.48117493204499423,0.775,1.0,0.03571428571428571,0.06896551724137931,0.7588315217391305,0.225,0.0,1.0,54,0,54,0.6606921797448938,0.5836064594261574,0.19314219238180103,0.04555373644512711,0.032848323384920754,0.640829838586576,success,C:\Users\YAN_SHU_YU\Desktop\Generative-CD\Q_GNCDM\results\weak_q_lambda_sweep\lq_0p2_ls_0p7_lb_0p2,C:\Users\YAN_SHU_YU\Desktop\Generative-CD\Q_GNCDM\results\weak_q_lambda_sweep\lq_0p2_ls_0p7_lb_0p2\seed_2026\noise_0.20\weak-q_lq_0p2_ls_0p7_lb_0p2\metrics.json
0.2,0.7,0.3,0.0,0.635,0.6837334326632272,0.4814406564198109,0.645,0.6845647321428572,0.4827299585735037,0.7791666666666667,1.0,0.05357142857142857,0.1016949152542373,0.7210791925465839,0.22083333333333333,0.0,1.0,54,0,54,0.6512882176673773,0.5764172745473457,0.19946866888891568,0.03863772811988989,0.02643600261459748,0.6945807175202803,success,C:\Users\YAN_SHU_YU\Desktop\Generative-CD\Q_GNCDM\results\weak_q_lambda_sweep\lq_0p2_ls_0p7_lb_0p3,C:\Users\YAN_SHU_YU\Desktop\Generative-CD\Q_GNCDM\results\weak_q_lambda_sweep\lq_0p2_ls_0p7_lb_0p3\seed_2026\noise_0.20\weak-q_lq_0p2_ls_0p7_lb_0p3\metrics.json
0.2,0.7,0.4,0.0,0.6308333333333334,0.6847536025618218,0.47939389924882714,0.6516666666666666,0.6889397321428572,0.4797385994837012,0.7708333333333334,1.0,0.017857142857142856,0.03508771929824561,0.68652950310559,0.22916666666666666,0.0,1.0,54,0,54,0.6613667869206631,0.5884458395567808,0.20271587439558722,0.03287843603527907,0.023407182402231476,0.7386471647204775,success,C:\Users\YAN_SHU_YU\Desktop\Generative-CD\Q_GNCDM\results\weak_q_lambda_sweep\lq_0p2_ls_0p7_lb_0p4,C:\Users\YAN_SHU_YU\Desktop\Generative-CD\Q_GNCDM\results\weak_q_lambda_sweep\lq_0p2_ls_0p7_lb_0p4\seed_2026\noise_0.20\weak-q_lq_0p2_ls_0p7_lb_0p4\metrics.json
0.2,0.7,0.5,0.0,0.6366666666666667,0.6836806173278775,0.4786640878864043,0.6516666666666666,0.68984375,0.47777705515428587,0.7708333333333334,1.0,0.017857142857142856,0.03508771929824561,0.6619759316770186,0.22916666666666666,0.0,1.0,55,0,55,0.6720918335697867,0.6024732689062754,0.2063620456240394,0.0260790494468176,0.020181640107749088,0.7926685999740254,success,C:\Users\YAN_SHU_YU\Desktop\Generative-CD\Q_GNCDM\results\weak_q_lambda_sweep\lq_0p2_ls_0p7_lb_0p5,C:\Users\YAN_SHU_YU\Desktop\Generative-CD\Q_GNCDM\results\weak_q_lambda_sweep\lq_0p2_ls_0p7_lb_0p5\seed_2026\noise_0.20\weak-q_lq_0p2_ls_0p7_lb_0p5\metrics.json
0.2,0.7,0.6,0.0,0.6408333333333334,0.682560376267568,0.47642765308307256,0.66,0.697064732142857,0.47051238342342055,0.7666666666666667,0.5,0.017857142857142856,0.034482758620689655,0.6146156832298137,0.23333333333333334,0.0,1.0,57,1,56,0.6663882804639412,0.5975175201892853,0.21103176926121567,0.02435928961318551,0.0160214982531739,0.8075198928515116,success,C:\Users\YAN_SHU_YU\Desktop\Generative-CD\Q_GNCDM\results\weak_q_lambda_sweep\lq_0p2_ls_0p7_lb_0p6,C:\Users\YAN_SHU_YU\Desktop\Generative-CD\Q_GNCDM\results\weak_q_lambda_sweep\lq_0p2_ls_0p7_lb_0p6\seed_2026\noise_0.20\weak-q_lq_0p2_ls_0p7_lb_0p6\metrics.json
0.2,0.7,0.7,0.0,0.6416666666666667,0.6815707836683864,0.4760414765259705,0.6583333333333333,0.6920982142857142,0.47181628126404185,0.7625,0.0,0.0,0.0,0.624126552795031,0.2375,0.0,1.0,57,1,56,0.6743162301453677,0.607077293323748,0.2121226857557441,0.020512862526106113,0.014936273339006937,0.8369441339463899,success,C:\Users\YAN_SHU_YU\Desktop\Generative-CD\Q_GNCDM\results\weak_q_lambda_sweep\lq_0p2_ls_0p7_lb_0p7,C:\Users\YAN_SHU_YU\Desktop\Generative-CD\Q_GNCDM\results\weak_q_lambda_sweep\lq_0p2_ls_0p7_lb_0p7\seed_2026\noise_0.20\weak-q_lq_0p2_ls_0p7_lb_0p7\metrics.json
0.2,0.7,0.8,0.0,0.64,0.6808146904465397,0.4756437903464566,0.65,0.6881026785714286,0.4725004036414084,0.7625,0.0,0.0,0.0,0.6340256211180125,0.2375,0.0,1.0,58,1,57,0.6786506934599443,0.6130332287513849,0.21369944806351807,0.017449608270191784,0.013328557551810236,0.8604031503200531,success,C:\Users\YAN_SHU_YU\Desktop\Generative-CD\Q_GNCDM\results\weak_q_lambda_sweep\lq_0p2_ls_0p7_lb_0p8,C:\Users\YAN_SHU_YU\Desktop\Generative-CD\Q_GNCDM\results\weak_q_lambda_sweep\lq_0p2_ls_0p7_lb_0p8\seed_2026\noise_0.20\weak-q_lq_0p2_ls_0p7_lb_0p8\metrics.json
0.2,0.7,0.9,0.0,0.6408333333333334,0.6850816135918876,0.473679002869168,0.6466666666666666,0.6854352678571428,0.473434852561421,0.7708333333333334,1.0,0.017857142857142856,0.03508771929824561,0.6375194099378881,0.22916666666666666,0.0,1.0,56,0,56,0.6842456044572772,0.6206621067090468,0.21472189439968628,0.014203568102058136,0.011885135110016123,0.8863714536031088,success,C:\Users\YAN_SHU_YU\Desktop\Generative-CD\Q_GNCDM\results\weak_q_lambda_sweep\lq_0p2_ls_0p7_lb_0p9,C:\Users\YAN_SHU_YU\Desktop\Generative-CD\Q_GNCDM\results\weak_q_lambda_sweep\lq_0p2_ls_0p7_lb_0p9\seed_2026\noise_0.20\weak-q_lq_0p2_ls_0p7_lb_0p9\metrics.json
0.2,0.8,0.05,0.0,0.6433333333333333,0.6860489681551325,0.47577888542905744,0.6416666666666667,0.6870424107142857,0.4815551193050864,0.7791666666666667,1.0,0.05357142857142857,0.1016949152542373,0.7828998447204968,0.22083333333333333,0.0,1.0,54,0,54,0.6583867529124925,0.5795743036450762,0.19023566309249762,0.04872536128669074,0.03570052292762381,0.6146651127121665,success,C:\Users\YAN_SHU_YU\Desktop\Generative-CD\Q_GNCDM\results\weak_q_lambda_sweep\lq_0p2_ls_0p8_lb_0p05,C:\Users\YAN_SHU_YU\Desktop\Generative-CD\Q_GNCDM\results\weak_q_lambda_sweep\lq_0p2_ls_0p8_lb_0p05\seed_2026\noise_0.20\weak-q_lq_0p2_ls_0p8_lb_0p05\metrics.json
0.2,0.8,0.1,0.0,0.6433333333333333,0.6852567381248889,0.47555781809310177,0.6433333333333333,0.6877678571428572,0.4811291425323226,0.7791666666666667,1.0,0.05357142857142857,0.1016949152542373,0.7660131987577639,0.22083333333333333,0.0,1.0,54,0,54,0.6615382450999636,0.5833398352066675,0.19297948095834616,0.04537366816040241,0.033035809343511406,0.6415934029853705,success,C:\Users\YAN_SHU_YU\Desktop\Generative-CD\Q_GNCDM\results\weak_q_lambda_sweep\lq_0p2_ls_0p8_lb_0p1,C:\Users\YAN_SHU_YU\Desktop\Generative-CD\Q_GNCDM\results\weak_q_lambda_sweep\lq_0p2_ls_0p8_lb_0p1\seed_2026\noise_0.20\weak-q_lq_0p2_ls_0p8_lb_0p1\metrics.json
0.2,0.8,0.2,0.0,0.6333333333333333,0.6846229541006938,0.48187343445361486,0.6466666666666666,0.6853571428571429,0.48261152279232317,0.7791666666666667,1.0,0.05357142857142857,0.1016949152542373,0.7280667701863355,0.22083333333333333,0.0,1.0,54,0,54,0.6510413812868523,0.5747792743372194,0.1989513597253597,0.03884695673530752,0.026971351327092358,0.692235959298683,success,C:\Users\YAN_SHU_YU\Desktop\Generative-CD\Q_GNCDM\results\weak_q_lambda_sweep\lq_0p2_ls_0p8_lb_0p2,C:\Users\YAN_SHU_YU\Desktop\Generative-CD\Q_GNCDM\results\weak_q_lambda_sweep\lq_0p2_ls_0p8_lb_0p2\seed_2026\noise_0.20\weak-q_lq_0p2_ls_0p8_lb_0p2\metrics.json
0.2,0.8,0.3,0.0,0.6291666666666667,0.6839168964597047,0.48016557925064396,0.6516666666666666,0.6875334821428571,0.4808032626384527,0.775,1.0,0.03571428571428571,0.06896551724137931,0.6963315217391304,0.225,0.0,1.0,54,0,54,0.657988990798141,0.5831768264373144,0.20253983794739752,0.03407795620009755,0.023472761481323025,0.7297541824254122,success,C:\Users\YAN_SHU_YU\Desktop\Generative-CD\Q_GNCDM\results\weak_q_lambda_sweep\lq_0p2_ls_0p8_lb_0p3,C:\Users\YAN_SHU_YU\Desktop\Generative-CD\Q_GNCDM\results\weak_q_lambda_sweep\lq_0p2_ls_0p8_lb_0p3\seed_2026\noise_0.20\weak-q_lq_0p2_ls_0p8_lb_0p3\metrics.json
0.2,0.8,0.4,0.0,0.6366666666666667,0.6835360700942893,0.47929521829945987,0.655,0.6900223214285715,0.4783422958236123,0.7708333333333334,1.0,0.017857142857142856,0.03508771929824561,0.6753687888198758,0.22916666666666666,0.0,1.0,55,0,55,0.6686644879254428,0.5965711257674478,0.20487344377871716,0.028141769495877354,0.02151314380832694,0.7758703394369646,success,C:\Users\YAN_SHU_YU\Desktop\Generative-CD\Q_GNCDM\results\weak_q_lambda_sweep\lq_0p2_ls_0p8_lb_0p4,C:\Users\YAN_SHU_YU\Desktop\Generative-CD\Q_GNCDM\results\weak_q_lambda_sweep\lq_0p2_ls_0p8_lb_0p4\seed_2026\noise_0.20\weak-q_lq_0p2_ls_0p8_lb_0p4\metrics.json
0.2,0.8,0.5,0.0,0.6416666666666667,0.6803059953744885,0.4780647247593223,0.6533333333333333,0.6992410714285715,0.47023399398205434,0.7666666666666667,0.5,0.017857142857142856,0.034482758620689655,0.6167507763975155,0.23333333333333334,0.0,1.0,57,1,56,0.6660803791248437,0.5956740325147455,0.21046197798215982,0.02500275657935576,0.01662349748904958,0.801916775378314,success,C:\Users\YAN_SHU_YU\Desktop\Generative-CD\Q_GNCDM\results\weak_q_lambda_sweep\lq_0p2_ls_0p8_lb_0p5,C:\Users\YAN_SHU_YU\Desktop\Generative-CD\Q_GNCDM\results\weak_q_lambda_sweep\lq_0p2_ls_0p8_lb_0p5\seed_2026\noise_0.20\weak-q_lq_0p2_ls_0p8_lb_0p5\metrics.json
0.2,0.8,0.6,0.0,0.6408333333333334,0.680989814979541,0.4769629877329816,0.6533333333333333,0.6944308035714286,0.47147034884836386,0.7666666666666667,0.5,0.017857142857142856,0.034482758620689655,0.6160714285714286,0.23333333333333334,0.0,1.0,57,1,56,0.6682575606938564,0.5990185737609863,0.21239872818643396,0.022584281636006905,0.014486361111542492,0.8207870161894596,success,C:\Users\YAN_SHU_YU\Desktop\Generative-CD\Q_GNCDM\results\weak_q_lambda_sweep\lq_0p2_ls_0p8_lb_0p6,C:\Users\YAN_SHU_YU\Desktop\Generative-CD\Q_GNCDM\results\weak_q_lambda_sweep\lq_0p2_ls_0p8_lb_0p6\seed_2026\noise_0.20\weak-q_lq_0p2_ls_0p8_lb_0p6\metrics.json
0.2,0.8,0.7,0.0,0.6383333333333333,0.6807785536381428,0.47656743572378185,0.655,0.693984375,0.4715810424352606,0.7666666666666667,0.5,0.017857142857142856,0.034482758620689655,0.6265527950310559,0.23333333333333334,0.0,1.0,57,1,56,0.6731411534728426,0.6049700930263057,0.21348990206465576,0.020166576585986397,0.01334260075324864,0.8389864916151221,success,C:\Users\YAN_SHU_YU\Desktop\Generative-CD\Q_GNCDM\results\weak_q_lambda_sweep\lq_0p2_ls_0p8_lb_0p7,C:\Users\YAN_SHU_YU\Desktop\Generative-CD\Q_GNCDM\results\weak_q_lambda_sweep\lq_0p2_ls_0p8_lb_0p7\seed_2026\noise_0.20\weak-q_lq_0p2_ls_0p8_lb_0p7\metrics.json
0.2,0.8,0.8,0.0,0.6366666666666667,0.6816569560576411,0.4755454293828623,0.6483333333333333,0.6895200892857143,0.47203915867117513,0.7625,0.0,0.0,0.0,0.641498447204969,0.2375,0.0,1.0,58,1,57,0.6802959595665787,0.6139204249237523,0.21390368608814297,0.016539398157461124,0.012954093600538645,0.8676848176753882,success,C:\Users\YAN_SHU_YU\Desktop\Generative-CD\Q_GNCDM\results\weak_q_lambda_sweep\lq_0p2_ls_0p8_lb_0p8,C:\Users\YAN_SHU_YU\Desktop\Generative-CD\Q_GNCDM\results\weak_q_lambda_sweep\lq_0p2_ls_0p8_lb_0p8\seed_2026\noise_0.20\weak-q_lq_0p2_ls_0p8_lb_0p8\metrics.json
0.2,0.8,0.9,0.0,0.6425,0.6834554572140188,0.4737599376543806,0.6516666666666666,0.6891741071428571,0.472525692400256,0.7666666666666667,0.0,0.0,0.0,0.640722049689441,0.23333333333333334,0.0,1.0,57,0,57,0.6864094607757799,0.6232169044740272,0.2152207807609529,0.012381828390061855,0.011381036390296438,0.900945367235126,success,C:\Users\YAN_SHU_YU\Desktop\Generative-CD\Q_GNCDM\results\weak_q_lambda_sweep\lq_0p2_ls_0p8_lb_0p9,C:\Users\YAN_SHU_YU\Desktop\Generative-CD\Q_GNCDM\results\weak_q_lambda_sweep\lq_0p2_ls_0p8_lb_0p9\seed_2026\noise_0.20\weak-q_lq_0p2_ls_0p8_lb_0p9\metrics.json
0.2,0.9,0.05,0.0,0.6375,0.6855402730830813,0.4820531148283413,0.6366666666666667,0.6840848214285715,0.48306191531117654,0.7791666666666667,1.0,0.05357142857142857,0.1016949152542373,0.7517468944099379,0.22083333333333333,0.0,1.0,54,0,54,0.647611447355964,0.5695760069471417,0.1964151139060656,0.04141979800029234,0.029491978387037914,0.6708235289111282,success,C:\Users\YAN_SHU_YU\Desktop\Generative-CD\Q_GNCDM\results\weak_q_lambda_sweep\lq_0p2_ls_0p9_lb_0p05,C:\Users\YAN_SHU_YU\Desktop\Generative-CD\Q_GNCDM\results\weak_q_lambda_sweep\lq_0p2_ls_0p9_lb_0p05\seed_2026\noise_0.20\weak-q_lq_0p2_ls_0p9_lb_0p05\metrics.json
0.2,0.9,0.1,0.0,0.635,0.685030188133784,0.48195826058496005,0.64,0.6859263392857142,0.4822310051456623,0.7791666666666667,1.0,0.05357142857142857,0.1016949152542373,0.735248447204969,0.22083333333333333,0.0,1.0,54,0,54,0.6511519894455419,0.5737294572772402,0.1985540051351894,0.038859535798881996,0.027381491790892498,0.691420232707804,success,C:\Users\YAN_SHU_YU\Desktop\Generative-CD\Q_GNCDM\results\weak_q_lambda_sweep\lq_0p2_ls_0p9_lb_0p1,C:\Users\YAN_SHU_YU\Desktop\Generative-CD\Q_GNCDM\results\weak_q_lambda_sweep\lq_0p2_ls_0p9_lb_0p1\seed_2026\noise_0.20\weak-q_lq_0p2_ls_0p9_lb_0p1\metrics.json
0.2,0.9,0.2,0.0,0.6283333333333333,0.6826687866927593,0.48126833795583546,0.65,0.6878459821428572,0.4809904756967111,0.7791666666666667,1.0,0.05357142857142857,0.1016949152542373,0.7075892857142857,0.22083333333333333,0.0,1.0,54,0,54,0.6574232334440405,0.581228004712047,0.2021769271655516,0.034441464778148766,0.02381262310187925,0.7265584243066383,success,C:\Users\YAN_SHU_YU\Desktop\Generative-CD\Q_GNCDM\results\weak_q_lambda_sweep\lq_0p2_ls_0p9_lb_0p2,C:\Users\YAN_SHU_YU\Desktop\Generative-CD\Q_GNCDM\results\weak_q_lambda_sweep\lq_0p2_ls_0p9_lb_0p2\seed_2026\noise_0.20\weak-q_lq_0p2_ls_0p9_lb_0p2\metrics.json
0.2,0.9,0.3,0.0,0.6358333333333334,0.6839446940046255,0.47961063881272176,0.6633333333333333,0.6922767857142857,0.47874076268875676,0.7708333333333334,1.0,0.017857142857142856,0.03508771929824561,0.6842973602484472,0.22916666666666666,0.0,1.0,54,0,54,0.6645381595149185,0.5901275669986551,0.2044596281467062,0.03000343596619187,0.02171860798967607,0.760788437091943,success,C:\Users\YAN_SHU_YU\Desktop\Generative-CD\Q_GNCDM\results\weak_q_lambda_sweep\lq_0p2_ls_0p9_lb_0p3,C:\Users\YAN_SHU_YU\Desktop\Generative-CD\Q_GNCDM\results\weak_q_lambda_sweep\lq_0p2_ls_0p9_lb_0p3\seed_2026\noise_0.20\weak-q_lq_0p2_ls_0p9_lb_0p3\metrics.json
0.2,0.9,0.4,0.0,0.635,0.6813178260096069,0.4775245565178197,0.6466666666666666,0.6986607142857142,0.47042738552948415,0.7666666666666667,0.5,0.017857142857142856,0.034482758620689655,0.6278144409937888,0.23333333333333334,0.0,1.0,57,1,56,0.6666633757677946,0.5950602609099764,0.21002647799975943,0.025311379298341995,0.017043935727666725,0.7989061212900913,success,C:\Users\YAN_SHU_YU\Desktop\Generative-CD\Q_GNCDM\results\weak_q_lambda_sweep\lq_0p2_ls_0p9_lb_0p4,C:\Users\YAN_SHU_YU\Desktop\Generative-CD\Q_GNCDM\results\weak_q_lambda_sweep\lq_0p2_ls_0p9_lb_0p4\seed_2026\noise_0.20\weak-q_lq_0p2_ls_0p9_lb_0p4\metrics.json
0.2,0.9,0.5,0.0,0.6425,0.6805172567158869,0.4773828152596124,0.6533333333333333,0.6956919642857142,0.4712854087950688,0.7666666666666667,0.5,0.017857142857142856,0.034482758620689655,0.6214091614906833,0.23333333333333334,0.0,1.0,57,1,56,0.6685768031712734,0.597901952086073,0.21188024521777124,0.023084895346652378,0.015044783256157782,0.8163096832506584,success,C:\Users\YAN_SHU_YU\Desktop\Generative-CD\Q_GNCDM\results\weak_q_lambda_sweep\lq_0p2_ls_0p9_lb_0p5,C:\Users\YAN_SHU_YU\Desktop\Generative-CD\Q_GNCDM\results\weak_q_lambda_sweep\lq_0p2_ls_0p9_lb_0p5\seed_2026\noise_0.20\weak-q_lq_0p2_ls_0p9_lb_0p5\metrics.json
0.2,0.9,0.6,0.0,0.6391666666666667,0.6805311554883473,0.47695195853855826,0.6566666666666666,0.6959598214285714,0.4710050525552659,0.7666666666666667,0.5,0.017857142857142856,0.034482758620689655,0.6215062111801243,0.23333333333333334,0.0,1.0,57,1,56,0.6708751998164437,0.6011180064894937,0.2133982933380387,0.021143375331479492,0.01341417201822906,0.831286502606941,success,C:\Users\YAN_SHU_YU\Desktop\Generative-CD\Q_GNCDM\results\weak_q_lambda_sweep\lq_0p2_ls_0p9_lb_0p6,C:\Users\YAN_SHU_YU\Desktop\Generative-CD\Q_GNCDM\results\weak_q_lambda_sweep\lq_0p2_ls_0p9_lb_0p6\seed_2026\noise_0.20\weak-q_lq_0p2_ls_0p9_lb_0p6\metrics.json
0.2,0.9,0.7,0.0,0.6383333333333333,0.6803671499733143,0.4768693162265727,0.65,0.6933593749999999,0.4716693406420643,0.7666666666666667,0.5,0.017857142857142856,0.034482758620689655,0.6358695652173914,0.23333333333333334,0.0,1.0,57,1,56,0.6745824886090828,0.6057169816710732,0.21423206275159662,0.019202583074343926,0.012481104638991934,0.8463793288577687,success,C:\Users\YAN_SHU_YU\Desktop\Generative-CD\Q_GNCDM\results\weak_q_lambda_sweep\lq_0p2_ls_0p9_lb_0p7,C:\Users\YAN_SHU_YU\Desktop\Generative-CD\Q_GNCDM\results\weak_q_lambda_sweep\lq_0p2_ls_0p9_lb_0p7\seed_2026\noise_0.20\weak-q_lq_0p2_ls_0p9_lb_0p7\metrics.json
0.2,0.9,0.8,0.0,0.6408333333333334,0.6855861390322007,0.474928790187306,0.6483333333333333,0.6635267857142858,0.4786521903261498,0.7666666666666667,0.0,0.0,0.0,0.6900232919254659,0.23333333333333334,0.0,1.0,57,0,57,0.708362312931003,0.6437874725370696,0.21432337074568777,0.01295536251343561,0.01256292959618749,0.8963570937965856,success,C:\Users\YAN_SHU_YU\Desktop\Generative-CD\Q_GNCDM\results\weak_q_lambda_sweep\lq_0p2_ls_0p9_lb_0p8,C:\Users\YAN_SHU_YU\Desktop\Generative-CD\Q_GNCDM\results\weak_q_lambda_sweep\lq_0p2_ls_0p9_lb_0p8\seed_2026\noise_0.20\weak-q_lq_0p2_ls_0p9_lb_0p8\metrics.json
0.2,0.9,0.9,0.0,0.6425,0.6834443381960504,0.4744055777189232,0.655,0.6889955357142857,0.47272844901625355,0.7666666666666667,0.0,0.0,0.0,0.6449922360248447,0.23333333333333334,0.0,1.0,57,0,57,0.6877404072067954,0.6248138465664603,0.21592935039238495,0.011326635058856371,0.010607466609640554,0.9093869238188772,success,C:\Users\YAN_SHU_YU\Desktop\Generative-CD\Q_GNCDM\results\weak_q_lambda_sweep\lq_0p2_ls_0p9_lb_0p9,C:\Users\YAN_SHU_YU\Desktop\Generative-CD\Q_GNCDM\results\weak_q_lambda_sweep\lq_0p2_ls_0p9_lb_0p9\seed_2026\noise_0.20\weak-q_lq_0p2_ls_0p9_lb_0p9\metrics.json
0.3,0.05,0.05,0.0,0.6341666666666667,0.6825409179861235,0.49117112097121995,0.63,0.6949107142857144,0.48699918763925626,0.9041666666666667,0.8837209302325582,0.6785714285714286,0.7676767676767676,0.9396350931677019,0.09583333333333334,0.0,0.6666666666666666,20,3,17,0.5156876571250685,0.4596714779283061,0.13437654823064804,0.23037291543953348,0.0836914170420531,0.0,success,C:\Users\YAN_SHU_YU\Desktop\Generative-CD\Q_GNCDM\results\weak_q_lambda_sweep\lq_0p3_ls_0p05_lb_0p05,C:\Users\YAN_SHU_YU\Desktop\Generative-CD\Q_GNCDM\results\weak_q_lambda_sweep\lq_0p3_ls_0p05_lb_0p05\seed_2026\noise_0.20\weak-q_lq_0p3_ls_0p05_lb_0p05\metrics.json
0.3,0.05,0.1,0.0,0.6275,0.6855652908735099,0.4935556931605983,0.6283333333333333,0.6951897321428572,0.488270872269092,0.9041666666666667,0.8837209302325582,0.6785714285714286,0.7676767676767676,0.9452639751552795,0.09583333333333334,0.0,0.6666666666666666,20,3,17,0.5086935546362039,0.44733393598686566,0.14419477636163885,0.2169059697877277,0.0725588510659608,0.0,success,C:\Users\YAN_SHU_YU\Desktop\Generative-CD\Q_GNCDM\results\weak_q_lambda_sweep\lq_0p3_ls_0p05_lb_0p1,C:\Users\YAN_SHU_YU\Desktop\Generative-CD\Q_GNCDM\results\weak_q_lambda_sweep\lq_0p3_ls_0p05_lb_0p1\seed_2026\noise_0.20\weak-q_lq_0p3_ls_0p05_lb_0p1\metrics.json
0.3,0.05,0.2,0.0,0.6275,0.6855847491549546,0.4943675291040424,0.625,0.6940178571428571,0.48952689768099245,0.9,0.8809523809523809,0.6607142857142857,0.7551020408163265,0.9546777950310559,0.1,0.0,0.6666666666666666,21,3,18,0.5010405349912066,0.43225298596150946,0.16046452273925146,0.19648804357557587,0.05411894489644152,0.0,success,C:\Users\YAN_SHU_YU\Desktop\Generative-CD\Q_GNCDM\results\weak_q_lambda_sweep\lq_0p3_ls_0p05_lb_0p2,C:\Users\YAN_SHU_YU\Desktop\Generative-CD\Q_GNCDM\results\weak_q_lambda_sweep\lq_0p3_ls_0p05_lb_0p2\seed_2026\noise_0.20\weak-q_lq_0p3_ls_0p05_lb_0p2\metrics.json
0.3,0.05,0.3,0.0,0.6316666666666667,0.6826465486568227,0.491768176818377,0.6266666666666667,0.6950334821428571,0.48827646700642613,0.9,0.8809523809523809,0.6607142857142857,0.7551020408163265,0.9667119565217391,0.1,0.0,0.6666666666666666,21,2,19,0.4990157864310525,0.4253552664409984,0.1669865164792899,0.1926559814901063,0.046439206171216385,0.0,success,C:\Users\YAN_SHU_YU\Desktop\Generative-CD\Q_GNCDM\results\weak_q_lambda_sweep\lq_0p3_ls_0p05_lb_0p3,C:\Users\YAN_SHU_YU\Desktop\Generative-CD\Q_GNCDM\results\weak_q_lambda_sweep\lq_0p3_ls_0p05_lb_0p3\seed_2026\noise_0.20\weak-q_lq_0p3_ls_0p05_lb_0p3\metrics.json
0.3,0.05,0.4,0.0,0.6375,0.6828188934353319,0.49264950245907985,0.6283333333333333,0.6955468749999999,0.4886971586309495,0.9208333333333333,0.9302325581395349,0.7142857142857143,0.8080808080808081,0.9711762422360248,0.07916666666666666,0.0,0.6666666666666666,17,0,17,0.49720879260337714,0.4200127815658396,0.17199870853713065,0.18878049742091785,0.04039343305383668,0.0,success,C:\Users\YAN_SHU_YU\Desktop\Generative-CD\Q_GNCDM\results\weak_q_lambda_sweep\lq_0p3_ls_0p05_lb_0p4,C:\Users\YAN_SHU_YU\Desktop\Generative-CD\Q_GNCDM\results\weak_q_lambda_sweep\lq_0p3_ls_0p05_lb_0p4\seed_2026\noise_0.20\weak-q_lq_0p3_ls_0p05_lb_0p4\metrics.json
0.3,0.05,0.5,0.0,0.6375,0.6836250222380358,0.4908779773314468,0.6366666666666667,0.6988616071428572,0.4898116198926801,0.9333333333333333,0.9347826086956522,0.7678571428571429,0.8431372549019608,0.9747670807453415,0.06666666666666667,0.0,0.5,13,0,13,0.5144730002591105,0.43348506770350714,0.17240737717260013,0.19844335678851965,0.03868710283528675,0.0,success,C:\Users\YAN_SHU_YU\Desktop\Generative-CD\Q_GNCDM\results\weak_q_lambda_sweep\lq_0p3_ls_0p05_lb_0p5,C:\Users\YAN_SHU_YU\Desktop\Generative-CD\Q_GNCDM\results\weak_q_lambda_sweep\lq_0p3_ls_0p05_lb_0p5\seed_2026\noise_0.20\weak-q_lq_0p3_ls_0p05_lb_0p5\metrics.json
0.3,0.05,0.6,0.0,0.6316666666666667,0.6820433419320404,0.4919271303111316,0.6466666666666666,0.7014285714285714,0.48850357146749784,0.9416666666666667,0.9375,0.8035714285714286,0.8653846153846154,0.9746700310559007,0.058333333333333334,0.0,0.5,11,0,11,0.5162345599947553,0.4339506296497403,0.17874276502565903,0.2031342342044368,0.030840649071967964,0.0,success,C:\Users\YAN_SHU_YU\Desktop\Generative-CD\Q_GNCDM\results\weak_q_lambda_sweep\lq_0p3_ls_0p05_lb_0p6,C:\Users\YAN_SHU_YU\Desktop\Generative-CD\Q_GNCDM\results\weak_q_lambda_sweep\lq_0p3_ls_0p05_lb_0p6\seed_2026\noise_0.20\weak-q_lq_0p3_ls_0p05_lb_0p6\metrics.json
0.3,0.05,0.7,0.0,0.6283333333333333,0.6850982921188401,0.49018397978411093,0.6533333333333333,0.69875,0.4887502080251202,0.9416666666666667,0.92,0.8214285714285714,0.8679245283018868,0.9724378881987578,0.058333333333333334,0.0,0.3333333333333333,9,1,8,0.5182735102646279,0.4358693257425771,0.18445657035618118,0.21203829641595032,0.023521856941056973,0.0,success,C:\Users\YAN_SHU_YU\Desktop\Generative-CD\Q_GNCDM\results\weak_q_lambda_sweep\lq_0p3_ls_0p05_lb_0p7,C:\Users\YAN_SHU_YU\Desktop\Generative-CD\Q_GNCDM\results\weak_q_lambda_sweep\lq_0p3_ls_0p05_lb_0p7\seed_2026\noise_0.20\weak-q_lq_0p3_ls_0p05_lb_0p7\metrics.json
0.3,0.05,0.8,0.0,0.6416666666666667,0.686796722113503,0.48972692077963226,0.6483333333333333,0.6960379464285714,0.4896889488563496,0.95,0.9230769230769231,0.8571428571428571,0.8888888888888888,0.9726319875776398,0.05,0.2,0.3333333333333333,7,1,6,0.5183149991613446,0.43721450639493536,0.19052119056383768,0.21810683743520218,0.016298491479546734,0.0,success,C:\Users\YAN_SHU_YU\Desktop\Generative-CD\Q_GNCDM\results\weak_q_lambda_sweep\lq_0p3_ls_0p05_lb_0p8,C:\Users\YAN_SHU_YU\Desktop\Generative-CD\Q_GNCDM\results\weak_q_lambda_sweep\lq_0p3_ls_0p05_lb_0p8\seed_2026\noise_0.20\weak-q_lq_0p3_ls_0p05_lb_0p8\metrics.json
0.3,0.05,0.9,0.0,0.6358333333333334,0.6904507093933464,0.48724897076741164,0.6633333333333333,0.68875,0.4908786320843896,0.9541666666666667,0.9090909090909091,0.8928571428571429,0.9009009009009009,0.9709821428571428,0.04583333333333333,0.0,0.16666666666666666,5,1,4,0.5375896543264389,0.45341550807158154,0.18780839443206787,0.22933229036403424,0.01818334435423215,0.0,success,C:\Users\YAN_SHU_YU\Desktop\Generative-CD\Q_GNCDM\results\weak_q_lambda_sweep\lq_0p3_ls_0p05_lb_0p9,C:\Users\YAN_SHU_YU\Desktop\Generative-CD\Q_GNCDM\results\weak_q_lambda_sweep\lq_0p3_ls_0p05_lb_0p9\seed_2026\noise_0.20\weak-q_lq_0p3_ls_0p05_lb_0p9\metrics.json
0.3,0.1,0.05,0.0,0.6358333333333334,0.6840753424657535,0.4903094389203308,0.63,0.6932366071428571,0.48977399091346685,0.8875,0.8717948717948718,0.6071428571428571,0.7157894736842105,0.938276397515528,0.1125,0.0,0.6666666666666666,24,3,21,0.5118983324730035,0.4451903913057212,0.14551293150042044,0.19458858691381686,0.07190395665891243,0.0,success,C:\Users\YAN_SHU_YU\Desktop\Generative-CD\Q_GNCDM\results\weak_q_lambda_sweep\lq_0p3_ls_0p1_lb_0p05,C:\Users\YAN_SHU_YU\Desktop\Generative-CD\Q_GNCDM\results\weak_q_lambda_sweep\lq_0p3_ls_0p1_lb_0p05\seed_2026\noise_0.20\weak-q_lq_0p3_ls_0p1_lb_0p05\metrics.json
0.3,0.1,0.1,0.0,0.6358333333333334,0.6833859633517168,0.49117731847264345,0.625,0.6909375,0.4911892201542049,0.8958333333333334,0.918918918918919,0.6071428571428571,0.7311827956989247,0.9419642857142857,0.10416666666666667,0.0,0.6666666666666666,23,1,22,0.5071667924974904,0.43644528497349133,0.1531785358533715,0.1843431576183348,0.06333629380572926,0.0,success,C:\Users\YAN_SHU_YU\Desktop\Generative-CD\Q_GNCDM\results\weak_q_lambda_sweep\lq_0p3_ls_0p1_lb_0p1,C:\Users\YAN_SHU_YU\Desktop\Generative-CD\Q_GNCDM\results\weak_q_lambda_sweep\lq_0p3_ls_0p1_lb_0p1\seed_2026\noise_0.20\weak-q_lq_0p3_ls_0p1_lb_0p1\metrics.json
0.3,0.1,0.2,0.0,0.6383333333333333,0.6850732743284114,0.48973348888207113,0.6233333333333333,0.691361607142857,0.49027870902442033,0.8875,0.8918918918918919,0.5892857142857143,0.7096774193548387,0.9549689440993788,0.1125,0.0,0.6666666666666666,23,2,21,0.51009906196233,0.4330327885620522,0.15756592357700522,0.18185922074498553,0.05805287340825254,0.0,success,C:\Users\YAN_SHU_YU\Desktop\Generative-CD\Q_GNCDM\results\weak_q_lambda_sweep\lq_0p3_ls_0p1_lb_0p2,C:\Users\YAN_SHU_YU\Desktop\Generative-CD\Q_GNCDM\results\weak_q_lambda_sweep\lq_0p3_ls_0p1_lb_0p2\seed_2026\noise_0.20\weak-q_lq_0p3_ls_0p1_lb_0p2\metrics.json
0.3,0.1,0.3,0.0,0.6341666666666667,0.6827521793275217,0.4898220888154837,0.625,0.69046875,0.49285382222114155,0.8958333333333334,0.8974358974358975,0.625,0.7368421052631579,0.9634122670807452,0.10416666666666667,0.0,0.6666666666666666,22,1,21,0.5163251987912438,0.43429718053702154,0.16297312645298062,0.1759921352971684,0.051789545538750564,0.0,success,C:\Users\YAN_SHU_YU\Desktop\Generative-CD\Q_GNCDM\results\weak_q_lambda_sweep\lq_0p3_ls_0p1_lb_0p3,C:\Users\YAN_SHU_YU\Desktop\Generative-CD\Q_GNCDM\results\weak_q_lambda_sweep\lq_0p3_ls_0p1_lb_0p3\seed_2026\noise_0.20\weak-q_lq_0p3_ls_0p1_lb_0p3\metrics.json
0.3,0.1,0.4,0.0,0.6383333333333333,0.6895514588151574,0.4852582067300687,0.6283333333333333,0.6924107142857143,0.4881416416204657,0.9125,0.926829268292683,0.6785714285714286,0.7835051546391752,0.9637034161490683,0.0875,0.0,0.6666666666666666,23,1,22,0.5401313724842939,0.45160596343604004,0.1564685104019714,0.18285459280014038,0.05824848755516789,0.0,success,C:\Users\YAN_SHU_YU\Desktop\Generative-CD\Q_GNCDM\results\weak_q_lambda_sweep\lq_0p3_ls_0p1_lb_0p4,C:\Users\YAN_SHU_YU\Desktop\Generative-CD\Q_GNCDM\results\weak_q_lambda_sweep\lq_0p3_ls_0p1_lb_0p4\seed_2026\noise_0.20\weak-q_lq_0p3_ls_0p1_lb_0p4\metrics.json
0.3,0.1,0.5,0.0,0.6366666666666667,0.6866299368439779,0.4871941376850465,0.6283333333333333,0.69390625,0.4880363572062958,0.9041666666666667,0.9459459459459459,0.625,0.7526881720430108,0.9614712732919255,0.09583333333333334,0.0,0.6666666666666666,23,0,23,0.5374399256525617,0.44515569733850885,0.16084848976496494,0.17183705509612054,0.05369194834069772,0.0,success,C:\Users\YAN_SHU_YU\Desktop\Generative-CD\Q_GNCDM\results\weak_q_lambda_sweep\lq_0p3_ls_0p1_lb_0p5,C:\Users\YAN_SHU_YU\Desktop\Generative-CD\Q_GNCDM\results\weak_q_lambda_sweep\lq_0p3_ls_0p1_lb_0p5\seed_2026\noise_0.20\weak-q_lq_0p3_ls_0p1_lb_0p5\metrics.json
0.3,0.1,0.6,0.0,0.6291666666666667,0.6802726383205835,0.4914472005883865,0.6383333333333333,0.6939955357142857,0.48718005942426595,0.8916666666666667,0.9411764705882353,0.5714285714285714,0.7111111111111111,0.9570069875776397,0.10833333333333334,0.0,0.6666666666666666,25,0,25,0.538275761586247,0.4429684556794889,0.16538809149554282,0.15804507899464984,0.04981060867959803,0.0,success,C:\Users\YAN_SHU_YU\Desktop\Generative-CD\Q_GNCDM\results\weak_q_lambda_sweep\lq_0p3_ls_0p1_lb_0p6,C:\Users\YAN_SHU_YU\Desktop\Generative-CD\Q_GNCDM\results\weak_q_lambda_sweep\lq_0p3_ls_0p1_lb_0p6\seed_2026\noise_0.20\weak-q_lq_0p3_ls_0p1_lb_0p6\metrics.json
0.3,0.1,0.7,0.0,0.6291666666666667,0.6841198185376268,0.49071109701811483,0.6433333333333333,0.7025892857142857,0.48269246280691813,0.8791666666666667,0.9655172413793104,0.5,0.6588235294117647,0.937888198757764,0.12083333333333333,0.0,0.8333333333333334,26,0,26,0.5427054636406176,0.44438798544984875,0.16850104115226053,0.14752269942652096,0.04716414529265779,0.004962017209353772,success,C:\Users\YAN_SHU_YU\Desktop\Generative-CD\Q_GNCDM\results\weak_q_lambda_sweep\lq_0p3_ls_0p1_lb_0p7,C:\Users\YAN_SHU_YU\Desktop\Generative-CD\Q_GNCDM\results\weak_q_lambda_sweep\lq_0p3_ls_0p1_lb_0p7\seed_2026\noise_0.20\weak-q_lq_0p3_ls_0p1_lb_0p7\metrics.json
0.3,0.1,0.8,0.0,0.6241666666666666,0.680689601494396,0.49320073047412966,0.6416666666666667,0.7036272321428572,0.4818586317923259,0.875,0.9333333333333333,0.5,0.6511627906976745,0.9255628881987578,0.125,0.0,0.6666666666666666,28,0,28,0.5485325961401968,0.4481415838906259,0.17304733395576477,0.14561589220256516,0.04239402271129868,0.012352183574076855,success,C:\Users\YAN_SHU_YU\Desktop\Generative-CD\Q_GNCDM\results\weak_q_lambda_sweep\lq_0p3_ls_0p1_lb_0p8,C:\Users\YAN_SHU_YU\Desktop\Generative-CD\Q_GNCDM\results\weak_q_lambda_sweep\lq_0p3_ls_0p1_lb_0p8\seed_2026\noise_0.20\weak-q_lq_0p3_ls_0p1_lb_0p8\metrics.json
0.3,0.1,0.9,0.0,0.6266666666666667,0.675380270414517,0.4963565162082205,0.6516666666666666,0.7089620535714285,0.47935327018960633,0.8875,0.9142857142857143,0.5714285714285714,0.7032967032967034,0.9464285714285714,0.1125,0.0,0.5,25,1,24,0.5347880833979809,0.43579526110128924,0.18147662936738043,0.16057925942269238,0.03165767223320224,0.0003895593706119777,success,C:\Users\YAN_SHU_YU\Desktop\Generative-CD\Q_GNCDM\results\weak_q_lambda_sweep\lq_0p3_ls_0p1_lb_0p9,C:\Users\YAN_SHU_YU\Desktop\Generative-CD\Q_GNCDM\results\weak_q_lambda_sweep\lq_0p3_ls_0p1_lb_0p9\seed_2026\noise_0.20\weak-q_lq_0p3_ls_0p1_lb_0p9\metrics.json
0.3,0.2,0.05,0.0,0.6391666666666667,0.6824658646148372,0.48863853386752343,0.6216666666666667,0.6880580357142858,0.49083526967184454,0.875,0.8823529411764706,0.5357142857142857,0.6666666666666666,0.9311917701863354,0.125,0.0,0.6666666666666666,29,1,28,0.5177470043753133,0.4366265910141396,0.15255780495477445,0.160387322306633,0.06551208369659656,0.00023900249366168723,success,C:\Users\YAN_SHU_YU\Desktop\Generative-CD\Q_GNCDM\results\weak_q_lambda_sweep\lq_0p3_ls_0p2_lb_0p05,C:\Users\YAN_SHU_YU\Desktop\Generative-CD\Q_GNCDM\results\weak_q_lambda_sweep\lq_0p3_ls_0p2_lb_0p05\seed_2026\noise_0.20\weak-q_lq_0p3_ls_0p2_lb_0p05\metrics.json
0.3,0.2,0.1,0.0,0.6391666666666667,0.6897154643301904,0.477931941864,0.6283333333333333,0.6864732142857144,0.48547396645232016,0.8541666666666666,0.8888888888888888,0.42857142857142855,0.5783132530120482,0.9324534161490684,0.14583333333333334,0.0,0.8333333333333334,28,2,26,0.5797059802394925,0.4947555476065838,0.13069410780162521,0.1839950502370343,0.08943197018269336,0.0,success,C:\Users\YAN_SHU_YU\Desktop\Generative-CD\Q_GNCDM\results\weak_q_lambda_sweep\lq_0p3_ls_0p2_lb_0p1,C:\Users\YAN_SHU_YU\Desktop\Generative-CD\Q_GNCDM\results\weak_q_lambda_sweep\lq_0p3_ls_0p2_lb_0p1\seed_2026\noise_0.20\weak-q_lq_0p3_ls_0p2_lb_0p1\metrics.json
0.3,0.2,0.2,0.0,0.6416666666666667,0.6894041318270772,0.47949434037490507,0.635,0.6874776785714286,0.48675793453338817,0.8583333333333333,0.8928571428571429,0.44642857142857145,0.5952380952380952,0.938373447204969,0.14166666666666666,0.0,0.8333333333333334,28,2,26,0.5736164771246187,0.48190967151612946,0.14076244989127823,0.169099977070635,0.07829035999196948,0.00045534366301691273,success,C:\Users\YAN_SHU_YU\Desktop\Generative-CD\Q_GNCDM\results\weak_q_lambda_sweep\lq_0p3_ls_0p2_lb_0p2,C:\Users\YAN_SHU_YU\Desktop\Generative-CD\Q_GNCDM\results\weak_q_lambda_sweep\lq_0p3_ls_0p2_lb_0p2\seed_2026\noise_0.20\weak-q_lq_0p3_ls_0p2_lb_0p2\metrics.json
0.3,0.2,0.3,0.0,0.6416666666666667,0.690071272905177,0.47967087891003046,0.64,0.6867857142857143,0.48847086230897435,0.8583333333333333,0.9583333333333334,0.4107142857142857,0.575,0.9406055900621118,0.14166666666666666,0.0,0.8333333333333334,29,0,29,0.5707186266328349,0.47422541045781336,0.1470979242162271,0.15446888587691568,0.07156688324881322,0.004298637741047776,success,C:\Users\YAN_SHU_YU\Desktop\Generative-CD\Q_GNCDM\results\weak_q_lambda_sweep\lq_0p3_ls_0p2_lb_0p3,C:\Users\YAN_SHU_YU\Desktop\Generative-CD\Q_GNCDM\results\weak_q_lambda_sweep\lq_0p3_ls_0p2_lb_0p3\seed_2026\noise_0.20\weak-q_lq_0p3_ls_0p2_lb_0p3\metrics.json
0.3,0.2,0.4,0.0,0.6441666666666667,0.6917029887920298,0.4779095484180274,0.6433333333333333,0.6876562500000001,0.48769540608393674,0.8333333333333334,1.0,0.2857142857142857,0.4444444444444444,0.9335209627329192,0.16666666666666666,0.0,1.0,33,0,33,0.5753258575092662,0.4757603867487474,0.1527166043718656,0.13604886694387955,0.06635178207899585,0.032583235960566635,success,C:\Users\YAN_SHU_YU\Desktop\Generative-CD\Q_GNCDM\results\weak_q_lambda_sweep\lq_0p3_ls_0p2_lb_0p4,C:\Users\YAN_SHU_YU\Desktop\Generative-CD\Q_GNCDM\results\weak_q_lambda_sweep\lq_0p3_ls_0p2_lb_0p4\seed_2026\noise_0.20\weak-q_lq_0p3_ls_0p2_lb_0p4\metrics.json
0.3,0.2,0.5,0.0,0.6283333333333333,0.6850121197295854,0.4831693026183303,0.6466666666666666,0.6876116071428572,0.48821545810912864,0.8333333333333334,1.0,0.2857142857142857,0.4444444444444444,0.9046972049689441,0.16666666666666666,0.0,1.0,38,0,38,0.5735552663152869,0.47330389871741785,0.16373549221139966,0.11432286521250551,0.05653227572188233,0.10948083120765108,success,C:\Users\YAN_SHU_YU\Desktop\Generative-CD\Q_GNCDM\results\weak_q_lambda_sweep\lq_0p3_ls_0p2_lb_0p5,C:\Users\YAN_SHU_YU\Desktop\Generative-CD\Q_GNCDM\results\weak_q_lambda_sweep\lq_0p3_ls_0p2_lb_0p5\seed_2026\noise_0.20\weak-q_lq_0p3_ls_0p2_lb_0p5\metrics.json
0.3,0.2,0.6,0.0,0.6266666666666667,0.6862074141611813,0.4803483591835705,0.6483333333333333,0.6863616071428572,0.4888787613815369,0.8083333333333333,1.0,0.17857142857142858,0.30303030303030304,0.8462732919254657,0.19166666666666668,0.0,1.0,44,0,44,0.5973931907704382,0.49892274945071247,0.1738108382983641,0.08756726043242397,0.048022888149275925,0.3064391608491088,success,C:\Users\YAN_SHU_YU\Desktop\Generative-CD\Q_GNCDM\results\weak_q_lambda_sweep\lq_0p3_ls_0p2_lb_0p6,C:\Users\YAN_SHU_YU\Desktop\Generative-CD\Q_GNCDM\results\weak_q_lambda_sweep\lq_0p3_ls_0p2_lb_0p6\seed_2026\noise_0.20\weak-q_lq_0p3_ls_0p2_lb_0p6\metrics.json
0.3,0.2,0.7,0.0,0.6466666666666666,0.6912498888098203,0.4725960562888037,0.63,0.6786272321428571,0.478773297493041,0.775,1.0,0.03571428571428571,0.06896551724137931,0.7193322981366459,0.225,0.0,1.0,53,0,53,0.6824167497230299,0.5834871422160756,0.17935970109520535,0.06294016133655202,0.046476668480670814,0.49647870885603357,success,C:\Users\YAN_SHU_YU\Desktop\Generative-CD\Q_GNCDM\results\weak_q_lambda_sweep\lq_0p3_ls_0p2_lb_0p7,C:\Users\YAN_SHU_YU\Desktop\Generative-CD\Q_GNCDM\results\weak_q_lambda_sweep\lq_0p3_ls_0p2_lb_0p7\seed_2026\noise_0.20\weak-q_lq_0p3_ls_0p2_lb_0p7\metrics.json
0.3,0.2,0.8,0.0,0.6241666666666666,0.6905841376089663,0.49544446982609075,0.6383333333333333,0.6690848214285714,0.47793282855375696,0.7666666666666667,0.0,0.0,0.0,0.8071622670807453,0.23333333333333334,0.0,1.0,57,0,57,0.7325762058749343,0.6340811857671449,0.18605609080105118,0.04718910383455681,0.04155045640513753,0.6224871611956394,success,C:\Users\YAN_SHU_YU\Desktop\Generative-CD\Q_GNCDM\results\weak_q_lambda_sweep\lq_0p3_ls_0p2_lb_0p8,C:\Users\YAN_SHU_YU\Desktop\Generative-CD\Q_GNCDM\results\weak_q_lambda_sweep\lq_0p3_ls_0p2_lb_0p8\seed_2026\noise_0.20\weak-q_lq_0p3_ls_0p2_lb_0p8\metrics.json
0.3,0.2,0.9,0.0,0.6091666666666666,0.6894402686354741,0.4966741801814326,0.63,0.6638392857142857,0.4799161571346477,0.7666666666666667,0.0,0.0,0.0,0.8036684782608695,0.23333333333333334,0.0,1.0,57,0,57,0.7371147247877988,0.6427172142447848,0.1957304258689736,0.03480792192347122,0.03190754766039776,0.7215366336432371,success,C:\Users\YAN_SHU_YU\Desktop\Generative-CD\Q_GNCDM\results\weak_q_lambda_sweep\lq_0p3_ls_0p2_lb_0p9,C:\Users\YAN_SHU_YU\Desktop\Generative-CD\Q_GNCDM\results\weak_q_lambda_sweep\lq_0p3_ls_0p2_lb_0p9\seed_2026\noise_0.20\weak-q_lq_0p3_ls_0p2_lb_0p9\metrics.json
0.3,0.3,0.05,0.0,0.6325,0.6841809731364525,0.4856547893156933,0.635,0.6872433035714287,0.48962983268868626,0.8375,0.8695652173913043,0.35714285714285715,0.5063291139240507,0.9181871118012422,0.1625,0.0,0.8333333333333334,30,2,28,0.5368785704627181,0.4455467981822563,0.15334164193182281,0.13998405025763946,0.06668113950978626,0.009329687959204117,success,C:\Users\YAN_SHU_YU\Desktop\Generative-CD\Q_GNCDM\results\weak_q_lambda_sweep\lq_0p3_ls_0p3_lb_0p05,C:\Users\YAN_SHU_YU\Desktop\Generative-CD\Q_GNCDM\results\weak_q_lambda_sweep\lq_0p3_ls_0p3_lb_0p05\seed_2026\noise_0.20\weak-q_lq_0p3_ls_0p3_lb_0p05\metrics.json
0.3,0.3,0.1,0.0,0.6333333333333333,0.6837195338907669,0.4841761318635905,0.6283333333333333,0.682890625,0.4944297442389411,0.8375,0.8695652173913043,0.35714285714285715,0.5063291139240507,0.9200310559006211,0.1625,0.0,0.8333333333333334,35,2,33,0.5534812767397274,0.45941301141724444,0.1533121331171556,0.13796454871242697,0.06685253752000404,0.015033764045008204,success,C:\Users\YAN_SHU_YU\Desktop\Generative-CD\Q_GNCDM\results\weak_q_lambda_sweep\lq_0p3_ls_0p3_lb_0p1,C:\Users\YAN_SHU_YU\Desktop\Generative-CD\Q_GNCDM\results\weak_q_lambda_sweep\lq_0p3_ls_0p3_lb_0p1\seed_2026\noise_0.20\weak-q_lq_0p3_ls_0p3_lb_0p1\metrics.json
0.3,0.3,0.2,0.0,0.64,0.6917780421633163,0.4759985137350722,0.6283333333333333,0.6893415178571428,0.4827369676656821,0.8125,0.9230769230769231,0.21428571428571427,0.34782608695652173,0.9308035714285714,0.1875,0.0,0.8333333333333334,40,2,38,0.586400464628682,0.48713997909517,0.1483534068772287,0.1340133168480613,0.07275234061208638,0.03477048066755136,success,C:\Users\YAN_SHU_YU\Desktop\Generative-CD\Q_GNCDM\results\weak_q_lambda_sweep\lq_0p3_ls_0p3_lb_0p2,C:\Users\YAN_SHU_YU\Desktop\Generative-CD\Q_GNCDM\results\weak_q_lambda_sweep\lq_0p3_ls_0p3_lb_0p2\seed_2026\noise_0.20\weak-q_lq_0p3_ls_0p3_lb_0p2\metrics.json
0.3,0.3,0.3,0.0,0.6425,0.6920893746664294,0.47485378471936274,0.63,0.6856919642857142,0.4836774037858989,0.8083333333333333,1.0,0.17857142857142858,0.30303030303030304,0.9190605590062112,0.19166666666666668,0.0,1.0,39,1,38,0.5937304469672117,0.49212647568095813,0.155785342057546,0.11739294863108432,0.0655015827805707,0.10749170771150877,success,C:\Users\YAN_SHU_YU\Desktop\Generative-CD\Q_GNCDM\results\weak_q_lambda_sweep\lq_0p3_ls_0p3_lb_0p3,C:\Users\YAN_SHU_YU\Desktop\Generative-CD\Q_GNCDM\results\weak_q_lambda_sweep\lq_0p3_ls_0p3_lb_0p3\seed_2026\noise_0.20\weak-q_lq_0p3_ls_0p3_lb_0p3\metrics.json
0.3,0.3,0.4,0.0,0.6416666666666667,0.6876306484611279,0.4768963313806252,0.6433333333333333,0.6876785714285714,0.4826996720412793,0.7875,1.0,0.08928571428571429,0.16393442622950818,0.8938276397515528,0.2125,0.0,1.0,47,1,46,0.6007666009845156,0.4983564511393056,0.1647543584307035,0.10006666014140303,0.057409612123261795,0.22914321720600128,success,C:\Users\YAN_SHU_YU\Desktop\Generative-CD\Q_GNCDM\results\weak_q_lambda_sweep\lq_0p3_ls_0p3_lb_0p4,C:\Users\YAN_SHU_YU\Desktop\Generative-CD\Q_GNCDM\results\weak_q_lambda_sweep\lq_0p3_ls_0p3_lb_0p4\seed_2026\noise_0.20\weak-q_lq_0p3_ls_0p3_lb_0p4\metrics.json
0.3,0.3,0.5,0.0,0.6308333333333334,0.687133072407045,0.47651102679017526,0.65,0.6909263392857142,0.48583636432000676,0.7875,1.0,0.08928571428571429,0.16393442622950818,0.843555900621118,0.2125,0.0,1.0,51,0,51,0.6227499698147629,0.5220471462517073,0.17284280264919455,0.07825889359369423,0.050744625542199974,0.3815294729940819,success,C:\Users\YAN_SHU_YU\Desktop\Generative-CD\Q_GNCDM\results\weak_q_lambda_sweep\lq_0p3_ls_0p3_lb_0p5,C:\Users\YAN_SHU_YU\Desktop\Generative-CD\Q_GNCDM\results\weak_q_lambda_sweep\lq_0p3_ls_0p3_lb_0p5\seed_2026\noise_0.20\weak-q_lq_0p3_ls_0p3_lb_0p5\metrics.json
0.3,0.3,0.6,0.0,0.6416666666666667,0.6875250177904287,0.48011540122030383,0.6483333333333333,0.6847991071428572,0.48552303161775984,0.775,1.0,0.03571428571428571,0.06896551724137931,0.7871700310559006,0.225,0.0,1.0,54,0,54,0.6412643961834185,0.5449126918207515,0.18529846632119382,0.05686434330136487,0.039504760311860024,0.551547904809316,success,C:\Users\YAN_SHU_YU\Desktop\Generative-CD\Q_GNCDM\results\weak_q_lambda_sweep\lq_0p3_ls_0p3_lb_0p6,C:\Users\YAN_SHU_YU\Desktop\Generative-CD\Q_GNCDM\results\weak_q_lambda_sweep\lq_0p3_ls_0p3_lb_0p6\seed_2026\noise_0.20\weak-q_lq_0p3_ls_0p3_lb_0p6\metrics.json
0.3,0.3,0.7,0.0,0.6383333333333333,0.6856764810531933,0.476553937555072,0.6283333333333333,0.6816294642857144,0.47803879035445823,0.775,1.0,0.03571428571428571,0.06896551724137931,0.7374805900621118,0.225,0.0,1.0,55,0,55,0.672334636702682,0.58032661857027,0.19578514699683044,0.04072101905264638,0.0300802340392362,0.6783440239501722,success,C:\Users\YAN_SHU_YU\Desktop\Generative-CD\Q_GNCDM\results\weak_q_lambda_sweep\lq_0p3_ls_0p3_lb_0p7,C:\Users\YAN_SHU_YU\Desktop\Generative-CD\Q_GNCDM\results\weak_q_lambda_sweep\lq_0p3_ls_0p3_lb_0p7\seed_2026\noise_0.20\weak-q_lq_0p3_ls_0p3_lb_0p7\metrics.json
0.3,0.3,0.8,0.0,0.635,0.6901824630848603,0.47612266603309283,0.6383333333333333,0.6747209821428571,0.4821565711142802,0.7666666666666667,0.0,0.0,0.0,0.6515916149068322,0.23333333333333334,0.0,1.0,57,0,57,0.6997909852952668,0.6120229083480258,0.2033865162820527,0.025856310021922443,0.02374403051693331,0.7931495200503956,success,C:\Users\YAN_SHU_YU\Desktop\Generative-CD\Q_GNCDM\results\weak_q_lambda_sweep\lq_0p3_ls_0p3_lb_0p8,C:\Users\YAN_SHU_YU\Desktop\Generative-CD\Q_GNCDM\results\weak_q_lambda_sweep\lq_0p3_ls_0p3_lb_0p8\seed_2026\noise_0.20\weak-q_lq_0p3_ls_0p3_lb_0p8\metrics.json
0.3,0.3,0.9,0.0,0.6308333333333334,0.6900490348692404,0.4760714992541928,0.64,0.6750111607142858,0.4821093201489708,0.7666666666666667,0.0,0.0,0.0,0.6309200310559007,0.23333333333333334,0.0,1.0,57,0,57,0.7015732138445883,0.6163214336742054,0.2085215180660739,0.019898787479509007,0.018584094518287617,0.8408096920360218,success,C:\Users\YAN_SHU_YU\Desktop\Generative-CD\Q_GNCDM\results\weak_q_lambda_sweep\lq_0p3_ls_0p3_lb_0p9,C:\Users\YAN_SHU_YU\Desktop\Generative-CD\Q_GNCDM\results\weak_q_lambda_sweep\lq_0p3_ls_0p3_lb_0p9\seed_2026\noise_0.20\weak-q_lq_0p3_ls_0p3_lb_0p9\metrics.json
0.3,0.4,0.05,0.0,0.6466666666666666,0.6923562310976694,0.4746667160896324,0.6333333333333333,0.688325892857143,0.480726299383437,0.7916666666666666,0.875,0.125,0.21875,0.921292701863354,0.20833333333333334,0.0,0.8333333333333334,45,1,44,0.6008004740332112,0.5018587803298776,0.14689240017623612,0.12771196934309872,0.07578370426640366,0.06970523455829332,success,C:\Users\YAN_SHU_YU\Desktop\Generative-CD\Q_GNCDM\results\weak_q_lambda_sweep\lq_0p3_ls_0p4_lb_0p05,C:\Users\YAN_SHU_YU\Desktop\Generative-CD\Q_GNCDM\results\weak_q_lambda_sweep\lq_0p3_ls_0p4_lb_0p05\seed_2026\noise_0.20\weak-q_lq_0p3_ls_0p4_lb_0p05\metrics.json
0.3,0.4,0.1,0.0,0.6433333333333333,0.6921171722113504,0.4745392455322586,0.6383333333333333,0.6884709821428572,0.4805790863801386,0.7916666666666666,0.875,0.125,0.21875,0.9200310559006211,0.20833333333333334,0.0,0.8333333333333334,43,0,43,0.6036959091822306,0.5029784206188086,0.15048582648689096,0.12090756394194835,0.0720871492768779,0.10348571306376746,success,C:\Users\YAN_SHU_YU\Desktop\Generative-CD\Q_GNCDM\results\weak_q_lambda_sweep\lq_0p3_ls_0p4_lb_0p1,C:\Users\YAN_SHU_YU\Desktop\Generative-CD\Q_GNCDM\results\weak_q_lambda_sweep\lq_0p3_ls_0p4_lb_0p1\seed_2026\noise_0.20\weak-q_lq_0p3_ls_0p4_lb_0p1\metrics.json
0.3,0.4,0.2,0.0,0.6508333333333334,0.692072696139477,0.4743085326951146,0.6383333333333333,0.6870200892857143,0.4807408978489161,0.7958333333333333,1.0,0.125,0.2222222222222222,0.9080939440993788,0.20416666666666666,0.0,1.0,46,0,46,0.6145695980751154,0.5118174205223719,0.15849476443095642,0.10591088754661156,0.06419691522464607,0.19054636268904715,success,C:\Users\YAN_SHU_YU\Desktop\Generative-CD\Q_GNCDM\results\weak_q_lambda_sweep\lq_0p3_ls_0p4_lb_0p2,C:\Users\YAN_SHU_YU\Desktop\Generative-CD\Q_GNCDM\results\weak_q_lambda_sweep\lq_0p3_ls_0p4_lb_0p2\seed_2026\noise_0.20\weak-q_lq_0p3_ls_0p4_lb_0p2\metrics.json
0.3,0.4,0.3,0.0,0.6375,0.684725805016901,0.4801845361325924,0.6466666666666666,0.6857366071428572,0.49045906031192615,0.7958333333333333,1.0,0.125,0.2222222222222222,0.8792701863354038,0.20416666666666666,0.0,1.0,49,0,49,0.5961404040907369,0.49375577225829614,0.17113826943166327,0.08911677495096669,0.05132147269041249,0.3044622531442931,success,C:\Users\YAN_SHU_YU\Desktop\Generative-CD\Q_GNCDM\results\weak_q_lambda_sweep\lq_0p3_ls_0p4_lb_0p3,C:\Users\YAN_SHU_YU\Desktop\Generative-CD\Q_GNCDM\results\weak_q_lambda_sweep\lq_0p3_ls_0p4_lb_0p3\seed_2026\noise_0.20\weak-q_lq_0p3_ls_0p4_lb_0p3\metrics.json
0.3,0.4,0.4,0.0,0.6433333333333333,0.686599359544565,0.47694812019107297,0.655,0.68765625,0.4856459663360852,0.7833333333333333,1.0,0.07142857142857142,0.13333333333333333,0.8458850931677019,0.21666666666666667,0.0,1.0,52,0,52,0.6369364469340353,0.5355757759376005,0.17606066009311966,0.07339541738231976,0.047960767409566674,0.4227840101177042,success,C:\Users\YAN_SHU_YU\Desktop\Generative-CD\Q_GNCDM\results\weak_q_lambda_sweep\lq_0p3_ls_0p4_lb_0p4,C:\Users\YAN_SHU_YU\Desktop\Generative-CD\Q_GNCDM\results\weak_q_lambda_sweep\lq_0p3_ls_0p4_lb_0p4\seed_2026\noise_0.20\weak-q_lq_0p3_ls_0p4_lb_0p4\metrics.json
0.3,0.4,0.5,0.0,0.6475,0.6875806128802704,0.4745435801367848,0.645,0.6862723214285714,0.4821695652580248,0.775,1.0,0.03571428571428571,0.06896551724137931,0.7944487577639752,0.225,0.0,1.0,53,0,53,0.6710173857934547,0.5731047554449602,0.18553487369508453,0.05582782112513528,0.03984206649615909,0.5604033795270053,success,C:\Users\YAN_SHU_YU\Desktop\Generative-CD\Q_GNCDM\results\weak_q_lambda_sweep\lq_0p3_ls_0p4_lb_0p5,C:\Users\YAN_SHU_YU\Desktop\Generative-CD\Q_GNCDM\results\weak_q_lambda_sweep\lq_0p3_ls_0p4_lb_0p5\seed_2026\noise_0.20\weak-q_lq_0p3_ls_0p4_lb_0p5\metrics.json
0.3,0.4,0.6,0.0,0.6441666666666667,0.6879808975271304,0.4755896419596502,0.6383333333333333,0.6830691964285713,0.4779703964435106,0.7791666666666667,1.0,0.05357142857142857,0.1016949152542373,0.7440799689440993,0.22083333333333333,0.0,1.0,54,0,54,0.6652891924886992,0.5712428977995208,0.19576340552532312,0.04373983892075943,0.029702213903268177,0.655069584196264,success,C:\Users\YAN_SHU_YU\Desktop\Generative-CD\Q_GNCDM\results\weak_q_lambda_sweep\lq_0p3_ls_0p4_lb_0p6,C:\Users\YAN_SHU_YU\Desktop\Generative-CD\Q_GNCDM\results\weak_q_lambda_sweep\lq_0p3_ls_0p4_lb_0p6\seed_2026\noise_0.20\weak-q_lq_0p3_ls_0p4_lb_0p6\metrics.json
0.3,0.4,0.7,0.0,0.635,0.6854541006938267,0.4780306048204084,0.6416666666666667,0.6823772321428571,0.4817019024045711,0.7708333333333334,1.0,0.017857142857142856,0.03508771929824561,0.6776979813664596,0.22916666666666666,0.0,1.0,56,0,56,0.6905202332771185,0.6003266699386366,0.20192735235799442,0.030846638463889107,0.024681006614683254,0.756744665629936,success,C:\Users\YAN_SHU_YU\Desktop\Generative-CD\Q_GNCDM\results\weak_q_lambda_sweep\lq_0p3_ls_0p4_lb_0p7,C:\Users\YAN_SHU_YU\Desktop\Generative-CD\Q_GNCDM\results\weak_q_lambda_sweep\lq_0p3_ls_0p4_lb_0p7\seed_2026\noise_0.20\weak-q_lq_0p3_ls_0p4_lb_0p7\metrics.json
0.3,0.4,0.8,0.0,0.6333333333333333,0.6904076231987191,0.4760453425963304,0.65,0.67765625,0.48134329423817757,0.7666666666666667,0.0,0.0,0.0,0.6473214285714286,0.23333333333333334,0.0,1.0,57,0,57,0.7012418056979324,0.6139487588044369,0.20640886507251047,0.022163648835637352,0.020631162703714588,0.8226908192490087,success,C:\Users\YAN_SHU_YU\Desktop\Generative-CD\Q_GNCDM\results\weak_q_lambda_sweep\lq_0p3_ls_0p4_lb_0p8,C:\Users\YAN_SHU_YU\Desktop\Generative-CD\Q_GNCDM\results\weak_q_lambda_sweep\lq_0p3_ls_0p4_lb_0p8\seed_2026\noise_0.20\weak-q_lq_0p3_ls_0p4_lb_0p8\metrics.json
0.3,0.4,0.9,0.0,0.6291666666666667,0.6912471090553283,0.4758866234829369,0.6516666666666666,0.6767522321428571,0.4820520555950435,0.7666666666666667,0.0,0.0,0.0,0.6357725155279503,0.23333333333333334,0.0,1.0,57,0,57,0.7032091138940869,0.6184084885048143,0.2107011926445094,0.01724691976877776,0.016323878119389217,0.8620246441075297,success,C:\Users\YAN_SHU_YU\Desktop\Generative-CD\Q_GNCDM\results\weak_q_lambda_sweep\lq_0p3_ls_0p4_lb_0p9,C:\Users\YAN_SHU_YU\Desktop\Generative-CD\Q_GNCDM\results\weak_q_lambda_sweep\lq_0p3_ls_0p4_lb_0p9\seed_2026\noise_0.20\weak-q_lq_0p3_ls_0p4_lb_0p9\metrics.json
0.3,0.5,0.05,0.0,0.6458333333333334,0.6924702010318449,0.4740267508251808,0.6316666666666667,0.6857924107142856,0.47988735290398116,0.7958333333333333,1.0,0.125,0.2222222222222222,0.9078027950310559,0.20416666666666666,0.0,1.0,47,0,47,0.6219287903019877,0.5190073463952902,0.1574938798492605,0.10476118235877066,0.06585369834845717,0.20284935967488724,success,C:\Users\YAN_SHU_YU\Desktop\Generative-CD\Q_GNCDM\results\weak_q_lambda_sweep\lq_0p3_ls_0p5_lb_0p05,C:\Users\YAN_SHU_YU\Desktop\Generative-CD\Q_GNCDM\results\weak_q_lambda_sweep\lq_0p3_ls_0p5_lb_0p05\seed_2026\noise_0.20\weak-q_lq_0p3_ls_0p5_lb_0p05\metrics.json
0.3,0.5,0.1,0.0,0.6483333333333333,0.691841976516634,0.4741342594058124,0.63,0.6872433035714285,0.4784938209576265,0.7916666666666666,1.0,0.10714285714285714,0.1935483870967742,0.9028532608695652,0.20833333333333334,0.0,1.0,50,0,50,0.6287941237290701,0.5250854316082868,0.16104260764338754,0.09830233827233315,0.062447394780588875,0.2467136468851205,success,C:\Users\YAN_SHU_YU\Desktop\Generative-CD\Q_GNCDM\results\weak_q_lambda_sweep\lq_0p3_ls_0p5_lb_0p1,C:\Users\YAN_SHU_YU\Desktop\Generative-CD\Q_GNCDM\results\weak_q_lambda_sweep\lq_0p3_ls_0p5_lb_0p1\seed_2026\noise_0.20\weak-q_lq_0p3_ls_0p5_lb_0p1\metrics.json
0.3,0.5,0.2,0.0,0.6391666666666667,0.6874916607365238,0.4785263263237501,0.6383333333333333,0.6845089285714285,0.48828740864780323,0.7958333333333333,1.0,0.125,0.2222222222222222,0.874514751552795,0.20416666666666666,0.0,1.0,50,0,50,0.610244462887446,0.5068439949642528,0.17293853832013678,0.08296665673454602,0.05017785400603757,0.34917893238139874,success,C:\Users\YAN_SHU_YU\Desktop\Generative-CD\Q_GNCDM\results\weak_q_lambda_sweep\lq_0p3_ls_0p5_lb_0p2,C:\Users\YAN_SHU_YU\Desktop\Generative-CD\Q_GNCDM\results\weak_q_lambda_sweep\lq_0p3_ls_0p5_lb_0p2\seed_2026\noise_0.20\weak-q_lq_0p3_ls_0p5_lb_0p2\metrics.json
0.3,0.5,0.3,0.0,0.6491666666666667,0.6872109055328233,0.4767477104218075,0.64,0.6858035714285714,0.4858254326978436,0.7833333333333333,1.0,0.07142857142857142,0.13333333333333333,0.8475349378881987,0.21666666666666667,0.0,1.0,51,0,51,0.6319447697112055,0.5291480932271841,0.17933741866639166,0.07123506294958519,0.04459307777384917,0.444574054443475,success,C:\Users\YAN_SHU_YU\Desktop\Generative-CD\Q_GNCDM\results\weak_q_lambda_sweep\lq_0p3_ls_0p5_lb_0p3,C:\Users\YAN_SHU_YU\Desktop\Generative-CD\Q_GNCDM\results\weak_q_lambda_sweep\lq_0p3_ls_0p5_lb_0p3\seed_2026\noise_0.20\weak-q_lq_0p3_ls_0p5_lb_0p3\metrics.json
0.3,0.5,0.4,0.0,0.6458333333333334,0.6870774773172034,0.4754221898315357,0.65,0.6860379464285714,0.48235101732139096,0.7791666666666667,1.0,0.05357142857142857,0.1016949152542373,0.8045419254658386,0.22083333333333333,0.0,1.0,53,0,53,0.6711502860892903,0.5719378870545011,0.18606975674629211,0.055328871490377365,0.03931757689199664,0.5633268663377473,success,C:\Users\YAN_SHU_YU\Desktop\Generative-CD\Q_GNCDM\results\weak_q_lambda_sweep\lq_0p3_ls_0p5_lb_0p4,C:\Users\YAN_SHU_YU\Desktop\Generative-CD\Q_GNCDM\results\weak_q_lambda_sweep\lq_0p3_ls_0p5_lb_0p4\seed_2026\noise_0.20\weak-q_lq_0p3_ls_0p5_lb_0p4\metrics.json
0.3,0.5,0.5,0.0,0.6433333333333333,0.6863616905354919,0.47628428366451486,0.6483333333333333,0.6866517857142858,0.47679179628151735,0.7791666666666667,1.0,0.05357142857142857,0.1016949152542373,0.7539790372670808,0.22083333333333333,0.0,1.0,54,0,54,0.6729811023582112,0.5766156938942996,0.19448383649190268,0.04483787455793583,0.031202635840710365,0.6467062090382432,success,C:\Users\YAN_SHU_YU\Desktop\Generative-CD\Q_GNCDM\results\weak_q_lambda_sweep\lq_0p3_ls_0p5_lb_0p5,C:\Users\YAN_SHU_YU\Desktop\Generative-CD\Q_GNCDM\results\weak_q_lambda_sweep\lq_0p3_ls_0p5_lb_0p5\seed_2026\noise_0.20\weak-q_lq_0p3_ls_0p5_lb_0p5\metrics.json
0.3,0.5,0.6,0.0,0.6391666666666667,0.6859072006760363,0.4753675959634813,0.6483333333333333,0.68109375,0.4780675915558895,0.7791666666666667,1.0,0.05357142857142857,0.1016949152542373,0.7140916149068325,0.22083333333333333,0.0,1.0,54,0,54,0.6753526962164677,0.5818555409258063,0.201228336177089,0.03682896630330519,0.02452361352290168,0.7100314299265543,success,C:\Users\YAN_SHU_YU\Desktop\Generative-CD\Q_GNCDM\results\weak_q_lambda_sweep\lq_0p3_ls_0p5_lb_0p6,C:\Users\YAN_SHU_YU\Desktop\Generative-CD\Q_GNCDM\results\weak_q_lambda_sweep\lq_0p3_ls_0p5_lb_0p6\seed_2026\noise_0.20\weak-q_lq_0p3_ls_0p5_lb_0p6\metrics.json
0.3,0.5,0.7,0.0,0.6425,0.6855708503824943,0.4744823282967476,0.645,0.6803794642857143,0.4768667589993351,0.7708333333333334,1.0,0.017857142857142856,0.03508771929824561,0.6732336956521741,0.22916666666666666,0.0,1.0,55,0,55,0.6924413108464443,0.6025366286436716,0.20557350236358066,0.02733062230276339,0.020810455761172554,0.7837684389316675,success,C:\Users\YAN_SHU_YU\Desktop\Generative-CD\Q_GNCDM\results\weak_q_lambda_sweep\lq_0p3_ls_0p5_lb_0p7,C:\Users\YAN_SHU_YU\Desktop\Generative-CD\Q_GNCDM\results\weak_q_lambda_sweep\lq_0p3_ls_0p5_lb_0p7\seed_2026\noise_0.20\weak-q_lq_0p3_ls_0p5_lb_0p7\metrics.json
0.3,0.5,0.8,0.0,0.63,0.6884451165273082,0.4768348108690946,0.6566666666666666,0.6835044642857144,0.4797801654324877,0.7666666666666667,0.0,0.0,0.0,0.6488742236024845,0.23333333333333334,0.0,1.0,57,1,56,0.6960318467833779,0.6064561081655098,0.20812271783749262,0.0242637920503815,0.01875878232672359,0.805889651630864,success,C:\Users\YAN_SHU_YU\Desktop\Generative-CD\Q_GNCDM\results\weak_q_lambda_sweep\lq_0p3_ls_0p5_lb_0p8,C:\Users\YAN_SHU_YU\Desktop\Generative-CD\Q_GNCDM\results\weak_q_lambda_sweep\lq_0p3_ls_0p5_lb_0p8\seed_2026\noise_0.20\weak-q_lq_0p3_ls_0p5_lb_0p8\metrics.json
0.3,0.5,0.9,0.0,0.6383333333333333,0.6844450498132004,0.4740062993097397,0.6433333333333333,0.6786718749999999,0.476178212911513,0.7708333333333334,1.0,0.017857142857142856,0.03508771929824561,0.6418866459627329,0.22916666666666666,0.0,1.0,57,1,56,0.6991766853766008,0.6119870886658177,0.21194352864316016,0.02056344968238563,0.014805349380229458,0.8364354489427624,success,C:\Users\YAN_SHU_YU\Desktop\Generative-CD\Q_GNCDM\results\weak_q_lambda_sweep\lq_0p3_ls_0p5_lb_0p9,C:\Users\YAN_SHU_YU\Desktop\Generative-CD\Q_GNCDM\results\weak_q_lambda_sweep\lq_0p3_ls_0p5_lb_0p9\seed_2026\noise_0.20\weak-q_lq_0p3_ls_0p5_lb_0p9\metrics.json
0.3,0.6,0.05,0.0,0.6425,0.6889148950364704,0.4758477514521071,0.6316666666666667,0.6889285714285714,0.4764607521389243,0.7916666666666666,1.0,0.10714285714285714,0.1935483870967742,0.888101708074534,0.20833333333333334,0.0,1.0,50,0,50,0.6338294789646611,0.5291463136672974,0.16827671568502078,0.08569257333874702,0.05569195160360047,0.33457574158003833,success,C:\Users\YAN_SHU_YU\Desktop\Generative-CD\Q_GNCDM\results\weak_q_lambda_sweep\lq_0p3_ls_0p6_lb_0p05,C:\Users\YAN_SHU_YU\Desktop\Generative-CD\Q_GNCDM\results\weak_q_lambda_sweep\lq_0p3_ls_0p6_lb_0p05\seed_2026\noise_0.20\weak-q_lq_0p3_ls_0p6_lb_0p05\metrics.json
0.3,0.6,0.1,0.0,0.6425,0.6884061999644191,0.4756715484431432,0.6266666666666667,0.6901004464285715,0.4754833259481744,0.7916666666666666,1.0,0.10714285714285714,0.1935483870967742,0.8780085403726707,0.20833333333333334,0.0,1.0,50,0,50,0.6414625175071486,0.5366390663566012,0.17170510057247046,0.08009934572107864,0.05252317373048176,0.3766981160098856,success,C:\Users\YAN_SHU_YU\Desktop\Generative-CD\Q_GNCDM\results\weak_q_lambda_sweep\lq_0p3_ls_0p6_lb_0p1,C:\Users\YAN_SHU_YU\Desktop\Generative-CD\Q_GNCDM\results\weak_q_lambda_sweep\lq_0p3_ls_0p6_lb_0p1\seed_2026\noise_0.20\weak-q_lq_0p3_ls_0p6_lb_0p1\metrics.json
0.3,0.6,0.2,0.0,0.6425,0.6875861723892545,0.4750084863709211,0.6433333333333333,0.6897098214285715,0.4754456991059506,0.7791666666666667,1.0,0.05357142857142857,0.1016949152542373,0.8535520186335402,0.22083333333333333,0.0,1.0,51,0,51,0.6616010169188181,0.5571868379007686,0.17741955410350452,0.06949459795247424,0.04745775670038931,0.4572331512516195,success,C:\Users\YAN_SHU_YU\Desktop\Generative-CD\Q_GNCDM\results\weak_q_lambda_sweep\lq_0p3_ls_0p6_lb_0p2,C:\Users\YAN_SHU_YU\Desktop\Generative-CD\Q_GNCDM\results\weak_q_lambda_sweep\lq_0p3_ls_0p6_lb_0p2\seed_2026\noise_0.20\weak-q_lq_0p3_ls_0p6_lb_0p2\metrics.json
0.3,0.6,0.3,0.0,0.6466666666666666,0.6870719178082192,0.47581556018581905,0.6433333333333333,0.6847767857142857,0.4833947767033293,0.7791666666666667,1.0,0.05357142857142857,0.1016949152542373,0.811238354037267,0.22083333333333333,0.0,1.0,52,0,52,0.6692775433713739,0.5682626095685092,0.1858649585734714,0.05571658384393562,0.03941831399093975,0.5594784653548038,success,C:\Users\YAN_SHU_YU\Desktop\Generative-CD\Q_GNCDM\results\weak_q_lambda_sweep\lq_0p3_ls_0p6_lb_0p3,C:\Users\YAN_SHU_YU\Desktop\Generative-CD\Q_GNCDM\results\weak_q_lambda_sweep\lq_0p3_ls_0p6_lb_0p3\seed_2026\noise_0.20\weak-q_lq_0p3_ls_0p6_lb_0p3\metrics.json
0.3,0.6,0.4,0.0,0.6433333333333333,0.6860823252090376,0.47732077153462893,0.6433333333333333,0.6860714285714287,0.4770354225525656,0.7791666666666667,1.0,0.05357142857142857,0.1016949152542373,0.7616459627329192,0.22083333333333333,0.0,1.0,54,0,54,0.6717795079404657,0.5737717661893729,0.19406435322580914,0.045237238321340446,0.03161520906018488,0.6425938109556834,success,C:\Users\YAN_SHU_YU\Desktop\Generative-CD\Q_GNCDM\results\weak_q_lambda_sweep\lq_0p3_ls_0p6_lb_0p4,C:\Users\YAN_SHU_YU\Desktop\Generative-CD\Q_GNCDM\results\weak_q_lambda_sweep\lq_0p3_ls_0p6_lb_0p4\seed_2026\noise_0.20\weak-q_lq_0p3_ls_0p6_lb_0p4\metrics.json
0.3,0.6,0.5,0.0,0.6341666666666667,0.6842198896993418,0.48028733867595935,0.6416666666666667,0.6852120535714286,0.4825363961780007,0.7791666666666667,1.0,0.05357142857142857,0.1016949152542373,0.7241847826086957,0.22083333333333333,0.0,1.0,54,0,54,0.6742637771548647,0.5785148270202406,0.20007825642824173,0.03809472218607411,0.025737278248098763,0.6996636661616239,success,C:\Users\YAN_SHU_YU\Desktop\Generative-CD\Q_GNCDM\results\weak_q_lambda_sweep\lq_0p3_ls_0p6_lb_0p5,C:\Users\YAN_SHU_YU\Desktop\Generative-CD\Q_GNCDM\results\weak_q_lambda_sweep\lq_0p3_ls_0p6_lb_0p5\seed_2026\noise_0.20\weak-q_lq_0p3_ls_0p6_lb_0p5\metrics.json
0.3,0.6,0.6,0.0,0.6341666666666667,0.6844089130048034,0.4790244802041072,0.65,0.6888392857142857,0.4785202278405245,0.7708333333333334,1.0,0.017857142857142856,0.03508771929824561,0.6855590062111802,0.22916666666666666,0.0,1.0,55,0,55,0.6906341205943715,0.5981853920401949,0.2038358377687859,0.02963658461742329,0.022526710632849823,0.7650037976828489,success,C:\Users\YAN_SHU_YU\Desktop\Generative-CD\Q_GNCDM\results\weak_q_lambda_sweep\lq_0p3_ls_0p6_lb_0p6,C:\Users\YAN_SHU_YU\Desktop\Generative-CD\Q_GNCDM\results\weak_q_lambda_sweep\lq_0p3_ls_0p6_lb_0p6\seed_2026\noise_0.20\weak-q_lq_0p3_ls_0p6_lb_0p6\metrics.json
0.3,0.6,0.7,0.0,0.6425,0.6833720645792563,0.4754396361113177,0.6533333333333333,0.6837165178571428,0.4750415176596334,0.775,1.0,0.03571428571428571,0.06896551724137931,0.6546001552795031,0.225,0.0,1.0,55,0,55,0.6946853200594584,0.604209076274525,0.20782851721301224,0.025139555165713482,0.018634219512794956,0.7996848054004438,success,C:\Users\YAN_SHU_YU\Desktop\Generative-CD\Q_GNCDM\results\weak_q_lambda_sweep\lq_0p3_ls_0p6_lb_0p7,C:\Users\YAN_SHU_YU\Desktop\Generative-CD\Q_GNCDM\results\weak_q_lambda_sweep\lq_0p3_ls_0p6_lb_0p7\seed_2026\noise_0.20\weak-q_lq_0p3_ls_0p6_lb_0p7\metrics.json
0.3,0.6,0.8,0.0,0.6441666666666667,0.6822601627824231,0.4758785184342788,0.6533333333333333,0.6910770089285714,0.4725366352639964,0.7666666666666667,0.5,0.017857142857142856,0.034482758620689655,0.6321816770186336,0.23333333333333334,0.0,1.0,57,1,56,0.6939301707527854,0.6041580592141007,0.21099442108110947,0.02269345832367738,0.016072130084715107,0.8199144023837466,success,C:\Users\YAN_SHU_YU\Desktop\Generative-CD\Q_GNCDM\results\weak_q_lambda_sweep\lq_0p3_ls_0p6_lb_0p8,C:\Users\YAN_SHU_YU\Desktop\Generative-CD\Q_GNCDM\results\weak_q_lambda_sweep\lq_0p3_ls_0p6_lb_0p8\seed_2026\noise_0.20\weak-q_lq_0p3_ls_0p6_lb_0p8\metrics.json
0.3,0.6,0.9,0.0,0.6383333333333333,0.683627801992528,0.47421527016979426,0.6433333333333333,0.6818973214285715,0.47469073957406105,0.7708333333333334,1.0,0.017857142857142856,0.03508771929824561,0.6492624223602484,0.22916666666666666,0.0,1.0,57,1,56,0.7002342018214139,0.6122173495364912,0.21279405825065845,0.019446824338625778,0.013900602433943388,0.8444254181601785,success,C:\Users\YAN_SHU_YU\Desktop\Generative-CD\Q_GNCDM\results\weak_q_lambda_sweep\lq_0p3_ls_0p6_lb_0p9,C:\Users\YAN_SHU_YU\Desktop\Generative-CD\Q_GNCDM\results\weak_q_lambda_sweep\lq_0p3_ls_0p6_lb_0p9\seed_2026\noise_0.20\weak-q_lq_0p3_ls_0p6_lb_0p9\metrics.json
0.3,0.7,0.05,0.0,0.6475,0.6890094066892012,0.47663451460003653,0.64,0.6846316964285715,0.4847702282219046,0.7958333333333333,1.0,0.125,0.2222222222222222,0.8580163043478259,0.20416666666666666,0.0,1.0,50,0,50,0.632655303586613,0.5275664921059753,0.17901469925136276,0.07018293395186916,0.04512691842109868,0.44875339170296985,success,C:\Users\YAN_SHU_YU\Desktop\Generative-CD\Q_GNCDM\results\weak_q_lambda_sweep\lq_0p3_ls_0p7_lb_0p05,C:\Users\YAN_SHU_YU\Desktop\Generative-CD\Q_GNCDM\results\weak_q_lambda_sweep\lq_0p3_ls_0p7_lb_0p05\seed_2026\noise_0.20\weak-q_lq_0p3_ls_0p7_lb_0p05\metrics.json
0.3,0.7,0.1,0.0,0.6441666666666667,0.6873610122753958,0.47499199138822995,0.6433333333333333,0.6906584821428572,0.47494898182011924,0.775,1.0,0.03571428571428571,0.06896551724137931,0.8519992236024845,0.225,0.0,1.0,50,0,50,0.6652353514324535,0.5599632890838565,0.1783512428854451,0.06727928419907887,0.046711948164033165,0.4731574857776815,success,C:\Users\YAN_SHU_YU\Desktop\Generative-CD\Q_GNCDM\results\weak_q_lambda_sweep\lq_0p3_ls_0p7_lb_0p1,C:\Users\YAN_SHU_YU\Desktop\Generative-CD\Q_GNCDM\results\weak_q_lambda_sweep\lq_0p3_ls_0p7_lb_0p1\seed_2026\noise_0.20\weak-q_lq_0p3_ls_0p7_lb_0p1\metrics.json
0.3,0.7,0.2,0.0,0.6458333333333334,0.687197006760363,0.47591734344548764,0.64,0.6827232142857143,0.4847781801685761,0.7791666666666667,1.0,0.05357142857142857,0.1016949152542373,0.8143439440993789,0.22083333333333333,0.0,1.0,52,0,52,0.6664866714766531,0.5634653541174802,0.18592612716284665,0.05628627905565681,0.03921540516118208,0.5543296734491984,success,C:\Users\YAN_SHU_YU\Desktop\Generative-CD\Q_GNCDM\results\weak_q_lambda_sweep\lq_0p3_ls_0p7_lb_0p2,C:\Users\YAN_SHU_YU\Desktop\Generative-CD\Q_GNCDM\results\weak_q_lambda_sweep\lq_0p3_ls_0p7_lb_0p2\seed_2026\noise_0.20\weak-q_lq_0p3_ls_0p7_lb_0p2\metrics.json
0.3,0.7,0.3,0.0,0.6441666666666667,0.6856181062088595,0.47532779825729765,0.645,0.6875558035714286,0.4812860699069187,0.7791666666666667,1.0,0.05357142857142857,0.1016949152542373,0.7758152173913043,0.22083333333333333,0.0,1.0,54,0,54,0.6819623907407125,0.582190677523613,0.19294337115504526,0.04575121504339305,0.032876150851899925,0.6390633718533949,success,C:\Users\YAN_SHU_YU\Desktop\Generative-CD\Q_GNCDM\results\weak_q_lambda_sweep\lq_0p3_ls_0p7_lb_0p3,C:\Users\YAN_SHU_YU\Desktop\Generative-CD\Q_GNCDM\results\weak_q_lambda_sweep\lq_0p3_ls_0p7_lb_0p3\seed_2026\noise_0.20\weak-q_lq_0p3_ls_0p7_lb_0p3\metrics.json
0.3,0.7,0.4,0.0,0.6333333333333333,0.684322740615549,0.48151968394699496,0.6416666666666667,0.6847767857142857,0.48291385031617484,0.7791666666666667,1.0,0.05357142857142857,0.1016949152542373,0.734472049689441,0.22083333333333333,0.0,1.0,54,0,54,0.6728101752021096,0.5753239510637341,0.19938028852144876,0.03872215059218985,0.02641657545146617,0.6937640435767897,success,C:\Users\YAN_SHU_YU\Desktop\Generative-CD\Q_GNCDM\results\weak_q_lambda_sweep\lq_0p3_ls_0p7_lb_0p4,C:\Users\YAN_SHU_YU\Desktop\Generative-CD\Q_GNCDM\results\weak_q_lambda_sweep\lq_0p3_ls_0p7_lb_0p4\seed_2026\noise_0.20\weak-q_lq_0p3_ls_0p7_lb_0p4\metrics.json
0.3,0.7,0.5,0.0,0.6325,0.684862012987013,0.4794373018469968,0.645,0.6882142857142857,0.48021931825878966,0.775,1.0,0.03571428571428571,0.06896551724137931,0.7000194099378881,0.225,0.0,1.0,54,0,54,0.681998018062476,0.5863995019233588,0.20305027428901556,0.033167969209678246,0.022931701362584576,0.7364245562842398,success,C:\Users\YAN_SHU_YU\Desktop\Generative-CD\Q_GNCDM\results\weak_q_lambda_sweep\lq_0p3_ls_0p7_lb_0p5,C:\Users\YAN_SHU_YU\Desktop\Generative-CD\Q_GNCDM\results\weak_q_lambda_sweep\lq_0p3_ls_0p7_lb_0p5\seed_2026\noise_0.20\weak-q_lq_0p3_ls_0p7_lb_0p5\metrics.json
0.3,0.7,0.6,0.0,0.6375,0.6836166829745598,0.4788278763182064,0.65,0.6900446428571428,0.47789138939389,0.7708333333333334,1.0,0.017857142857142856,0.03508771929824561,0.6743012422360248,0.22916666666666666,0.0,1.0,55,0,55,0.694094122359247,0.6017911100026333,0.20629964768886566,0.026182603796548916,0.02014215603809465,0.7919407297264446,success,C:\Users\YAN_SHU_YU\Desktop\Generative-CD\Q_GNCDM\results\weak_q_lambda_sweep\lq_0p3_ls_0p7_lb_0p6,C:\Users\YAN_SHU_YU\Desktop\Generative-CD\Q_GNCDM\results\weak_q_lambda_sweep\lq_0p3_ls_0p7_lb_0p6\seed_2026\noise_0.20\weak-q_lq_0p3_ls_0p7_lb_0p6\metrics.json
0.3,0.7,0.7,0.0,0.64,0.6816597358121331,0.4766701689662776,0.6633333333333333,0.694252232142857,0.4714787556135354,0.7666666666666667,0.5,0.017857142857142856,0.034482758620689655,0.626164596273292,0.23333333333333334,0.0,1.0,57,1,56,0.6888833994215185,0.5975563643556653,0.2111392809134541,0.024159497101650093,0.015819430351257324,0.8092482713135806,success,C:\Users\YAN_SHU_YU\Desktop\Generative-CD\Q_GNCDM\results\weak_q_lambda_sweep\lq_0p3_ls_0p7_lb_0p7,C:\Users\YAN_SHU_YU\Desktop\Generative-CD\Q_GNCDM\results\weak_q_lambda_sweep\lq_0p3_ls_0p7_lb_0p7\seed_2026\noise_0.20\weak-q_lq_0p3_ls_0p7_lb_0p7\metrics.json
0.3,0.7,0.8,0.0,0.6391666666666667,0.6810509695783669,0.47627837227076714,0.6566666666666666,0.692578125,0.4719491865147213,0.7666666666666667,0.5,0.017857142857142856,0.034482758620689655,0.6336374223602484,0.23333333333333334,0.0,1.0,57,1,56,0.6956960333116127,0.6055165366692976,0.2122171146400047,0.021046209431281597,0.014727506504365892,0.8325962487495306,success,C:\Users\YAN_SHU_YU\Desktop\Generative-CD\Q_GNCDM\results\weak_q_lambda_sweep\lq_0p3_ls_0p7_lb_0p8,C:\Users\YAN_SHU_YU\Desktop\Generative-CD\Q_GNCDM\results\weak_q_lambda_sweep\lq_0p3_ls_0p7_lb_0p8\seed_2026\noise_0.20\weak-q_lq_0p3_ls_0p7_lb_0p8\metrics.json
0.3,0.7,0.9,0.0,0.6391666666666667,0.6817125511474826,0.47553094217567105,0.65,0.6874330357142857,0.47254051854621326,0.7625,0.0,0.0,0.0,0.6460597826086957,0.2375,0.0,1.0,58,1,57,0.7012904846307003,0.6126729114489122,0.21336485264879285,0.017707756043157795,0.013569649887468779,0.8583379577506672,success,C:\Users\YAN_SHU_YU\Desktop\Generative-CD\Q_GNCDM\results\weak_q_lambda_sweep\lq_0p3_ls_0p7_lb_0p9,C:\Users\YAN_SHU_YU\Desktop\Generative-CD\Q_GNCDM\results\weak_q_lambda_sweep\lq_0p3_ls_0p7_lb_0p9\seed_2026\noise_0.20\weak-q_lq_0p3_ls_0p7_lb_0p9\metrics.json
0.3,0.8,0.05,0.0,0.6475,0.6873443337484434,0.47604390770076416,0.6366666666666667,0.6834040178571428,0.4849953009552296,0.7791666666666667,1.0,0.05357142857142857,0.1016949152542373,0.8330745341614907,0.22083333333333333,0.0,1.0,51,0,51,0.6520014080134305,0.5462422994050112,0.18516049895322684,0.06029059687121348,0.039569629694927826,0.527126462170572,success,C:\Users\YAN_SHU_YU\Desktop\Generative-CD\Q_GNCDM\results\weak_q_lambda_sweep\lq_0p3_ls_0p8_lb_0p05,C:\Users\YAN_SHU_YU\Desktop\Generative-CD\Q_GNCDM\results\weak_q_lambda_sweep\lq_0p3_ls_0p8_lb_0p05\seed_2026\noise_0.20\weak-q_lq_0p3_ls_0p8_lb_0p05\metrics.json
0.3,0.8,0.1,0.0,0.645,0.6870496797722825,0.47593017392735415,0.6366666666666667,0.6812723214285714,0.4855864249718318,0.7791666666666667,1.0,0.05357142857142857,0.1016949152542373,0.8167701863354037,0.22083333333333333,0.0,1.0,51,0,51,0.6637853374986937,0.558952325221264,0.18670810555869882,0.056232473107449936,0.038346063627889664,0.5543390521497438,success,C:\Users\YAN_SHU_YU\Desktop\Generative-CD\Q_GNCDM\results\weak_q_lambda_sweep\lq_0p3_ls_0p8_lb_0p1,C:\Users\YAN_SHU_YU\Desktop\Generative-CD\Q_GNCDM\results\weak_q_lambda_sweep\lq_0p3_ls_0p8_lb_0p1\seed_2026\noise_0.20\weak-q_lq_0p3_ls_0p8_lb_0p1\metrics.json
0.3,0.8,0.2,0.0,0.645,0.6856236657178438,0.4756081081012814,0.645,0.6878906249999999,0.4812925521038022,0.7791666666666667,1.0,0.05357142857142857,0.1016949152542373,0.7842585403726707,0.22083333333333333,0.0,1.0,54,0,54,0.6827500236756874,0.581811094825918,0.19270104034380478,0.045627693673878006,0.033132281775275864,0.6394085116458662,success,C:\Users\YAN_SHU_YU\Desktop\Generative-CD\Q_GNCDM\results\weak_q_lambda_sweep\lq_0p3_ls_0p8_lb_0p2,C:\Users\YAN_SHU_YU\Desktop\Generative-CD\Q_GNCDM\results\weak_q_lambda_sweep\lq_0p3_ls_0p8_lb_0p2\seed_2026\noise_0.20\weak-q_lq_0p3_ls_0p8_lb_0p2\metrics.json
0.3,0.8,0.3,0.0,0.635,0.6850565958014588,0.4818967713207076,0.6416666666666667,0.684921875,0.4827513957111905,0.7791666666666667,1.0,0.05357142857142857,0.1016949152542373,0.7423330745341615,0.22083333333333333,0.0,1.0,54,0,54,0.6723054367484469,0.5734240782983375,0.198817384965492,0.038923567894733314,0.026990943249653686,0.6915304100874698,success,C:\Users\YAN_SHU_YU\Desktop\Generative-CD\Q_GNCDM\results\weak_q_lambda_sweep\lq_0p3_ls_0p8_lb_0p3,C:\Users\YAN_SHU_YU\Desktop\Generative-CD\Q_GNCDM\results\weak_q_lambda_sweep\lq_0p3_ls_0p8_lb_0p3\seed_2026\noise_0.20\weak-q_lq_0p3_ls_0p8_lb_0p3\metrics.json
0.3,0.8,0.4,0.0,0.63,0.6834554572140188,0.4803929952025063,0.6483333333333333,0.6875446428571429,0.4809700664267193,0.775,1.0,0.03571428571428571,0.06896551724137931,0.7091420807453417,0.225,0.0,1.0,54,0,54,0.6798007714025902,0.5824013885223505,0.20261599371830621,0.034116497319756134,0.023303458213128826,0.7296359611280037,success,C:\Users\YAN_SHU_YU\Desktop\Generative-CD\Q_GNCDM\results\weak_q_lambda_sweep\lq_0p3_ls_0p8_lb_0p4,C:\Users\YAN_SHU_YU\Desktop\Generative-CD\Q_GNCDM\results\weak_q_lambda_sweep\lq_0p3_ls_0p8_lb_0p4\seed_2026\noise_0.20\weak-q_lq_0p3_ls_0p8_lb_0p4\metrics.json
0.3,0.8,0.5,0.0,0.6375,0.6836278019925282,0.47935243031084224,0.66,0.6915401785714286,0.47804550999110107,0.7708333333333334,1.0,0.017857142857142856,0.03508771929824561,0.6852678571428571,0.22916666666666666,0.0,1.0,54,0,54,0.6883111713510571,0.5930257114497098,0.20508277348496698,0.029036666294842056,0.021062598648396404,0.7687693346630443,success,C:\Users\YAN_SHU_YU\Desktop\Generative-CD\Q_GNCDM\results\weak_q_lambda_sweep\lq_0p3_ls_0p8_lb_0p5,C:\Users\YAN_SHU_YU\Desktop\Generative-CD\Q_GNCDM\results\weak_q_lambda_sweep\lq_0p3_ls_0p8_lb_0p5\seed_2026\noise_0.20\weak-q_lq_0p3_ls_0p8_lb_0p5\metrics.json
0.3,0.8,0.6,0.0,0.6391666666666667,0.6800752757516456,0.4774541569652074,0.6583333333333333,0.6945200892857143,0.4715890852364503,0.7666666666666667,0.5,0.017857142857142856,0.034482758620689655,0.6340256211180123,0.23333333333333334,0.0,1.0,57,1,56,0.6884450605421355,0.5956993048841303,0.21061957717844934,0.024692738118271034,0.016342822349432743,0.8045406350583741,success,C:\Users\YAN_SHU_YU\Desktop\Generative-CD\Q_GNCDM\results\weak_q_lambda_sweep\lq_0p3_ls_0p8_lb_0p6,C:\Users\YAN_SHU_YU\Desktop\Generative-CD\Q_GNCDM\results\weak_q_lambda_sweep\lq_0p3_ls_0p8_lb_0p6\seed_2026\noise_0.20\weak-q_lq_0p3_ls_0p8_lb_0p6\metrics.json
0.3,0.8,0.7,0.0,0.6416666666666667,0.6799946628713752,0.4771774202836954,0.655,0.6933705357142856,0.4718908776014578,0.7666666666666667,0.5,0.017857142857142856,0.034482758620689655,0.6284937888198757,0.23333333333333334,0.0,1.0,57,1,56,0.6906146903832754,0.5987454174142895,0.2124215066432953,0.02256744428340233,0.014412661675702442,0.8209612839149706,success,C:\Users\YAN_SHU_YU\Desktop\Generative-CD\Q_GNCDM\results\weak_q_lambda_sweep\lq_0p3_ls_0p8_lb_0p7,C:\Users\YAN_SHU_YU\Desktop\Generative-CD\Q_GNCDM\results\weak_q_lambda_sweep\lq_0p3_ls_0p8_lb_0p7\seed_2026\noise_0.20\weak-q_lq_0p3_ls_0p8_lb_0p7\metrics.json
0.3,0.8,0.8,0.0,0.6366666666666667,0.6805061376979186,0.4767423637657184,0.6533333333333333,0.6932477678571429,0.47168735955746366,0.7666666666666667,0.5,0.017857142857142856,0.034482758620689655,0.6383928571428571,0.23333333333333334,0.0,1.0,57,1,56,0.6956166263782617,0.6047052560430585,0.2135087994463516,0.020308605225926094,0.013264801494325653,0.8375542868267406,success,C:\Users\YAN_SHU_YU\Desktop\Generative-CD\Q_GNCDM\results\weak_q_lambda_sweep\lq_0p3_ls_0p8_lb_0p8,C:\Users\YAN_SHU_YU\Desktop\Generative-CD\Q_GNCDM\results\weak_q_lambda_sweep\lq_0p3_ls_0p8_lb_0p8\seed_2026\noise_0.20\weak-q_lq_0p3_ls_0p8_lb_0p8\metrics.json
0.3,0.8,0.9,0.0,0.6391666666666667,0.6820155443871198,0.4754714896643089,0.6483333333333333,0.6898549107142857,0.47186898464762783,0.7625,0.0,0.0,0.0,0.6543090062111802,0.2375,0.0,1.0,58,1,57,0.7030284422816653,0.6136945251262549,0.21342633122747595,0.016681461312779873,0.013289832905160658,0.866548318754543,success,C:\Users\YAN_SHU_YU\Desktop\Generative-CD\Q_GNCDM\results\weak_q_lambda_sweep\lq_0p3_ls_0p8_lb_0p9,C:\Users\YAN_SHU_YU\Desktop\Generative-CD\Q_GNCDM\results\weak_q_lambda_sweep\lq_0p3_ls_0p8_lb_0p9\seed_2026\noise_0.20\weak-q_lq_0p3_ls_0p8_lb_0p9\metrics.json
0.3,0.9,0.05,0.0,0.6441666666666667,0.6862630092510229,0.47584593458973556,0.6416666666666667,0.6854017857142857,0.4827621984443988,0.7791666666666667,1.0,0.05357142857142857,0.1016949152542373,0.8039596273291926,0.22083333333333333,0.0,1.0,54,0,54,0.6783825303568984,0.5751130883440827,0.18927602018370773,0.04963378992044565,0.03632440480093161,0.6064344987724767,success,C:\Users\YAN_SHU_YU\Desktop\Generative-CD\Q_GNCDM\results\weak_q_lambda_sweep\lq_0p3_ls_0p9_lb_0p05,C:\Users\YAN_SHU_YU\Desktop\Generative-CD\Q_GNCDM\results\weak_q_lambda_sweep\lq_0p3_ls_0p9_lb_0p05\seed_2026\noise_0.20\weak-q_lq_0p3_ls_0p9_lb_0p05\metrics.json
0.3,0.9,0.1,0.0,0.6441666666666667,0.6856431239992883,0.4757193852203263,0.6416666666666667,0.6883816964285715,0.48128766629891473,0.7791666666666667,1.0,0.05357142857142857,0.1016949152542373,0.7904697204968945,0.22083333333333333,0.0,1.0,54,0,54,0.6838248814597274,0.5818821814927188,0.1925147200624148,0.04539411486775586,0.03333579257807948,0.6405524674690131,success,C:\Users\YAN_SHU_YU\Desktop\Generative-CD\Q_GNCDM\results\weak_q_lambda_sweep\lq_0p3_ls_0p9_lb_0p1,C:\Users\YAN_SHU_YU\Desktop\Generative-CD\Q_GNCDM\results\weak_q_lambda_sweep\lq_0p3_ls_0p9_lb_0p1\seed_2026\noise_0.20\weak-q_lq_0p3_ls_0p9_lb_0p1\metrics.json
0.3,0.9,0.2,0.0,0.635,0.6853429105141433,0.48196080117019713,0.64,0.685625,0.4823996628762605,0.7791666666666667,1.0,0.05357142857142857,0.1016949152542373,0.7526203416149069,0.22083333333333333,0.0,1.0,54,0,54,0.6723590845411475,0.5722714274218588,0.19834751432592218,0.038990033564694,0.027461876725834427,0.6903165452408068,success,C:\Users\YAN_SHU_YU\Desktop\Generative-CD\Q_GNCDM\results\weak_q_lambda_sweep\lq_0p3_ls_0p9_lb_0p2,C:\Users\YAN_SHU_YU\Desktop\Generative-CD\Q_GNCDM\results\weak_q_lambda_sweep\lq_0p3_ls_0p9_lb_0p2\seed_2026\noise_0.20\weak-q_lq_0p3_ls_0p9_lb_0p2\metrics.json
0.3,0.9,0.3,0.0,0.63,0.683020425636008,0.48136024631804847,0.6483333333333333,0.687578125,0.48111556827740537,0.7791666666666667,1.0,0.05357142857142857,0.1016949152542373,0.7216614906832298,0.22083333333333333,0.0,1.0,54,0,54,0.6793576370586049,0.5805680512478857,0.202183722095056,0.034464535896073685,0.023721282313944714,0.7264243436582161,success,C:\Users\YAN_SHU_YU\Desktop\Generative-CD\Q_GNCDM\results\weak_q_lambda_sweep\lq_0p3_ls_0p9_lb_0p3,C:\Users\YAN_SHU_YU\Desktop\Generative-CD\Q_GNCDM\results\weak_q_lambda_sweep\lq_0p3_ls_0p9_lb_0p3\seed_2026\noise_0.20\weak-q_lq_0p3_ls_0p9_lb_0p3\metrics.json
0.3,0.9,0.4,0.0,0.6358333333333334,0.6837723492261163,0.47968876163433016,0.66,0.6925446428571429,0.47888270970848124,0.7708333333333334,1.0,0.017857142857142856,0.03508771929824561,0.6957492236024845,0.22916666666666666,0.0,1.0,54,0,54,0.6857300373640928,0.5886196462493954,0.2047720490531488,0.03018595933011084,0.021278531516365932,0.7593403359254202,success,C:\Users\YAN_SHU_YU\Desktop\Generative-CD\Q_GNCDM\results\weak_q_lambda_sweep\lq_0p3_ls_0p9_lb_0p4,C:\Users\YAN_SHU_YU\Desktop\Generative-CD\Q_GNCDM\results\weak_q_lambda_sweep\lq_0p3_ls_0p9_lb_0p4\seed_2026\noise_0.20\weak-q_lq_0p3_ls_0p9_lb_0p4\metrics.json
0.3,0.9,0.5,0.0,0.6325,0.6831441247109056,0.4789739635125966,0.6566666666666666,0.6926450892857142,0.47745024615823745,0.7666666666666667,0.0,0.0,0.0,0.6776009316770186,0.23333333333333334,0.0,1.0,57,1,56,0.6941479823806069,0.5993134189735759,0.2073578681006576,0.025501127016137947,0.019352365906039875,0.7960244399128538,success,C:\Users\YAN_SHU_YU\Desktop\Generative-CD\Q_GNCDM\results\weak_q_lambda_sweep\lq_0p3_ls_0p9_lb_0p5,C:\Users\YAN_SHU_YU\Desktop\Generative-CD\Q_GNCDM\results\weak_q_lambda_sweep\lq_0p3_ls_0p9_lb_0p5\seed_2026\noise_0.20\weak-q_lq_0p3_ls_0p9_lb_0p5\metrics.json
0.3,0.9,0.6,0.0,0.64,0.6815735634228786,0.4779551704760568,0.6533333333333333,0.6932477678571429,0.47202594664056124,0.7666666666666667,0.5,0.017857142857142856,0.034482758620689655,0.6361607142857142,0.23333333333333334,0.0,1.0,57,1,56,0.6906265869285121,0.5973591840628422,0.21193219472964606,0.023034545141413357,0.014927748096824595,0.8167985632564082,success,C:\Users\YAN_SHU_YU\Desktop\Generative-CD\Q_GNCDM\results\weak_q_lambda_sweep\lq_0p3_ls_0p9_lb_0p6,C:\Users\YAN_SHU_YU\Desktop\Generative-CD\Q_GNCDM\results\weak_q_lambda_sweep\lq_0p3_ls_0p9_lb_0p6\seed_2026\noise_0.20\weak-q_lq_0p3_ls_0p9_lb_0p6\metrics.json
0.3,0.9,0.7,0.0,0.6391666666666667,0.6798084193204056,0.47720618444279156,0.6566666666666666,0.6964508928571428,0.470969169063374,0.7666666666666667,0.5,0.017857142857142856,0.034482758620689655,0.6324728260869565,0.23333333333333334,0.0,1.0,57,1,56,0.6936088159228816,0.6011965681206096,0.21338317769043375,0.0211409426886927,0.013386341376286564,0.8311048032659473,success,C:\Users\YAN_SHU_YU\Desktop\Generative-CD\Q_GNCDM\results\weak_q_lambda_sweep\lq_0p3_ls_0p9_lb_0p7,C:\Users\YAN_SHU_YU\Desktop\Generative-CD\Q_GNCDM\results\weak_q_lambda_sweep\lq_0p3_ls_0p9_lb_0p7\seed_2026\noise_0.20\weak-q_lq_0p3_ls_0p9_lb_0p7\metrics.json
0.3,0.9,0.8,0.0,0.6383333333333333,0.6799779843444227,0.4769955217970151,0.6483333333333333,0.6933370535714286,0.47170170694097285,0.7666666666666667,0.5,0.017857142857142856,0.034482758620689655,0.6448951863354038,0.23333333333333334,0.0,1.0,57,1,56,0.697214073303974,0.6056303490291942,0.21412877715898282,0.01924976102556243,0.012525382000162746,0.8460019095377489,success,C:\Users\YAN_SHU_YU\Desktop\Generative-CD\Q_GNCDM\results\weak_q_lambda_sweep\lq_0p3_ls_0p9_lb_0p8,C:\Users\YAN_SHU_YU\Desktop\Generative-CD\Q_GNCDM\results\weak_q_lambda_sweep\lq_0p3_ls_0p9_lb_0p8\seed_2026\noise_0.20\weak-q_lq_0p3_ls_0p9_lb_0p8\metrics.json
0.3,0.9,0.9,0.0,0.6408333333333334,0.6855096957836684,0.4749349315081145,0.6483333333333333,0.663392857142857,0.4786648709333356,0.7666666666666667,0.0,0.0,0.0,0.6923524844720497,0.23333333333333334,0.0,1.0,57,0,57,0.7310392260551453,0.6438153178402872,0.2143388121868625,0.012929430457227158,0.012539749273635221,0.8965645604061357,success,C:\Users\YAN_SHU_YU\Desktop\Generative-CD\Q_GNCDM\results\weak_q_lambda_sweep\lq_0p3_ls_0p9_lb_0p9,C:\Users\YAN_SHU_YU\Desktop\Generative-CD\Q_GNCDM\results\weak_q_lambda_sweep\lq_0p3_ls_0p9_lb_0p9\seed_2026\noise_0.20\weak-q_lq_0p3_ls_0p9_lb_0p9\metrics.json
0.4,0.05,0.05,0.0,0.63,0.6773094200320229,0.4897777935999976,0.635,0.6937834821428571,0.48274493777843425,0.9083333333333333,0.8541666666666666,0.7321428571428571,0.7884615384615384,0.9432259316770186,0.09166666666666666,0.0,0.6666666666666666,19,5,14,0.5538953605926398,0.49038385622429126,0.11315540991949313,0.25809609212658624,0.10689071622310263,0.0,success,C:\Users\YAN_SHU_YU\Desktop\Generative-CD\Q_GNCDM\results\weak_q_lambda_sweep\lq_0p4_ls_0p05_lb_0p05,C:\Users\YAN_SHU_YU\Desktop\Generative-CD\Q_GNCDM\results\weak_q_lambda_sweep\lq_0p4_ls_0p05_lb_0p05\seed_2026\noise_0.20\weak-q_lq_0p4_ls_0p05_lb_0p05\metrics.json
0.4,0.05,0.1,0.0,0.6358333333333334,0.6817042118840064,0.4911672952293416,0.6316666666666667,0.6960714285714286,0.485963099970137,0.9125,0.8888888888888888,0.7142857142857143,0.7920792079207921,0.9447787267080745,0.0875,0.0,0.6666666666666666,18,3,15,0.5365689252362107,0.4638406503381151,0.13060081885619598,0.23478876821922534,0.08748507567427376,0.0,success,C:\Users\YAN_SHU_YU\Desktop\Generative-CD\Q_GNCDM\results\weak_q_lambda_sweep\lq_0p4_ls_0p05_lb_0p1,C:\Users\YAN_SHU_YU\Desktop\Generative-CD\Q_GNCDM\results\weak_q_lambda_sweep\lq_0p4_ls_0p05_lb_0p1\seed_2026\noise_0.20\weak-q_lq_0p4_ls_0p05_lb_0p1\metrics.json
0.4,0.05,0.2,0.0,0.6366666666666667,0.6835527486212417,0.4920852498160122,0.6266666666666667,0.6958035714285714,0.4880538282903114,0.9083333333333333,0.8863636363636364,0.6964285714285714,0.78,0.9554541925465839,0.09166666666666666,0.0,0.6666666666666666,20,3,17,0.5247860663768017,0.4413214082067663,0.1492470929568464,0.20959738325892072,0.06642974946986545,0.0,success,C:\Users\YAN_SHU_YU\Desktop\Generative-CD\Q_GNCDM\results\weak_q_lambda_sweep\lq_0p4_ls_0p05_lb_0p2,C:\Users\YAN_SHU_YU\Desktop\Generative-CD\Q_GNCDM\results\weak_q_lambda_sweep\lq_0p4_ls_0p05_lb_0p2\seed_2026\noise_0.20\weak-q_lq_0p4_ls_0p05_lb_0p2\metrics.json
0.4,0.05,0.3,0.0,0.6325,0.6843088418430885,0.4920121564422746,0.6283333333333333,0.6950223214285713,0.4893692337655798,0.9125,0.926829268292683,0.6785714285714286,0.7835051546391752,0.9626358695652174,0.0875,0.0,0.6666666666666666,18,1,17,0.5181577146956415,0.42800639614914404,0.16325346719134937,0.19367885341246924,0.050553282045505264,0.0,success,C:\Users\YAN_SHU_YU\Desktop\Generative-CD\Q_GNCDM\results\weak_q_lambda_sweep\lq_0p4_ls_0p05_lb_0p3,C:\Users\YAN_SHU_YU\Desktop\Generative-CD\Q_GNCDM\results\weak_q_lambda_sweep\lq_0p4_ls_0p05_lb_0p3\seed_2026\noise_0.20\weak-q_lq_0p4_ls_0p05_lb_0p3\metrics.json
0.4,0.05,0.4,0.0,0.63,0.6832636541540651,0.492002392756291,0.6316666666666667,0.6965290178571428,0.4882018870638625,0.925,0.9523809523809523,0.7142857142857143,0.8163265306122449,0.9706909937888198,0.075,0.0,0.6666666666666666,16,0,16,0.5177729992252408,0.423037949385065,0.16811108927835117,0.19231749732385983,0.04468683164679643,0.0,success,C:\Users\YAN_SHU_YU\Desktop\Generative-CD\Q_GNCDM\results\weak_q_lambda_sweep\lq_0p4_ls_0p05_lb_0p4,C:\Users\YAN_SHU_YU\Desktop\Generative-CD\Q_GNCDM\results\weak_q_lambda_sweep\lq_0p4_ls_0p05_lb_0p4\seed_2026\noise_0.20\weak-q_lq_0p4_ls_0p05_lb_0p4\metrics.json
0.4,0.05,0.5,0.0,0.6341666666666667,0.6833998621241771,0.4930152200765291,0.6333333333333333,0.6987611607142856,0.48816651622166485,0.9291666666666667,0.9534883720930233,0.7321428571428571,0.8282828282828283,0.9730201863354037,0.07083333333333333,0.0,0.6666666666666666,16,0,16,0.5172368748621508,0.4190378753524838,0.17229917419679236,0.19006141500942636,0.03955250735761541,0.0,success,C:\Users\YAN_SHU_YU\Desktop\Generative-CD\Q_GNCDM\results\weak_q_lambda_sweep\lq_0p4_ls_0p05_lb_0p5,C:\Users\YAN_SHU_YU\Desktop\Generative-CD\Q_GNCDM\results\weak_q_lambda_sweep\lq_0p4_ls_0p05_lb_0p5\seed_2026\noise_0.20\weak-q_lq_0p4_ls_0p05_lb_0p5\metrics.json
0.4,0.05,0.6,0.0,0.635,0.6830774106030955,0.4959494699506179,0.64,0.6965959821428571,0.4920656880873298,0.9333333333333333,0.9347826086956522,0.7678571428571429,0.8431372549019608,0.9739906832298137,0.06666666666666667,0.0,0.5,15,0,15,0.5113396500096177,0.41120573923443304,0.17908217645052707,0.18804420508218533,0.03183137664966511,0.0,success,C:\Users\YAN_SHU_YU\Desktop\Generative-CD\Q_GNCDM\results\weak_q_lambda_sweep\lq_0p4_ls_0p05_lb_0p6,C:\Users\YAN_SHU_YU\Desktop\Generative-CD\Q_GNCDM\results\weak_q_lambda_sweep\lq_0p4_ls_0p05_lb_0p6\seed_2026\noise_0.20\weak-q_lq_0p4_ls_0p05_lb_0p6\metrics.json
0.4,0.05,0.7,0.0,0.6241666666666666,0.682126734566803,0.49772047046448525,0.6616666666666666,0.696997767857143,0.49029528400813455,0.9416666666666667,0.9565217391304348,0.7857142857142857,0.8627450980392157,0.9737965838509317,0.058333333333333334,0.2,0.6666666666666666,13,1,12,0.516044583736044,0.41471941317572736,0.1838244382630695,0.19799130455111014,0.02556547127438314,0.0,success,C:\Users\YAN_SHU_YU\Desktop\Generative-CD\Q_GNCDM\results\weak_q_lambda_sweep\lq_0p4_ls_0p05_lb_0p7,C:\Users\YAN_SHU_YU\Desktop\Generative-CD\Q_GNCDM\results\weak_q_lambda_sweep\lq_0p4_ls_0p05_lb_0p7\seed_2026\noise_0.20\weak-q_lq_0p4_ls_0p05_lb_0p7\metrics.json
0.4,0.05,0.8,0.0,0.6308333333333334,0.6864075564846113,0.4898158182802161,0.65,0.6984374999999999,0.48917562705427126,0.9458333333333333,0.9215686274509803,0.8392857142857143,0.8785046728971962,0.9723408385093169,0.05416666666666667,0.0,0.3333333333333333,9,1,8,0.536849887082071,0.4346551186207569,0.18654280878377683,0.2139211351221258,0.021101980837005558,0.0,success,C:\Users\YAN_SHU_YU\Desktop\Generative-CD\Q_GNCDM\results\weak_q_lambda_sweep\lq_0p4_ls_0p05_lb_0p8,C:\Users\YAN_SHU_YU\Desktop\Generative-CD\Q_GNCDM\results\weak_q_lambda_sweep\lq_0p4_ls_0p05_lb_0p8\seed_2026\noise_0.20\weak-q_lq_0p4_ls_0p05_lb_0p8\metrics.json
0.4,0.05,0.9,0.0,0.6233333333333333,0.6848536737235368,0.49424011935238765,0.6533333333333333,0.6945982142857143,0.48934476482756634,0.9541666666666667,0.9411764705882353,0.8571428571428571,0.897196261682243,0.9723408385093169,0.04583333333333333,0.2,0.5,8,1,7,0.5214190415360711,0.4224024853020003,0.1953953163641872,0.21244729761824463,0.011373409309960676,0.0,success,C:\Users\YAN_SHU_YU\Desktop\Generative-CD\Q_GNCDM\results\weak_q_lambda_sweep\lq_0p4_ls_0p05_lb_0p9,C:\Users\YAN_SHU_YU\Desktop\Generative-CD\Q_GNCDM\results\weak_q_lambda_sweep\lq_0p4_ls_0p05_lb_0p9\seed_2026\noise_0.20\weak-q_lq_0p4_ls_0p05_lb_0p9\metrics.json
0.4,0.1,0.05,0.0,0.6325,0.6835777664116705,0.4907006242484098,0.6316666666666667,0.6949776785714286,0.4874960384187627,0.9,0.9,0.6428571428571429,0.75,0.9403144409937888,0.1,0.0,0.6666666666666666,21,2,19,0.5369675565849651,0.4582472321662036,0.13340706649151715,0.211057636096622,0.08503464688405846,0.0,success,C:\Users\YAN_SHU_YU\Desktop\Generative-CD\Q_GNCDM\results\weak_q_lambda_sweep\lq_0p4_ls_0p1_lb_0p05,C:\Users\YAN_SHU_YU\Desktop\Generative-CD\Q_GNCDM\results\weak_q_lambda_sweep\lq_0p4_ls_0p1_lb_0p05\seed_2026\noise_0.20\weak-q_lq_0p4_ls_0p1_lb_0p05\metrics.json
0.4,0.1,0.1,0.0,0.6266666666666667,0.686065646682085,0.4935110248553111,0.6366666666666667,0.6940848214285715,0.48910554434199466,0.9041666666666667,0.9024390243902439,0.6607142857142857,0.7628865979381443,0.9429347826086957,0.09583333333333334,0.0,0.6666666666666666,20,2,18,0.5304302943475319,0.44610909801540954,0.14228475274461688,0.19895455986261368,0.07511838367491057,0.0,success,C:\Users\YAN_SHU_YU\Desktop\Generative-CD\Q_GNCDM\results\weak_q_lambda_sweep\lq_0p4_ls_0p1_lb_0p1,C:\Users\YAN_SHU_YU\Desktop\Generative-CD\Q_GNCDM\results\weak_q_lambda_sweep\lq_0p4_ls_0p1_lb_0p1\seed_2026\noise_0.20\weak-q_lq_0p4_ls_0p1_lb_0p1\metrics.json
0.4,0.1,0.2,0.0,0.6358333333333334,0.6834304394235902,0.4898067681939595,0.6316666666666667,0.6946205357142858,0.4880937971466898,0.9041666666666667,0.9230769230769231,0.6428571428571429,0.7578947368421053,0.9539013975155279,0.09583333333333334,0.0,0.6666666666666666,21,1,20,0.5280066006111376,0.43556104690739605,0.1531024141745134,0.1866502445755583,0.0626977959817106,0.0,success,C:\Users\YAN_SHU_YU\Desktop\Generative-CD\Q_GNCDM\results\weak_q_lambda_sweep\lq_0p4_ls_0p1_lb_0p2,C:\Users\YAN_SHU_YU\Desktop\Generative-CD\Q_GNCDM\results\weak_q_lambda_sweep\lq_0p4_ls_0p1_lb_0p2\seed_2026\noise_0.20\weak-q_lq_0p4_ls_0p1_lb_0p2\metrics.json
0.4,0.1,0.3,0.0,0.6291666666666667,0.6824742038783136,0.4917358705678042,0.6266666666666667,0.6921986607142858,0.4897203430627192,0.9,0.9210526315789473,0.625,0.7446808510638298,0.9629270186335404,0.1,0.0,0.6666666666666666,23,0,23,0.5212292165467234,0.42298986062859045,0.1633511068242969,0.1748466778433684,0.05138080092993649,0.0,success,C:\Users\YAN_SHU_YU\Desktop\Generative-CD\Q_GNCDM\results\weak_q_lambda_sweep\lq_0p4_ls_0p1_lb_0p3,C:\Users\YAN_SHU_YU\Desktop\Generative-CD\Q_GNCDM\results\weak_q_lambda_sweep\lq_0p4_ls_0p1_lb_0p3\seed_2026\noise_0.20\weak-q_lq_0p4_ls_0p1_lb_0p3\metrics.json
0.4,0.1,0.4,0.0,0.6391666666666667,0.6897793986835083,0.48441179889102387,0.6216666666666667,0.6939732142857142,0.48658324001072367,0.9125,0.926829268292683,0.6785714285714286,0.7835051546391752,0.9661296583850931,0.0875,0.0,0.5,19,0,19,0.5639919692819769,0.45864857733249664,0.15132000568238171,0.19472052789095676,0.06335835926460498,0.0,success,C:\Users\YAN_SHU_YU\Desktop\Generative-CD\Q_GNCDM\results\weak_q_lambda_sweep\lq_0p4_ls_0p1_lb_0p4,C:\Users\YAN_SHU_YU\Desktop\Generative-CD\Q_GNCDM\results\weak_q_lambda_sweep\lq_0p4_ls_0p1_lb_0p4\seed_2026\noise_0.20\weak-q_lq_0p4_ls_0p1_lb_0p4\metrics.json
0.4,0.1,0.5,0.0,0.6366666666666667,0.6820989370218823,0.49123965175024803,0.6366666666666667,0.6935044642857142,0.4920039708578994,0.9041666666666667,0.9459459459459459,0.625,0.7526881720430108,0.9710791925465838,0.09583333333333334,0.0,0.6666666666666666,22,0,22,0.5325292005683436,0.4257070042870261,0.1694905635985461,0.1698873688777288,0.044074468201760086,0.0,success,C:\Users\YAN_SHU_YU\Desktop\Generative-CD\Q_GNCDM\results\weak_q_lambda_sweep\lq_0p4_ls_0p1_lb_0p5,C:\Users\YAN_SHU_YU\Desktop\Generative-CD\Q_GNCDM\results\weak_q_lambda_sweep\lq_0p4_ls_0p1_lb_0p5\seed_2026\noise_0.20\weak-q_lq_0p4_ls_0p1_lb_0p5\metrics.json
0.4,0.1,0.6,0.0,0.64,0.6898461127913182,0.48726660337948996,0.63,0.7006138392857142,0.484287722954835,0.9208333333333333,0.9512195121951219,0.6964285714285714,0.8041237113402062,0.9641886645962734,0.07916666666666666,0.0,0.6666666666666666,20,0,20,0.5563156713138927,0.4431400592579986,0.16317702716950214,0.17757716142770016,0.05024514567445625,0.0,success,C:\Users\YAN_SHU_YU\Desktop\Generative-CD\Q_GNCDM\results\weak_q_lambda_sweep\lq_0p4_ls_0p1_lb_0p6,C:\Users\YAN_SHU_YU\Desktop\Generative-CD\Q_GNCDM\results\weak_q_lambda_sweep\lq_0p4_ls_0p1_lb_0p6\seed_2026\noise_0.20\weak-q_lq_0p4_ls_0p1_lb_0p6\metrics.json
0.4,0.1,0.7,0.0,0.6291666666666667,0.6869746264009963,0.48333468027378523,0.6433333333333333,0.7053683035714287,0.4810206990483905,0.9,0.9210526315789473,0.625,0.7446808510638298,0.9589479813664596,0.1,0.0,0.5,21,0,21,0.5821067257360979,0.46274896598223486,0.1601477965260997,0.17777165905995804,0.05360210427280628,0.0,success,C:\Users\YAN_SHU_YU\Desktop\Generative-CD\Q_GNCDM\results\weak_q_lambda_sweep\lq_0p4_ls_0p1_lb_0p7,C:\Users\YAN_SHU_YU\Desktop\Generative-CD\Q_GNCDM\results\weak_q_lambda_sweep\lq_0p4_ls_0p1_lb_0p7\seed_2026\noise_0.20\weak-q_lq_0p4_ls_0p1_lb_0p7\metrics.json
0.4,0.1,0.8,0.0,0.6308333333333334,0.6805533935242838,0.48748954469154104,0.645,0.7051450892857143,0.4814581362577851,0.8958333333333334,0.918918918918919,0.6071428571428571,0.7311827956989247,0.9572981366459627,0.10416666666666667,0.0,0.5,21,0,21,0.5792019340124998,0.4578628670988661,0.16712220306649353,0.17191371863538568,0.046623523883295784,0.0,success,C:\Users\YAN_SHU_YU\Desktop\Generative-CD\Q_GNCDM\results\weak_q_lambda_sweep\lq_0p4_ls_0p1_lb_0p8,C:\Users\YAN_SHU_YU\Desktop\Generative-CD\Q_GNCDM\results\weak_q_lambda_sweep\lq_0p4_ls_0p1_lb_0p8\seed_2026\noise_0.20\weak-q_lq_0p4_ls_0p1_lb_0p8\metrics.json
0.4,0.1,0.9,0.0,0.6291666666666667,0.6808841843088419,0.4935225373300965,0.655,0.7060156249999999,0.4822330318016562,0.9,0.9210526315789473,0.625,0.7446808510638298,0.9627329192546583,0.1,0.0,0.5,22,1,21,0.5536412343834386,0.43529948501875904,0.17986018481579694,0.17394961913426718,0.03222523798996752,9.205491931590421e-05,success,C:\Users\YAN_SHU_YU\Desktop\Generative-CD\Q_GNCDM\results\weak_q_lambda_sweep\lq_0p4_ls_0p1_lb_0p9,C:\Users\YAN_SHU_YU\Desktop\Generative-CD\Q_GNCDM\results\weak_q_lambda_sweep\lq_0p4_ls_0p1_lb_0p9\seed_2026\noise_0.20\weak-q_lq_0p4_ls_0p1_lb_0p9\metrics.json
0.4,0.2,0.05,0.0,0.6308333333333334,0.6847563823163137,0.4906173192940072,0.6166666666666667,0.6901004464285715,0.49179581089271124,0.8708333333333333,0.8787878787878788,0.5178571428571429,0.651685393258427,0.93652950310559,0.12916666666666668,0.0,0.6666666666666666,30,2,28,0.5344005281274969,0.43829128101016535,0.14935031081690933,0.16468864476138895,0.06862782122510852,0.0,success,C:\Users\YAN_SHU_YU\Desktop\Generative-CD\Q_GNCDM\results\weak_q_lambda_sweep\lq_0p4_ls_0p2_lb_0p05,C:\Users\YAN_SHU_YU\Desktop\Generative-CD\Q_GNCDM\results\weak_q_lambda_sweep\lq_0p4_ls_0p2_lb_0p05\seed_2026\noise_0.20\weak-q_lq_0p4_ls_0p2_lb_0p05\metrics.json
0.4,0.2,0.1,0.0,0.6383333333333333,0.6844005737413272,0.4884101876452905,0.6233333333333333,0.6906696428571429,0.48945136295671554,0.8833333333333333,0.9117647058823529,0.5535714285714286,0.6888888888888889,0.9414790372670807,0.11666666666666667,0.0,0.6666666666666666,27,1,26,0.5374096212061968,0.43764601105993445,0.15062680772759698,0.16407253457741303,0.06698386845263568,0.0,success,C:\Users\YAN_SHU_YU\Desktop\Generative-CD\Q_GNCDM\results\weak_q_lambda_sweep\lq_0p4_ls_0p2_lb_0p1,C:\Users\YAN_SHU_YU\Desktop\Generative-CD\Q_GNCDM\results\weak_q_lambda_sweep\lq_0p4_ls_0p2_lb_0p1\seed_2026\noise_0.20\weak-q_lq_0p4_ls_0p2_lb_0p1\metrics.json
0.4,0.2,0.2,0.0,0.64,0.6905271526418788,0.478912829309554,0.6283333333333333,0.6898549107142857,0.4852492818318594,0.875,0.9333333333333333,0.5,0.6511627906976745,0.9435170807453416,0.125,0.0,0.8333333333333334,25,1,24,0.5929016127730861,0.48584229386214056,0.1342624482331854,0.18242515194596667,0.08434656860701965,0.0,success,C:\Users\YAN_SHU_YU\Desktop\Generative-CD\Q_GNCDM\results\weak_q_lambda_sweep\lq_0p4_ls_0p2_lb_0p2,C:\Users\YAN_SHU_YU\Desktop\Generative-CD\Q_GNCDM\results\weak_q_lambda_sweep\lq_0p4_ls_0p2_lb_0p2\seed_2026\noise_0.20\weak-q_lq_0p4_ls_0p2_lb_0p2\metrics.json
0.4,0.2,0.3,0.0,0.6383333333333333,0.6904020636897349,0.48038714678270034,0.625,0.6911495535714287,0.4863988578340756,0.875,0.9642857142857143,0.48214285714285715,0.6428571428571429,0.9494371118012422,0.125,0.0,0.8333333333333334,24,0,24,0.5870123180476102,0.4736353538253091,0.14319949755162903,0.1687667751402566,0.07447935448903026,0.0,success,C:\Users\YAN_SHU_YU\Desktop\Generative-CD\Q_GNCDM\results\weak_q_lambda_sweep\lq_0p4_ls_0p2_lb_0p3,C:\Users\YAN_SHU_YU\Desktop\Generative-CD\Q_GNCDM\results\weak_q_lambda_sweep\lq_0p4_ls_0p2_lb_0p3\seed_2026\noise_0.20\weak-q_lq_0p4_ls_0p2_lb_0p3\metrics.json
0.4,0.2,0.4,0.0,0.6416666666666667,0.6905577299412916,0.4808332617653681,0.6383333333333333,0.6888839285714285,0.48839311960734877,0.875,0.9642857142857143,0.48214285714285715,0.6428571428571429,0.9554541925465838,0.125,0.0,0.8333333333333334,27,0,27,0.5845783145138712,0.4665210007718115,0.14928198176803012,0.1551569246432998,0.06828282231634314,0.002460227005719913,success,C:\Users\YAN_SHU_YU\Desktop\Generative-CD\Q_GNCDM\results\weak_q_lambda_sweep\lq_0p4_ls_0p2_lb_0p4,C:\Users\YAN_SHU_YU\Desktop\Generative-CD\Q_GNCDM\results\weak_q_lambda_sweep\lq_0p4_ls_0p2_lb_0p4\seed_2026\noise_0.20\weak-q_lq_0p4_ls_0p2_lb_0p4\metrics.json
0.4,0.2,0.5,0.0,0.6358333333333334,0.6914778286781712,0.47964426519492176,0.6416666666666667,0.6831919642857143,0.49099030664906346,0.8541666666666666,1.0,0.375,0.5454545454545454,0.9458462732919255,0.14583333333333334,0.0,1.0,33,0,33,0.5871867447188406,0.465792332183231,0.1541475129849983,0.13819690838907706,0.0641920490924156,0.025388514510158337,success,C:\Users\YAN_SHU_YU\Desktop\Generative-CD\Q_GNCDM\results\weak_q_lambda_sweep\lq_0p4_ls_0p2_lb_0p5,C:\Users\YAN_SHU_YU\Desktop\Generative-CD\Q_GNCDM\results\weak_q_lambda_sweep\lq_0p4_ls_0p2_lb_0p5\seed_2026\noise_0.20\weak-q_lq_0p4_ls_0p2_lb_0p5\metrics.json
0.4,0.2,0.6,0.0,0.625,0.68803371286248,0.4798969267270231,0.6533333333333333,0.69421875,0.4853193648751819,0.8291666666666667,1.0,0.26785714285714285,0.4225352112676056,0.9154697204968943,0.17083333333333334,0.0,1.0,36,0,36,0.5994682935151187,0.47698449501485535,0.16312869570472024,0.11618229475888339,0.05665975950206771,0.10320177945223721,success,C:\Users\YAN_SHU_YU\Desktop\Generative-CD\Q_GNCDM\results\weak_q_lambda_sweep\lq_0p4_ls_0p2_lb_0p6,C:\Users\YAN_SHU_YU\Desktop\Generative-CD\Q_GNCDM\results\weak_q_lambda_sweep\lq_0p4_ls_0p2_lb_0p6\seed_2026\noise_0.20\weak-q_lq_0p4_ls_0p2_lb_0p6\metrics.json
0.4,0.2,0.7,0.0,0.6241666666666666,0.6860128313467355,0.48161382297918626,0.6533333333333333,0.6831584821428572,0.49242729891815107,0.8083333333333333,1.0,0.17857142857142858,0.30303030303030304,0.8684006211180124,0.19166666666666668,0.0,1.0,44,0,44,0.6094940507953818,0.48858758129856805,0.17360699086478262,0.09059960237055113,0.04763393284696521,0.2824562088106618,success,C:\Users\YAN_SHU_YU\Desktop\Generative-CD\Q_GNCDM\results\weak_q_lambda_sweep\lq_0p4_ls_0p2_lb_0p7,C:\Users\YAN_SHU_YU\Desktop\Generative-CD\Q_GNCDM\results\weak_q_lambda_sweep\lq_0p4_ls_0p2_lb_0p7\seed_2026\noise_0.20\weak-q_lq_0p4_ls_0p2_lb_0p7\metrics.json
0.4,0.2,0.8,0.0,0.645,0.6910302882049457,0.47287884961191434,0.6216666666666667,0.6789397321428571,0.479070872714059,0.7791666666666667,1.0,0.05357142857142857,0.1016949152542373,0.7406832298136646,0.22083333333333333,0.0,1.0,50,0,50,0.6965804461276892,0.5743620228586774,0.1780699710502769,0.06689040938561613,0.04701544412157752,0.46493358503688464,success,C:\Users\YAN_SHU_YU\Desktop\Generative-CD\Q_GNCDM\results\weak_q_lambda_sweep\lq_0p4_ls_0p2_lb_0p8,C:\Users\YAN_SHU_YU\Desktop\Generative-CD\Q_GNCDM\results\weak_q_lambda_sweep\lq_0p4_ls_0p2_lb_0p8\seed_2026\noise_0.20\weak-q_lq_0p4_ls_0p2_lb_0p8\metrics.json
0.4,0.2,0.9,0.0,0.6266666666666667,0.6901602250489237,0.49526005922652483,0.6383333333333333,0.6701004464285715,0.47770593782191656,0.7666666666666667,0.0,0.0,0.0,0.8032802795031057,0.23333333333333334,0.0,1.0,56,0,56,0.7533634079225136,0.63138793815266,0.18515037180799426,0.049635076838912384,0.042209223082119766,0.6029193825793989,success,C:\Users\YAN_SHU_YU\Desktop\Generative-CD\Q_GNCDM\results\weak_q_lambda_sweep\lq_0p4_ls_0p2_lb_0p9,C:\Users\YAN_SHU_YU\Desktop\Generative-CD\Q_GNCDM\results\weak_q_lambda_sweep\lq_0p4_ls_0p2_lb_0p9\seed_2026\noise_0.20\weak-q_lq_0p4_ls_0p2_lb_0p9\metrics.json
0.4,0.3,0.05,0.0,0.6291666666666667,0.6837056351183064,0.4905648377389353,0.6183333333333333,0.6874553571428572,0.49324868242161907,0.8666666666666667,0.9,0.48214285714285715,0.627906976744186,0.9305124223602484,0.13333333333333333,0.0,0.6666666666666666,32,1,31,0.5403808075370211,0.43283994495868683,0.1554000276056203,0.1407181564154047,0.06330809764789813,0.007382953137328679,success,C:\Users\YAN_SHU_YU\Desktop\Generative-CD\Q_GNCDM\results\weak_q_lambda_sweep\lq_0p4_ls_0p3_lb_0p05,C:\Users\YAN_SHU_YU\Desktop\Generative-CD\Q_GNCDM\results\weak_q_lambda_sweep\lq_0p4_ls_0p3_lb_0p05\seed_2026\noise_0.20\weak-q_lq_0p4_ls_0p3_lb_0p05\metrics.json
0.4,0.3,0.1,0.0,0.6416666666666667,0.6860795454545454,0.48368929143683737,0.6283333333333333,0.6873883928571429,0.49328479182656537,0.8583333333333333,0.9583333333333334,0.4107142857142857,0.575,0.9335209627329192,0.14166666666666666,0.0,0.8333333333333334,28,1,27,0.5722620767174345,0.4614713110707023,0.1471093836607355,0.1491486012484088,0.0720243344478535,0.002454823941331018,success,C:\Users\YAN_SHU_YU\Desktop\Generative-CD\Q_GNCDM\results\weak_q_lambda_sweep\lq_0p4_ls_0p3_lb_0p1,C:\Users\YAN_SHU_YU\Desktop\Generative-CD\Q_GNCDM\results\weak_q_lambda_sweep\lq_0p4_ls_0p3_lb_0p1\seed_2026\noise_0.20\weak-q_lq_0p4_ls_0p3_lb_0p1\metrics.json
0.4,0.3,0.2,0.0,0.6408333333333334,0.6860044920832593,0.4842411933290917,0.6283333333333333,0.6864732142857143,0.4942375358246324,0.8583333333333333,0.9583333333333334,0.4107142857142857,0.575,0.9403144409937888,0.14166666666666666,0.0,0.8333333333333334,30,1,29,0.5701527360713843,0.45399902128812036,0.15340222869858597,0.13901896368373523,0.0654356757348234,0.010879047708868078,success,C:\Users\YAN_SHU_YU\Desktop\Generative-CD\Q_GNCDM\results\weak_q_lambda_sweep\lq_0p4_ls_0p3_lb_0p2,C:\Users\YAN_SHU_YU\Desktop\Generative-CD\Q_GNCDM\results\weak_q_lambda_sweep\lq_0p4_ls_0p3_lb_0p2\seed_2026\noise_0.20\weak-q_lq_0p4_ls_0p3_lb_0p2\metrics.json
0.4,0.3,0.3,0.0,0.6383333333333333,0.6920421188400641,0.4769753695308686,0.6416666666666667,0.6920200892857142,0.48233512815969704,0.8291666666666667,0.9411764705882353,0.2857142857142857,0.4383561643835616,0.9464285714285714,0.17083333333333334,0.0,0.8333333333333334,37,0,37,0.603130786707907,0.48157857403610693,0.14859442774093512,0.13567627830938858,0.07137187378424587,0.022409005683254112,success,C:\Users\YAN_SHU_YU\Desktop\Generative-CD\Q_GNCDM\results\weak_q_lambda_sweep\lq_0p4_ls_0p3_lb_0p3,C:\Users\YAN_SHU_YU\Desktop\Generative-CD\Q_GNCDM\results\weak_q_lambda_sweep\lq_0p4_ls_0p3_lb_0p3\seed_2026\noise_0.20\weak-q_lq_0p4_ls_0p3_lb_0p3\metrics.json
0.4,0.3,0.4,0.0,0.64,0.6908496041629604,0.4759448398471325,0.6416666666666667,0.6915178571428572,0.4821612541326629,0.8125,1.0,0.19642857142857142,0.3283582089552239,0.938858695652174,0.1875,0.0,1.0,38,0,38,0.6090196253675403,0.4847960417920893,0.15528351565202078,0.1200108803582914,0.06526728177612479,0.08554030412977393,success,C:\Users\YAN_SHU_YU\Desktop\Generative-CD\Q_GNCDM\results\weak_q_lambda_sweep\lq_0p4_ls_0p3_lb_0p4,C:\Users\YAN_SHU_YU\Desktop\Generative-CD\Q_GNCDM\results\weak_q_lambda_sweep\lq_0p4_ls_0p3_lb_0p4\seed_2026\noise_0.20\weak-q_lq_0p4_ls_0p3_lb_0p4\metrics.json
0.4,0.3,0.5,0.0,0.6416666666666667,0.6909274372887386,0.47437212241101984,0.6433333333333333,0.6881473214285714,0.48219875530336387,0.7916666666666666,1.0,0.10714285714285714,0.1935483870967742,0.9085791925465838,0.20833333333333334,0.0,1.0,46,0,46,0.6285265164844918,0.5028872995665579,0.1622966801126798,0.10315935392722939,0.05954547474781672,0.20580248760454584,success,C:\Users\YAN_SHU_YU\Desktop\Generative-CD\Q_GNCDM\results\weak_q_lambda_sweep\lq_0p4_ls_0p3_lb_0p5,C:\Users\YAN_SHU_YU\Desktop\Generative-CD\Q_GNCDM\results\weak_q_lambda_sweep\lq_0p4_ls_0p3_lb_0p5\seed_2026\noise_0.20\weak-q_lq_0p4_ls_0p3_lb_0p5\metrics.json
0.4,0.3,0.6,0.0,0.6275,0.6852595178793808,0.4780824319526132,0.6433333333333333,0.6888504464285714,0.4892135379257444,0.7916666666666666,1.0,0.10714285714285714,0.1935483870967742,0.8648097826086956,0.20833333333333334,0.0,1.0,48,0,48,0.6327683505686846,0.5089263997294686,0.1725020677302823,0.08176282059514162,0.05052045986733653,0.35340636291287164,success,C:\Users\YAN_SHU_YU\Desktop\Generative-CD\Q_GNCDM\results\weak_q_lambda_sweep\lq_0p4_ls_0p3_lb_0p6,C:\Users\YAN_SHU_YU\Desktop\Generative-CD\Q_GNCDM\results\weak_q_lambda_sweep\lq_0p4_ls_0p3_lb_0p6\seed_2026\noise_0.20\weak-q_lq_0p4_ls_0p3_lb_0p6\metrics.json
0.4,0.3,0.7,0.0,0.6475,0.6888509606831525,0.47703052518418704,0.635,0.6908482142857142,0.4779361251577988,0.775,1.0,0.03571428571428571,0.06896551724137931,0.8048330745341615,0.225,0.0,1.0,55,0,55,0.6659057194536383,0.5463123122851054,0.18385353255452533,0.058412274063536614,0.04075473343784159,0.5396875901655718,success,C:\Users\YAN_SHU_YU\Desktop\Generative-CD\Q_GNCDM\results\weak_q_lambda_sweep\lq_0p4_ls_0p3_lb_0p7,C:\Users\YAN_SHU_YU\Desktop\Generative-CD\Q_GNCDM\results\weak_q_lambda_sweep\lq_0p4_ls_0p3_lb_0p7\seed_2026\noise_0.20\weak-q_lq_0p4_ls_0p3_lb_0p7\metrics.json
0.4,0.3,0.8,0.0,0.6433333333333333,0.6859711350293541,0.4768285789531023,0.6283333333333333,0.680859375,0.47870701187072023,0.775,1.0,0.03571428571428571,0.06896551724137931,0.7547554347826088,0.225,0.0,1.0,55,0,55,0.6893545931035822,0.5743607639363317,0.1951168393998435,0.04173344785742687,0.030533819177159756,0.6704639169302854,success,C:\Users\YAN_SHU_YU\Desktop\Generative-CD\Q_GNCDM\results\weak_q_lambda_sweep\lq_0p4_ls_0p3_lb_0p8,C:\Users\YAN_SHU_YU\Desktop\Generative-CD\Q_GNCDM\results\weak_q_lambda_sweep\lq_0p4_ls_0p3_lb_0p8\seed_2026\noise_0.20\weak-q_lq_0p4_ls_0p3_lb_0p8\metrics.json
0.4,0.3,0.9,0.0,0.635,0.6901157489770503,0.47616637112096233,0.6383333333333333,0.6746986607142856,0.48223056603953723,0.7666666666666667,0.0,0.0,0.0,0.6629464285714286,0.23333333333333334,0.0,1.0,57,0,57,0.7217431474815715,0.6111181793790875,0.20308864974614346,0.0261357022505818,0.02394310376522216,0.7909143783829429,success,C:\Users\YAN_SHU_YU\Desktop\Generative-CD\Q_GNCDM\results\weak_q_lambda_sweep\lq_0p4_ls_0p3_lb_0p9,C:\Users\YAN_SHU_YU\Desktop\Generative-CD\Q_GNCDM\results\weak_q_lambda_sweep\lq_0p4_ls_0p3_lb_0p9\seed_2026\noise_0.20\weak-q_lq_0p4_ls_0p3_lb_0p9\metrics.json
0.4,0.4,0.05,0.0,0.6425,0.6850065602206014,0.48260649478706913,0.6366666666666667,0.6864843749999999,0.49257845792947885,0.8291666666666667,0.9411764705882353,0.2857142857142857,0.4383561643835616,0.9252717391304348,0.17083333333333334,0.0,0.8333333333333334,39,1,38,0.5870344945878694,0.4709393526568557,0.1496044878255237,0.1317475474242008,0.07108649227655295,0.028616706897137745,success,C:\Users\YAN_SHU_YU\Desktop\Generative-CD\Q_GNCDM\results\weak_q_lambda_sweep\lq_0p4_ls_0p4_lb_0p05,C:\Users\YAN_SHU_YU\Desktop\Generative-CD\Q_GNCDM\results\weak_q_lambda_sweep\lq_0p4_ls_0p4_lb_0p05\seed_2026\noise_0.20\weak-q_lq_0p4_ls_0p4_lb_0p05\metrics.json
0.4,0.4,0.1,0.0,0.6391666666666667,0.684864792741505,0.4827394140074786,0.635,0.6853906249999999,0.4932336573200581,0.8291666666666667,0.9411764705882353,0.2857142857142857,0.4383561643835616,0.9254658385093167,0.17083333333333334,0.0,0.8333333333333334,41,1,40,0.5872675451365384,0.46868433916207514,0.15272647684270685,0.12674771384759384,0.06793526018207724,0.0447991168634458,success,C:\Users\YAN_SHU_YU\Desktop\Generative-CD\Q_GNCDM\results\weak_q_lambda_sweep\lq_0p4_ls_0p4_lb_0p1,C:\Users\YAN_SHU_YU\Desktop\Generative-CD\Q_GNCDM\results\weak_q_lambda_sweep\lq_0p4_ls_0p4_lb_0p1\seed_2026\noise_0.20\weak-q_lq_0p4_ls_0p4_lb_0p1\metrics.json
0.4,0.4,0.2,0.0,0.6441666666666667,0.692403486924035,0.4749437812595032,0.645,0.6909933035714286,0.48017030508588315,0.8,0.9,0.16071428571428573,0.2727272727272727,0.93847049689441,0.2,0.0,0.8333333333333334,43,0,43,0.6211428565509391,0.4978917051445354,0.1504899590755954,0.12203230663682475,0.07121122549429085,0.08855568753047423,success,C:\Users\YAN_SHU_YU\Desktop\Generative-CD\Q_GNCDM\results\weak_q_lambda_sweep\lq_0p4_ls_0p4_lb_0p2,C:\Users\YAN_SHU_YU\Desktop\Generative-CD\Q_GNCDM\results\weak_q_lambda_sweep\lq_0p4_ls_0p4_lb_0p2\seed_2026\noise_0.20\weak-q_lq_0p4_ls_0p4_lb_0p2\metrics.json
0.4,0.4,0.3,0.0,0.65,0.6924173856964952,0.4744798382299408,0.64,0.6865066964285714,0.48160825852242406,0.8,1.0,0.14285714285714285,0.25,0.9266304347826088,0.2,0.0,1.0,45,0,45,0.6299512670798735,0.5044509231141119,0.158384232358499,0.10761693560264328,0.06366625360467217,0.17435421568877768,success,C:\Users\YAN_SHU_YU\Desktop\Generative-CD\Q_GNCDM\results\weak_q_lambda_sweep\lq_0p4_ls_0p4_lb_0p3,C:\Users\YAN_SHU_YU\Desktop\Generative-CD\Q_GNCDM\results\weak_q_lambda_sweep\lq_0p4_ls_0p4_lb_0p3\seed_2026\noise_0.20\weak-q_lq_0p4_ls_0p4_lb_0p3\metrics.json
0.4,0.4,0.4,0.0,0.6333333333333333,0.6830440535491906,0.481595518375879,0.6416666666666667,0.6837723214285715,0.492336807087365,0.7958333333333333,1.0,0.125,0.2222222222222222,0.8972243788819876,0.20416666666666666,0.0,1.0,48,0,48,0.6109463220292871,0.48574457520788367,0.17070714271429813,0.09104796679634036,0.05124925822019577,0.28726229613477533,success,C:\Users\YAN_SHU_YU\Desktop\Generative-CD\Q_GNCDM\results\weak_q_lambda_sweep\lq_0p4_ls_0p4_lb_0p4,C:\Users\YAN_SHU_YU\Desktop\Generative-CD\Q_GNCDM\results\weak_q_lambda_sweep\lq_0p4_ls_0p4_lb_0p4\seed_2026\noise_0.20\weak-q_lq_0p4_ls_0p4_lb_0p4\metrics.json
0.4,0.4,0.5,0.0,0.6383333333333333,0.6854874577477317,0.47768746480875024,0.6483333333333333,0.6865959821428571,0.487791841394755,0.7833333333333333,1.0,0.07142857142857142,0.13333333333333333,0.8676242236024843,0.21666666666666667,0.0,1.0,51,0,51,0.6440049215699687,0.5191605352994167,0.17558244480328125,0.07690392423308257,0.0476996772781466,0.3983178495457678,success,C:\Users\YAN_SHU_YU\Desktop\Generative-CD\Q_GNCDM\results\weak_q_lambda_sweep\lq_0p4_ls_0p4_lb_0p5,C:\Users\YAN_SHU_YU\Desktop\Generative-CD\Q_GNCDM\results\weak_q_lambda_sweep\lq_0p4_ls_0p4_lb_0p5\seed_2026\noise_0.20\weak-q_lq_0p4_ls_0p4_lb_0p5\metrics.json
0.4,0.4,0.6,0.0,0.6441666666666667,0.6881865993595445,0.47468776446565936,0.6533333333333333,0.6871093749999999,0.482293390696002,0.775,1.0,0.03571428571428571,0.06896551724137931,0.8138586956521738,0.225,0.0,1.0,53,0,53,0.6896374288833502,0.5688085393472151,0.184819808512023,0.05685355390111605,0.04026590203019706,0.5519594234047513,success,C:\Users\YAN_SHU_YU\Desktop\Generative-CD\Q_GNCDM\results\weak_q_lambda_sweep\lq_0p4_ls_0p4_lb_0p6,C:\Users\YAN_SHU_YU\Desktop\Generative-CD\Q_GNCDM\results\weak_q_lambda_sweep\lq_0p4_ls_0p4_lb_0p6\seed_2026\noise_0.20\weak-q_lq_0p4_ls_0p4_lb_0p6\metrics.json
0.4,0.4,0.7,0.0,0.6466666666666666,0.6885479674435154,0.47568943625495225,0.6416666666666667,0.6821651785714286,0.47921151037737625,0.7791666666666667,1.0,0.05357142857142857,0.1016949152542373,0.7611607142857143,0.22083333333333333,0.0,1.0,54,0,54,0.6833513695182223,0.5662762391747851,0.19502883088408093,0.044709819848790314,0.03025668529285626,0.6469771401448683,success,C:\Users\YAN_SHU_YU\Desktop\Generative-CD\Q_GNCDM\results\weak_q_lambda_sweep\lq_0p4_ls_0p4_lb_0p7,C:\Users\YAN_SHU_YU\Desktop\Generative-CD\Q_GNCDM\results\weak_q_lambda_sweep\lq_0p4_ls_0p4_lb_0p7\seed_2026\noise_0.20\weak-q_lq_0p4_ls_0p4_lb_0p7\metrics.json
0.4,0.4,0.8,0.0,0.6341666666666667,0.6854568804483188,0.4780520726903278,0.6416666666666667,0.6824107142857143,0.48184960114985936,0.7708333333333334,1.0,0.017857142857142856,0.03508771929824561,0.6922554347826086,0.22916666666666666,0.0,1.0,56,0,56,0.7123827708489967,0.5994798857154269,0.20176608589562503,0.030998410826379604,0.024746365139655994,0.7554103343775778,success,C:\Users\YAN_SHU_YU\Desktop\Generative-CD\Q_GNCDM\results\weak_q_lambda_sweep\lq_0p4_ls_0p4_lb_0p8,C:\Users\YAN_SHU_YU\Desktop\Generative-CD\Q_GNCDM\results\weak_q_lambda_sweep\lq_0p4_ls_0p4_lb_0p8\seed_2026\noise_0.20\weak-q_lq_0p4_ls_0p4_lb_0p8\metrics.json
0.4,0.4,0.9,0.0,0.6325,0.6904993550969578,0.4760608434166456,0.6533333333333333,0.6781473214285714,0.48147214165367924,0.7666666666666667,0.0,0.0,0.0,0.6580939440993788,0.23333333333333334,0.0,1.0,57,0,57,0.7231244137792876,0.6128404005007311,0.2060700167309154,0.022707352527614796,0.02085896005684679,0.8183411784244307,success,C:\Users\YAN_SHU_YU\Desktop\Generative-CD\Q_GNCDM\results\weak_q_lambda_sweep\lq_0p4_ls_0p4_lb_0p9,C:\Users\YAN_SHU_YU\Desktop\Generative-CD\Q_GNCDM\results\weak_q_lambda_sweep\lq_0p4_ls_0p4_lb_0p9\seed_2026\noise_0.20\weak-q_lq_0p4_ls_0p4_lb_0p9\metrics.json
0.4,0.5,0.05,0.0,0.6475,0.6921755470556841,0.4743388330606519,0.6466666666666666,0.6900669642857142,0.4786650666968882,0.7958333333333333,0.8888888888888888,0.14285714285714285,0.24615384615384617,0.9339091614906833,0.20416666666666666,0.0,0.8333333333333334,45,0,45,0.6312363508975867,0.5086296539415013,0.14924357492815366,0.1184711717069149,0.07347353852607987,0.1119421398775144,success,C:\Users\YAN_SHU_YU\Desktop\Generative-CD\Q_GNCDM\results\weak_q_lambda_sweep\lq_0p4_ls_0p5_lb_0p05,C:\Users\YAN_SHU_YU\Desktop\Generative-CD\Q_GNCDM\results\weak_q_lambda_sweep\lq_0p4_ls_0p5_lb_0p05\seed_2026\noise_0.20\weak-q_lq_0p4_ls_0p5_lb_0p05\metrics.json
0.4,0.5,0.1,0.0,0.6466666666666666,0.691942047678349,0.4743433714440145,0.6466666666666666,0.6900334821428572,0.47855214823443276,0.8,1.0,0.14285714285714285,0.25,0.9321622670807452,0.2,0.0,1.0,45,0,45,0.6344355715043617,0.5100391705830892,0.15315994958985935,0.11235173644893097,0.06956556439399719,0.14860201062578143,success,C:\Users\YAN_SHU_YU\Desktop\Generative-CD\Q_GNCDM\results\weak_q_lambda_sweep\lq_0p4_ls_0p5_lb_0p1,C:\Users\YAN_SHU_YU\Desktop\Generative-CD\Q_GNCDM\results\weak_q_lambda_sweep\lq_0p4_ls_0p5_lb_0p1\seed_2026\noise_0.20\weak-q_lq_0p4_ls_0p5_lb_0p1\metrics.json
0.4,0.5,0.2,0.0,0.65,0.6920865949119374,0.474214920504427,0.6333333333333333,0.6876674107142857,0.4793308193648693,0.8,1.0,0.14285714285714285,0.25,0.9192546583850931,0.2,0.0,1.0,48,0,48,0.6450154203357119,0.5184647269321211,0.16092642509576047,0.09954415758450826,0.06204018674113534,0.23495859743067712,success,C:\Users\YAN_SHU_YU\Desktop\Generative-CD\Q_GNCDM\results\weak_q_lambda_sweep\lq_0p4_ls_0p5_lb_0p2,C:\Users\YAN_SHU_YU\Desktop\Generative-CD\Q_GNCDM\results\weak_q_lambda_sweep\lq_0p4_ls_0p5_lb_0p2\seed_2026\noise_0.20\weak-q_lq_0p4_ls_0p5_lb_0p2\metrics.json
0.4,0.5,0.3,0.0,0.6358333333333334,0.6858238080412737,0.4795378072845318,0.6366666666666667,0.685591517857143,0.48922690318733436,0.7958333333333333,1.0,0.125,0.2222222222222222,0.8888781055900622,0.20416666666666666,0.0,1.0,50,0,50,0.6266726797277277,0.5003500418229536,0.1724094357905966,0.08455500243739648,0.050271206055626724,0.3356626715623971,success,C:\Users\YAN_SHU_YU\Desktop\Generative-CD\Q_GNCDM\results\weak_q_lambda_sweep\lq_0p4_ls_0p5_lb_0p3,C:\Users\YAN_SHU_YU\Desktop\Generative-CD\Q_GNCDM\results\weak_q_lambda_sweep\lq_0p4_ls_0p5_lb_0p3\seed_2026\noise_0.20\weak-q_lq_0p4_ls_0p5_lb_0p3\metrics.json
0.4,0.5,0.4,0.0,0.6466666666666666,0.6872109055328235,0.47517862731466187,0.6433333333333333,0.6905357142857143,0.4757669219986853,0.7833333333333333,1.0,0.07142857142857142,0.13333333333333333,0.8662655279503108,0.21666666666666667,0.0,1.0,51,0,51,0.6748651591214266,0.5486184128306129,0.17602921164397037,0.07304254738670407,0.04828447453451879,0.4303742565891959,success,C:\Users\YAN_SHU_YU\Desktop\Generative-CD\Q_GNCDM\results\weak_q_lambda_sweep\lq_0p4_ls_0p5_lb_0p4,C:\Users\YAN_SHU_YU\Desktop\Generative-CD\Q_GNCDM\results\weak_q_lambda_sweep\lq_0p4_ls_0p5_lb_0p4\seed_2026\noise_0.20\weak-q_lq_0p4_ls_0p5_lb_0p4\metrics.json
0.4,0.5,0.5,0.0,0.6466666666666666,0.686999644191425,0.47562940001019316,0.65,0.6850111607142857,0.4832497390412352,0.7875,1.0,0.08928571428571429,0.16393442622950818,0.8211374223602484,0.2125,0.0,1.0,52,0,52,0.6887544366446409,0.5663654303008859,0.18526743442723245,0.05680366131392392,0.03976040762482268,0.5512949156038689,success,C:\Users\YAN_SHU_YU\Desktop\Generative-CD\Q_GNCDM\results\weak_q_lambda_sweep\lq_0p4_ls_0p5_lb_0p5,C:\Users\YAN_SHU_YU\Desktop\Generative-CD\Q_GNCDM\results\weak_q_lambda_sweep\lq_0p4_ls_0p5_lb_0p5\seed_2026\noise_0.20\weak-q_lq_0p4_ls_0p5_lb_0p5\metrics.json
0.4,0.5,0.6,0.0,0.6433333333333333,0.686599359544565,0.4763907668831311,0.6533333333333333,0.6866629464285715,0.476880355961949,0.7791666666666667,1.0,0.05357142857142857,0.1016949152542373,0.7690217391304348,0.22083333333333333,0.0,1.0,54,0,54,0.6935476353674224,0.5744263443982962,0.19413251249176083,0.045275061475959694,0.03138459733489788,0.6429769730929172,success,C:\Users\YAN_SHU_YU\Desktop\Generative-CD\Q_GNCDM\results\weak_q_lambda_sweep\lq_0p4_ls_0p5_lb_0p6,C:\Users\YAN_SHU_YU\Desktop\Generative-CD\Q_GNCDM\results\weak_q_lambda_sweep\lq_0p4_ls_0p5_lb_0p6\seed_2026\noise_0.20\weak-q_lq_0p4_ls_0p5_lb_0p6\metrics.json
0.4,0.5,0.7,0.0,0.6416666666666667,0.6866049190535491,0.4753287065094594,0.6466666666666666,0.6813839285714286,0.4783257389302796,0.7791666666666667,1.0,0.05357142857142857,0.1016949152542373,0.7276785714285714,0.22083333333333333,0.0,1.0,54,0,54,0.6964232912569335,0.5802085119666476,0.20101875111912237,0.037143411905024994,0.024622238918461582,0.7073560655117035,success,C:\Users\YAN_SHU_YU\Desktop\Generative-CD\Q_GNCDM\results\weak_q_lambda_sweep\lq_0p4_ls_0p5_lb_0p7,C:\Users\YAN_SHU_YU\Desktop\Generative-CD\Q_GNCDM\results\weak_q_lambda_sweep\lq_0p4_ls_0p5_lb_0p7\seed_2026\noise_0.20\weak-q_lq_0p4_ls_0p5_lb_0p7\metrics.json
0.4,0.5,0.8,0.0,0.6408333333333334,0.6856625822807331,0.4745402781889598,0.6433333333333333,0.6797879464285714,0.47700085566342837,0.7708333333333334,1.0,0.017857142857142856,0.03508771929824561,0.6859472049689441,0.22916666666666666,0.0,1.0,55,0,55,0.7144385522062128,0.6018393130013437,0.20548371677145813,0.027494644915515728,0.020823036687392178,0.7823794457045469,success,C:\Users\YAN_SHU_YU\Desktop\Generative-CD\Q_GNCDM\results\weak_q_lambda_sweep\lq_0p4_ls_0p5_lb_0p8,C:\Users\YAN_SHU_YU\Desktop\Generative-CD\Q_GNCDM\results\weak_q_lambda_sweep\lq_0p4_ls_0p5_lb_0p8\seed_2026\noise_0.20\weak-q_lq_0p4_ls_0p5_lb_0p8\metrics.json
0.4,0.5,0.9,0.0,0.6433333333333333,0.6837667897171322,0.4756158915866263,0.6516666666666666,0.685189732142857,0.474915657368847,0.7708333333333334,1.0,0.017857142857142856,0.03508771929824561,0.6607142857142857,0.22916666666666666,0.0,1.0,56,1,55,0.7137922608491146,0.6012711181785121,0.2087387494517095,0.02618828946442315,0.017701663867090687,0.7918954184561064,success,C:\Users\YAN_SHU_YU\Desktop\Generative-CD\Q_GNCDM\results\weak_q_lambda_sweep\lq_0p4_ls_0p5_lb_0p9,C:\Users\YAN_SHU_YU\Desktop\Generative-CD\Q_GNCDM\results\weak_q_lambda_sweep\lq_0p4_ls_0p5_lb_0p9\seed_2026\noise_0.20\weak-q_lq_0p4_ls_0p5_lb_0p9\metrics.json
0.4,0.6,0.05,0.0,0.6475,0.6921894458281445,0.47399095976591404,0.6283333333333333,0.6872209821428572,0.4786462958743962,0.7958333333333333,1.0,0.125,0.2222222222222222,0.9197399068322981,0.20416666666666666,0.0,1.0,48,0,48,0.6503676799210635,0.5238086797974326,0.15948340409632886,0.09928211377877177,0.06392729496865561,0.2374632509820389,success,C:\Users\YAN_SHU_YU\Desktop\Generative-CD\Q_GNCDM\results\weak_q_lambda_sweep\lq_0p4_ls_0p6_lb_0p05,C:\Users\YAN_SHU_YU\Desktop\Generative-CD\Q_GNCDM\results\weak_q_lambda_sweep\lq_0p4_ls_0p6_lb_0p05\seed_2026\noise_0.20\weak-q_lq_0p4_ls_0p6_lb_0p05\metrics.json
0.4,0.6,0.1,0.0,0.6433333333333333,0.6898238747553818,0.47614167450970435,0.6316666666666667,0.6865959821428571,0.47908343774128376,0.8,1.0,0.14285714285714285,0.25,0.9103260869565216,0.2,0.0,1.0,48,0,48,0.6433435506892927,0.5160848439642878,0.1647214340892705,0.092522736751672,0.058564956384626304,0.28255971995267,success,C:\Users\YAN_SHU_YU\Desktop\Generative-CD\Q_GNCDM\results\weak_q_lambda_sweep\lq_0p4_ls_0p6_lb_0p1,C:\Users\YAN_SHU_YU\Desktop\Generative-CD\Q_GNCDM\results\weak_q_lambda_sweep\lq_0p4_ls_0p6_lb_0p1\seed_2026\noise_0.20\weak-q_lq_0p4_ls_0p6_lb_0p1\metrics.json
0.4,0.6,0.2,0.0,0.6416666666666667,0.6884784735812133,0.476023747992655,0.6316666666666667,0.6901004464285714,0.4760430570105571,0.7916666666666666,1.0,0.10714285714285714,0.1935483870967742,0.8939246894409937,0.20833333333333334,0.0,1.0,50,0,50,0.6582061034260374,0.530445888186946,0.171472082761201,0.08116637655731404,0.05235776124578534,0.3670189389676759,success,C:\Users\YAN_SHU_YU\Desktop\Generative-CD\Q_GNCDM\results\weak_q_lambda_sweep\lq_0p4_ls_0p6_lb_0p2,C:\Users\YAN_SHU_YU\Desktop\Generative-CD\Q_GNCDM\results\weak_q_lambda_sweep\lq_0p4_ls_0p6_lb_0p2\seed_2026\noise_0.20\weak-q_lq_0p4_ls_0p6_lb_0p2\metrics.json
0.4,0.6,0.3,0.0,0.6425,0.6876890233054617,0.47517964991058387,0.64,0.6902008928571428,0.4754519812482341,0.7833333333333333,1.0,0.07142857142857142,0.13333333333333333,0.8687888198757764,0.21666666666666667,0.0,1.0,51,0,51,0.6769077425653284,0.5495204058560458,0.17774312514247317,0.07044503849112627,0.04674353461825487,0.4511357672286756,success,C:\Users\YAN_SHU_YU\Desktop\Generative-CD\Q_GNCDM\results\weak_q_lambda_sweep\lq_0p4_ls_0p6_lb_0p3,C:\Users\YAN_SHU_YU\Desktop\Generative-CD\Q_GNCDM\results\weak_q_lambda_sweep\lq_0p4_ls_0p6_lb_0p3\seed_2026\noise_0.20\weak-q_lq_0p4_ls_0p6_lb_0p3\metrics.json
0.4,0.6,0.4,0.0,0.645,0.6870218822273617,0.47594374376169074,0.6433333333333333,0.6833482142857142,0.4846984105533995,0.7875,1.0,0.08928571428571429,0.16393442622950818,0.8296777950310559,0.2125,0.0,1.0,51,0,51,0.6843588568947532,0.5597971628109614,0.18551220564228116,0.057702379301190376,0.03933845116107753,0.5445642516468511,success,C:\Users\YAN_SHU_YU\Desktop\Generative-CD\Q_GNCDM\results\weak_q_lambda_sweep\lq_0p4_ls_0p6_lb_0p4,C:\Users\YAN_SHU_YU\Desktop\Generative-CD\Q_GNCDM\results\weak_q_lambda_sweep\lq_0p4_ls_0p6_lb_0p4\seed_2026\noise_0.20\weak-q_lq_0p4_ls_0p6_lb_0p4\metrics.json
0.4,0.6,0.5,0.0,0.6425,0.6858933019035759,0.4749443099592016,0.645,0.6868526785714284,0.4815362650076252,0.7791666666666667,1.0,0.05357142857142857,0.1016949152542373,0.78319099378882,0.22083333333333333,0.0,1.0,54,0,54,0.702958064548897,0.5818634100935676,0.19306124250094095,0.04595281770735076,0.03259692623308211,0.6380083082300244,success,C:\Users\YAN_SHU_YU\Desktop\Generative-CD\Q_GNCDM\results\weak_q_lambda_sweep\lq_0p4_ls_0p6_lb_0p5,C:\Users\YAN_SHU_YU\Desktop\Generative-CD\Q_GNCDM\results\weak_q_lambda_sweep\lq_0p4_ls_0p6_lb_0p5\seed_2026\noise_0.20\weak-q_lq_0p4_ls_0p6_lb_0p5\metrics.json
0.4,0.6,0.6,0.0,0.6341666666666667,0.6846424123821384,0.4803768507778168,0.6416666666666667,0.684921875,0.4827837978743224,0.7791666666666667,1.0,0.05357142857142857,0.1016949152542373,0.7392274844720498,0.22083333333333333,0.0,1.0,54,0,54,0.6958168934692036,0.5774125592275099,0.1999531372478514,0.038277672829501556,0.025760777661520424,0.6980708078904585,success,C:\Users\YAN_SHU_YU\Desktop\Generative-CD\Q_GNCDM\results\weak_q_lambda_sweep\lq_0p4_ls_0p6_lb_0p6,C:\Users\YAN_SHU_YU\Desktop\Generative-CD\Q_GNCDM\results\weak_q_lambda_sweep\lq_0p4_ls_0p6_lb_0p6\seed_2026\noise_0.20\weak-q_lq_0p4_ls_0p6_lb_0p6\metrics.json
0.4,0.6,0.7,0.0,0.6333333333333333,0.684534001956947,0.4790488029053813,0.65,0.6899776785714284,0.4784750991402451,0.7708333333333334,1.0,0.017857142857142856,0.03508771929824561,0.6983695652173914,0.22916666666666666,0.0,1.0,55,0,55,0.7106544348326597,0.5950231010263617,0.20347191122445193,0.030601810043056805,0.022687821677236847,0.7572441877740802,success,C:\Users\YAN_SHU_YU\Desktop\Generative-CD\Q_GNCDM\results\weak_q_lambda_sweep\lq_0p4_ls_0p6_lb_0p7,C:\Users\YAN_SHU_YU\Desktop\Generative-CD\Q_GNCDM\results\weak_q_lambda_sweep\lq_0p4_ls_0p6_lb_0p7\seed_2026\noise_0.20\weak-q_lq_0p4_ls_0p6_lb_0p7\metrics.json
0.4,0.6,0.8,0.0,0.6425,0.6841920921544209,0.47516826418473174,0.6533333333333333,0.6835379464285715,0.4749819071911399,0.7708333333333334,1.0,0.017857142857142856,0.03508771929824561,0.6690605590062113,0.22916666666666666,0.0,1.0,55,0,55,0.7170004700169419,0.6040764631647052,0.2079138674519279,0.024962170331767113,0.01847644740094741,0.8015531680800698,success,C:\Users\YAN_SHU_YU\Desktop\Generative-CD\Q_GNCDM\results\weak_q_lambda_sweep\lq_0p4_ls_0p6_lb_0p8,C:\Users\YAN_SHU_YU\Desktop\Generative-CD\Q_GNCDM\results\weak_q_lambda_sweep\lq_0p4_ls_0p6_lb_0p8\seed_2026\noise_0.20\weak-q_lq_0p4_ls_0p6_lb_0p8\metrics.json
0.4,0.6,0.9,0.0,0.6433333333333333,0.6820989370218822,0.4761183024348179,0.6516666666666666,0.690546875,0.47272983189208884,0.7666666666666667,0.5,0.017857142857142856,0.034482758620689655,0.642371894409938,0.23333333333333334,0.0,1.0,57,1,56,0.7157918187704954,0.6033548414707184,0.21114221982883685,0.022915397516705772,0.015812047390323696,0.8180870377656185,success,C:\Users\YAN_SHU_YU\Desktop\Generative-CD\Q_GNCDM\results\weak_q_lambda_sweep\lq_0p4_ls_0p6_lb_0p9,C:\Users\YAN_SHU_YU\Desktop\Generative-CD\Q_GNCDM\results\weak_q_lambda_sweep\lq_0p4_ls_0p6_lb_0p9\seed_2026\noise_0.20\weak-q_lq_0p4_ls_0p6_lb_0p9\metrics.json
0.4,0.7,0.05,0.0,0.6416666666666667,0.6891011385874399,0.47568651980823407,0.6266666666666667,0.6887723214285714,0.4765307789843891,0.7916666666666666,1.0,0.10714285714285714,0.1935483870967742,0.8986801242236025,0.20833333333333334,0.0,1.0,50,0,50,0.6590418463403528,0.5305794667113911,0.1694877247015635,0.08277815783565695,0.054451674335833755,0.355046168421254,success,C:\Users\YAN_SHU_YU\Desktop\Generative-CD\Q_GNCDM\results\weak_q_lambda_sweep\lq_0p4_ls_0p7_lb_0p05,C:\Users\YAN_SHU_YU\Desktop\Generative-CD\Q_GNCDM\results\weak_q_lambda_sweep\lq_0p4_ls_0p7_lb_0p05\seed_2026\noise_0.20\weak-q_lq_0p4_ls_0p7_lb_0p05\metrics.json
0.4,0.7,0.1,0.0,0.6441666666666667,0.6887064134495641,0.4755908232198896,0.625,0.6897767857142857,0.47529167084642737,0.7916666666666666,1.0,0.10714285714285714,0.1935483870967742,0.890527950310559,0.20833333333333334,0.0,1.0,50,0,50,0.665970807725733,0.5374043195536642,0.17274982888590207,0.07760292246486201,0.05144509001437462,0.39449570711814996,success,C:\Users\YAN_SHU_YU\Desktop\Generative-CD\Q_GNCDM\results\weak_q_lambda_sweep\lq_0p4_ls_0p7_lb_0p1,C:\Users\YAN_SHU_YU\Desktop\Generative-CD\Q_GNCDM\results\weak_q_lambda_sweep\lq_0p4_ls_0p7_lb_0p1\seed_2026\noise_0.20\weak-q_lq_0p4_ls_0p7_lb_0p1\metrics.json
0.4,0.7,0.2,0.0,0.6441666666666667,0.6877779754492084,0.47508961513687764,0.6433333333333333,0.6905022321428571,0.4749471289664679,0.7791666666666667,1.0,0.05357142857142857,0.1016949152542373,0.8684976708074533,0.22083333333333333,0.0,1.0,51,0,51,0.6809499606941686,0.5525336328781012,0.17862198479247815,0.0682223965272759,0.04605929604308172,0.4673500485492475,success,C:\Users\YAN_SHU_YU\Desktop\Generative-CD\Q_GNCDM\results\weak_q_lambda_sweep\lq_0p4_ls_0p7_lb_0p2,C:\Users\YAN_SHU_YU\Desktop\Generative-CD\Q_GNCDM\results\weak_q_lambda_sweep\lq_0p4_ls_0p7_lb_0p2\seed_2026\noise_0.20\weak-q_lq_0p4_ls_0p7_lb_0p2\metrics.json
0.4,0.7,0.3,0.0,0.6466666666666666,0.687069138053727,0.47600557730396476,0.6416666666666667,0.6806919642857143,0.48596742700161105,0.7791666666666667,1.0,0.05357142857142857,0.1016949152542373,0.8335597826086956,0.22083333333333333,0.0,1.0,51,0,51,0.6778603160020077,0.5510372365965988,0.18659463141000632,0.05823831384380659,0.03806136825093717,0.5420393925724607,success,C:\Users\YAN_SHU_YU\Desktop\Generative-CD\Q_GNCDM\results\weak_q_lambda_sweep\lq_0p4_ls_0p7_lb_0p3,C:\Users\YAN_SHU_YU\Desktop\Generative-CD\Q_GNCDM\results\weak_q_lambda_sweep\lq_0p4_ls_0p7_lb_0p3\seed_2026\noise_0.20\weak-q_lq_0p4_ls_0p7_lb_0p3\metrics.json
0.4,0.7,0.4,0.0,0.6425,0.685695939334638,0.47539504092688334,0.6416666666666667,0.6870647321428571,0.48152926754137293,0.7791666666666667,1.0,0.05357142857142857,0.1016949152542373,0.7960986024844721,0.22083333333333333,0.0,1.0,54,0,54,0.703024662805326,0.580476385625926,0.19259028452815433,0.04613217395363432,0.03304911816887783,0.635824340762514,success,C:\Users\YAN_SHU_YU\Desktop\Generative-CD\Q_GNCDM\results\weak_q_lambda_sweep\lq_0p4_ls_0p7_lb_0p4,C:\Users\YAN_SHU_YU\Desktop\Generative-CD\Q_GNCDM\results\weak_q_lambda_sweep\lq_0p4_ls_0p7_lb_0p4\seed_2026\noise_0.20\weak-q_lq_0p4_ls_0p7_lb_0p4\metrics.json
0.4,0.7,0.5,0.0,0.6316666666666667,0.6848203166696317,0.4815702459436929,0.64,0.6842522321428571,0.48314107573006565,0.7791666666666667,1.0,0.05357142857142857,0.1016949152542373,0.7484472049689441,0.22083333333333333,0.0,1.0,54,0,54,0.6941382785638174,0.5740098560398276,0.1992205451383735,0.03886559560443416,0.02646857460565639,0.6924936401121544,success,C:\Users\YAN_SHU_YU\Desktop\Generative-CD\Q_GNCDM\results\weak_q_lambda_sweep\lq_0p4_ls_0p7_lb_0p5,C:\Users\YAN_SHU_YU\Desktop\Generative-CD\Q_GNCDM\results\weak_q_lambda_sweep\lq_0p4_ls_0p7_lb_0p5\seed_2026\noise_0.20\weak-q_lq_0p4_ls_0p7_lb_0p5\metrics.json
0.4,0.7,0.6,0.0,0.6325,0.6847758405977584,0.47952074931005567,0.645,0.6875558035714285,0.4805861538178659,0.775,1.0,0.03571428571428571,0.06896551724137931,0.7125388198757765,0.225,0.0,1.0,54,0,54,0.7032122639092532,0.5849677193345446,0.20316890785188385,0.03335777822543274,0.022710888815874405,0.7355836620836547,success,C:\Users\YAN_SHU_YU\Desktop\Generative-CD\Q_GNCDM\results\weak_q_lambda_sweep\lq_0p4_ls_0p7_lb_0p6,C:\Users\YAN_SHU_YU\Desktop\Generative-CD\Q_GNCDM\results\weak_q_lambda_sweep\lq_0p4_ls_0p7_lb_0p6\seed_2026\noise_0.20\weak-q_lq_0p4_ls_0p7_lb_0p6\metrics.json
0.4,0.7,0.7,0.0,0.6358333333333334,0.683723703522505,0.47893348121605944,0.6533333333333333,0.6909821428571429,0.47772174183121807,0.7708333333333334,1.0,0.017857142857142856,0.03508771929824561,0.6861413043478262,0.22916666666666666,0.0,1.0,55,0,55,0.7149861879421003,0.5995813806851705,0.2059414361913999,0.026858773392935593,0.02032441645860672,0.7865667505697771,success,C:\Users\YAN_SHU_YU\Desktop\Generative-CD\Q_GNCDM\results\weak_q_lambda_sweep\lq_0p4_ls_0p7_lb_0p7,C:\Users\YAN_SHU_YU\Desktop\Generative-CD\Q_GNCDM\results\weak_q_lambda_sweep\lq_0p4_ls_0p7_lb_0p7\seed_2026\noise_0.20\weak-q_lq_0p4_ls_0p7_lb_0p7\metrics.json
0.4,0.7,0.8,0.0,0.645,0.682493662159758,0.47714481862915753,0.6616666666666666,0.6916852678571428,0.4723621520666991,0.7666666666666667,0.5,0.017857142857142856,0.034482758620689655,0.6445069875776397,0.23333333333333334,0.0,1.0,57,1,56,0.710677189357353,0.5967452602856087,0.21114551230813516,0.024136272795272595,0.015722927044738422,0.8095081213748816,success,C:\Users\YAN_SHU_YU\Desktop\Generative-CD\Q_GNCDM\results\weak_q_lambda_sweep\lq_0p4_ls_0p7_lb_0p8,C:\Users\YAN_SHU_YU\Desktop\Generative-CD\Q_GNCDM\results\weak_q_lambda_sweep\lq_0p4_ls_0p7_lb_0p8\seed_2026\noise_0.20\weak-q_lq_0p4_ls_0p7_lb_0p8\metrics.json
0.4,0.7,0.9,0.0,0.6391666666666667,0.6809314401352072,0.4765048548624548,0.6583333333333333,0.6925111607142858,0.4720838668256612,0.7666666666666667,0.5,0.017857142857142856,0.034482758620689655,0.6436335403726708,0.23333333333333334,0.0,1.0,57,1,56,0.7174561547510552,0.6044633442705328,0.2123121122519175,0.021397326056930153,0.014544263242207693,0.8296349960746188,success,C:\Users\YAN_SHU_YU\Desktop\Generative-CD\Q_GNCDM\results\weak_q_lambda_sweep\lq_0p4_ls_0p7_lb_0p9,C:\Users\YAN_SHU_YU\Desktop\Generative-CD\Q_GNCDM\results\weak_q_lambda_sweep\lq_0p4_ls_0p7_lb_0p9\seed_2026\noise_0.20\weak-q_lq_0p4_ls_0p7_lb_0p9\metrics.json
0.4,0.8,0.05,0.0,0.6433333333333333,0.689170632449742,0.47658531970564255,0.635,0.68453125,0.48470802640869926,0.7916666666666666,1.0,0.10714285714285714,0.1935483870967742,0.8691770186335404,0.20833333333333334,0.0,1.0,51,0,51,0.6563580207752459,0.5275006072990822,0.17959323051300916,0.06849431032032678,0.04449351312536182,0.46094198886192206,success,C:\Users\YAN_SHU_YU\Desktop\Generative-CD\Q_GNCDM\results\weak_q_lambda_sweep\lq_0p4_ls_0p8_lb_0p05,C:\Users\YAN_SHU_YU\Desktop\Generative-CD\Q_GNCDM\results\weak_q_lambda_sweep\lq_0p4_ls_0p8_lb_0p05\seed_2026\noise_0.20\weak-q_lq_0p4_ls_0p8_lb_0p05\metrics.json
0.4,0.8,0.1,0.0,0.6475,0.6875806128802704,0.4749953544330686,0.6416666666666667,0.6910825892857142,0.47459445649323256,0.7791666666666667,1.0,0.05357142857142857,0.1016949152542373,0.8678183229813665,0.22083333333333333,0.0,1.0,51,0,51,0.686100673494917,0.5569642335176468,0.17926156498265988,0.06608422529516798,0.04564440690658309,0.48229454999620264,success,C:\Users\YAN_SHU_YU\Desktop\Generative-CD\Q_GNCDM\results\weak_q_lambda_sweep\lq_0p4_ls_0p8_lb_0p1,C:\Users\YAN_SHU_YU\Desktop\Generative-CD\Q_GNCDM\results\weak_q_lambda_sweep\lq_0p4_ls_0p8_lb_0p1\seed_2026\noise_0.20\weak-q_lq_0p4_ls_0p8_lb_0p1\metrics.json
0.4,0.8,0.2,0.0,0.6466666666666666,0.6873971490837929,0.47599408563685053,0.64,0.6815290178571427,0.4856246602905751,0.7791666666666667,1.0,0.05357142857142857,0.1016949152542373,0.8351125776397516,0.22083333333333333,0.0,1.0,51,0,51,0.678188086459131,0.5500500585996744,0.18741391621755832,0.057141209867867554,0.0372974645120628,0.550744048573754,success,C:\Users\YAN_SHU_YU\Desktop\Generative-CD\Q_GNCDM\results\weak_q_lambda_sweep\lq_0p4_ls_0p8_lb_0p2,C:\Users\YAN_SHU_YU\Desktop\Generative-CD\Q_GNCDM\results\weak_q_lambda_sweep\lq_0p4_ls_0p8_lb_0p2\seed_2026\noise_0.20\weak-q_lq_0p4_ls_0p8_lb_0p2\metrics.json
0.4,0.8,0.3,0.0,0.6441666666666667,0.6859461172389255,0.47565222736258944,0.645,0.6869308035714285,0.4818255991658057,0.7791666666666667,1.0,0.05357142857142857,0.1016949152542373,0.8020186335403726,0.22083333333333333,0.0,1.0,54,0,54,0.7033353763999362,0.5794115644512754,0.19214165684851733,0.046281144192272965,0.033474114977500656,0.634004432143587,success,C:\Users\YAN_SHU_YU\Desktop\Generative-CD\Q_GNCDM\results\weak_q_lambda_sweep\lq_0p4_ls_0p8_lb_0p3,C:\Users\YAN_SHU_YU\Desktop\Generative-CD\Q_GNCDM\results\weak_q_lambda_sweep\lq_0p4_ls_0p8_lb_0p3\seed_2026\noise_0.20\weak-q_lq_0p4_ls_0p8_lb_0p3\metrics.json
0.4,0.8,0.4,0.0,0.6358333333333334,0.6853985056039851,0.48191282414949854,0.6416666666666667,0.6845535714285714,0.48306754502211713,0.7791666666666667,1.0,0.05357142857142857,0.1016949152542373,0.7585403726708074,0.22083333333333333,0.0,1.0,54,0,54,0.6935052374998728,0.5719401569980563,0.1985733951583053,0.03911236995323138,0.027114549933960945,0.6899160851131786,success,C:\Users\YAN_SHU_YU\Desktop\Generative-CD\Q_GNCDM\results\weak_q_lambda_sweep\lq_0p4_ls_0p8_lb_0p4,C:\Users\YAN_SHU_YU\Desktop\Generative-CD\Q_GNCDM\results\weak_q_lambda_sweep\lq_0p4_ls_0p8_lb_0p4\seed_2026\noise_0.20\weak-q_lq_0p4_ls_0p8_lb_0p4\metrics.json
0.4,0.8,0.5,0.0,0.63,0.6834526774595269,0.48059416179797554,0.6466666666666666,0.6875781249999999,0.4811434154430115,0.7791666666666667,1.0,0.05357142857142857,0.1016949152542373,0.7252523291925466,0.22083333333333333,0.0,1.0,54,0,54,0.70163023110592,0.5816254588690671,0.20262985247554202,0.03418814910180641,0.023204619714030712,0.7291448134364504,success,C:\Users\YAN_SHU_YU\Desktop\Generative-CD\Q_GNCDM\results\weak_q_lambda_sweep\lq_0p4_ls_0p8_lb_0p5,C:\Users\YAN_SHU_YU\Desktop\Generative-CD\Q_GNCDM\results\weak_q_lambda_sweep\lq_0p4_ls_0p8_lb_0p5\seed_2026\noise_0.20\weak-q_lq_0p4_ls_0p8_lb_0p5\metrics.json
0.4,0.8,0.6,0.0,0.6358333333333334,0.683727873154243,0.4794190139765754,0.6583333333333333,0.6921986607142857,0.4782703110172861,0.7708333333333334,1.0,0.017857142857142856,0.03508771929824561,0.6976902173913043,0.22916666666666666,0.0,1.0,54,0,54,0.70887045155872,0.5907845424883293,0.20544148055893002,0.029465705974761284,0.020561256756385166,0.7653761162902369,success,C:\Users\YAN_SHU_YU\Desktop\Generative-CD\Q_GNCDM\results\weak_q_lambda_sweep\lq_0p4_ls_0p8_lb_0p6,C:\Users\YAN_SHU_YU\Desktop\Generative-CD\Q_GNCDM\results\weak_q_lambda_sweep\lq_0p4_ls_0p8_lb_0p6\seed_2026\noise_0.20\weak-q_lq_0p4_ls_0p8_lb_0p6\metrics.json
0.4,0.8,0.7,0.0,0.645,0.6803727094822986,0.4781839632891039,0.6566666666666666,0.6918861607142857,0.47259165776798784,0.7666666666666667,0.5,0.017857142857142856,0.034482758620689655,0.6539208074534162,0.23333333333333334,0.0,1.0,57,1,56,0.710775970509558,0.5954184852766268,0.21053937912890405,0.024662956002761017,0.016301949367378697,0.8046419774041031,success,C:\Users\YAN_SHU_YU\Desktop\Generative-CD\Q_GNCDM\results\weak_q_lambda_sweep\lq_0p4_ls_0p8_lb_0p7,C:\Users\YAN_SHU_YU\Desktop\Generative-CD\Q_GNCDM\results\weak_q_lambda_sweep\lq_0p4_ls_0p8_lb_0p7\seed_2026\noise_0.20\weak-q_lq_0p4_ls_0p8_lb_0p7\metrics.json
0.4,0.8,0.8,0.0,0.645,0.679018969044654,0.47745709791109353,0.655,0.6935267857142856,0.47198682710080964,0.7666666666666667,0.5,0.017857142857142856,0.034482758620689655,0.64159549689441,0.23333333333333334,0.0,1.0,57,1,56,0.7131258086724714,0.5985927798531272,0.2123997394334186,0.022584192595924393,0.014382221355018291,0.8207820653915405,success,C:\Users\YAN_SHU_YU\Desktop\Generative-CD\Q_GNCDM\results\weak_q_lambda_sweep\lq_0p4_ls_0p8_lb_0p8,C:\Users\YAN_SHU_YU\Desktop\Generative-CD\Q_GNCDM\results\weak_q_lambda_sweep\lq_0p4_ls_0p8_lb_0p8\seed_2026\noise_0.20\weak-q_lq_0p4_ls_0p8_lb_0p8\metrics.json
0.4,0.8,0.9,0.0,0.635,0.6802003647037893,0.4768951437767304,0.6516666666666666,0.693125,0.47180997223411975,0.7666666666666667,0.5,0.017857142857142856,0.034482758620689655,0.6474184782608696,0.23333333333333334,0.0,1.0,57,1,56,0.7182008199619524,0.6045606777523503,0.21347213762276102,0.020414910222770588,0.013243732296607712,0.8366807003815969,success,C:\Users\YAN_SHU_YU\Desktop\Generative-CD\Q_GNCDM\results\weak_q_lambda_sweep\lq_0p4_ls_0p8_lb_0p9,C:\Users\YAN_SHU_YU\Desktop\Generative-CD\Q_GNCDM\results\weak_q_lambda_sweep\lq_0p4_ls_0p8_lb_0p9\seed_2026\noise_0.20\weak-q_lq_0p4_ls_0p8_lb_0p9\metrics.json
0.4,0.9,0.05,0.0,0.6483333333333333,0.6878585883294788,0.4760676116328275,0.6416666666666667,0.6842187499999999,0.48446414434623214,0.7791666666666667,1.0,0.05357142857142857,0.1016949152542373,0.8486995341614907,0.22083333333333333,0.0,1.0,52,0,52,0.6727773077560194,0.5431498514883446,0.1856084249236367,0.05937137793410908,0.038996966894377365,0.532796090299433,success,C:\Users\YAN_SHU_YU\Desktop\Generative-CD\Q_GNCDM\results\weak_q_lambda_sweep\lq_0p4_ls_0p9_lb_0p05,C:\Users\YAN_SHU_YU\Desktop\Generative-CD\Q_GNCDM\results\weak_q_lambda_sweep\lq_0p4_ls_0p9_lb_0p05\seed_2026\noise_0.20\weak-q_lq_0p4_ls_0p9_lb_0p05\metrics.json
0.4,0.9,0.1,0.0,0.6466666666666666,0.6871719889699341,0.47595937381373027,0.6333333333333333,0.6825892857142857,0.48517477503361905,0.7791666666666667,1.0,0.05357142857142857,0.1016949152542373,0.8366653726708073,0.22083333333333333,0.0,1.0,51,0,51,0.6803716890739672,0.5511236416571068,0.18778276353171378,0.05603737107506304,0.037013058296658775,0.5579041621901772,success,C:\Users\YAN_SHU_YU\Desktop\Generative-CD\Q_GNCDM\results\weak_q_lambda_sweep\lq_0p4_ls_0p9_lb_0p1,C:\Users\YAN_SHU_YU\Desktop\Generative-CD\Q_GNCDM\results\weak_q_lambda_sweep\lq_0p4_ls_0p9_lb_0p1\seed_2026\noise_0.20\weak-q_lq_0p4_ls_0p9_lb_0p1\metrics.json
0.4,0.9,0.2,0.0,0.6458333333333334,0.6858432663227183,0.475751060226464,0.6433333333333333,0.6865178571428572,0.4822251532525559,0.7791666666666667,1.0,0.05357142857142857,0.1016949152542373,0.8059976708074534,0.22083333333333333,0.0,1.0,54,0,54,0.7035290815613486,0.578268317562161,0.19177058971289432,0.046433158218860626,0.03381345121923721,0.6320792111483488,success,C:\Users\YAN_SHU_YU\Desktop\Generative-CD\Q_GNCDM\results\weak_q_lambda_sweep\lq_0p4_ls_0p9_lb_0p2,C:\Users\YAN_SHU_YU\Desktop\Generative-CD\Q_GNCDM\results\weak_q_lambda_sweep\lq_0p4_ls_0p9_lb_0p2\seed_2026\noise_0.20\weak-q_lq_0p4_ls_0p9_lb_0p2\metrics.json
0.4,0.9,0.3,0.0,0.6358333333333334,0.68543186265789,0.4819619051239981,0.6383333333333333,0.6848883928571428,0.482941059010892,0.7791666666666667,1.0,0.05357142857142857,0.1016949152542373,0.7681482919254659,0.22083333333333333,0.0,1.0,54,0,54,0.693301594618595,0.5703857757828452,0.19792543125875067,0.03936170690664739,0.027733702156128304,0.6872489967129447,success,C:\Users\YAN_SHU_YU\Desktop\Generative-CD\Q_GNCDM\results\weak_q_lambda_sweep\lq_0p4_ls_0p9_lb_0p3,C:\Users\YAN_SHU_YU\Desktop\Generative-CD\Q_GNCDM\results\weak_q_lambda_sweep\lq_0p4_ls_0p9_lb_0p3\seed_2026\noise_0.20\weak-q_lq_0p4_ls_0p9_lb_0p3\metrics.json
0.4,0.9,0.4,0.0,0.6283333333333333,0.6834832547589397,0.4814188368808547,0.6466666666666666,0.6876897321428571,0.4812422251697421,0.7791666666666667,1.0,0.05357142857142857,0.1016949152542373,0.735927795031056,0.22083333333333333,0.0,1.0,54,0,54,0.7012627242189465,0.5798672821485635,0.2021423691149914,0.03451794662484617,0.02368084564240593,0.7259842509573157,success,C:\Users\YAN_SHU_YU\Desktop\Generative-CD\Q_GNCDM\results\weak_q_lambda_sweep\lq_0p4_ls_0p9_lb_0p4,C:\Users\YAN_SHU_YU\Desktop\Generative-CD\Q_GNCDM\results\weak_q_lambda_sweep\lq_0p4_ls_0p9_lb_0p4\seed_2026\noise_0.20\weak-q_lq_0p4_ls_0p9_lb_0p4\metrics.json
0.4,0.9,0.5,0.0,0.6366666666666667,0.6837667897171322,0.47980896387353134,0.6533333333333333,0.6923995535714287,0.4790786625765767,0.7708333333333334,1.0,0.017857142857142856,0.03508771929824561,0.7078804347826086,0.22916666666666666,0.0,1.0,54,0,54,0.7072700207883661,0.5875007225708528,0.20492840445402896,0.030314486248023582,0.02102980457923629,0.7583053319743185,success,C:\Users\YAN_SHU_YU\Desktop\Generative-CD\Q_GNCDM\results\weak_q_lambda_sweep\lq_0p4_ls_0p9_lb_0p5,C:\Users\YAN_SHU_YU\Desktop\Generative-CD\Q_GNCDM\results\weak_q_lambda_sweep\lq_0p4_ls_0p9_lb_0p5\seed_2026\noise_0.20\weak-q_lq_0p4_ls_0p9_lb_0p5\metrics.json
0.4,0.9,0.6,0.0,0.6316666666666667,0.6833776240882405,0.47910987723984316,0.6533333333333333,0.6932700892857142,0.4774443202929586,0.7708333333333334,1.0,0.017857142857142856,0.03508771929824561,0.687888198757764,0.22916666666666666,0.0,1.0,54,0,54,0.7135243018468221,0.5956292829730294,0.2072267092087052,0.026337338893702537,0.01883455470317241,0.7893012870441783,success,C:\Users\YAN_SHU_YU\Desktop\Generative-CD\Q_GNCDM\results\weak_q_lambda_sweep\lq_0p4_ls_0p9_lb_0p6,C:\Users\YAN_SHU_YU\Desktop\Generative-CD\Q_GNCDM\results\weak_q_lambda_sweep\lq_0p4_ls_0p9_lb_0p6\seed_2026\noise_0.20\weak-q_lq_0p4_ls_0p9_lb_0p6\metrics.json
0.4,0.9,0.7,0.0,0.6425,0.6808258094645081,0.47822255389908164,0.6566666666666666,0.6926395089285714,0.4722364569850308,0.7666666666666667,0.5,0.017857142857142856,0.034482758620689655,0.6508152173913043,0.23333333333333334,0.0,1.0,57,1,56,0.7129912701520053,0.5970988300713626,0.21192792893359155,0.02301218800924041,0.014871857961583319,0.8169190197279959,success,C:\Users\YAN_SHU_YU\Desktop\Generative-CD\Q_GNCDM\results\weak_q_lambda_sweep\lq_0p4_ls_0p9_lb_0p7,C:\Users\YAN_SHU_YU\Desktop\Generative-CD\Q_GNCDM\results\weak_q_lambda_sweep\lq_0p4_ls_0p9_lb_0p7\seed_2026\noise_0.20\weak-q_lq_0p4_ls_0p9_lb_0p7\metrics.json
0.4,0.9,0.8,0.0,0.6391666666666667,0.6789439156733676,0.47753298507112796,0.6566666666666666,0.6963616071428571,0.4710511071643698,0.7666666666666667,0.5,0.017857142857142856,0.034482758620689655,0.6453804347826086,0.23333333333333334,0.0,1.0,57,1,56,0.7165595907153506,0.6014554518641848,0.21330429297505002,0.021166437700616592,0.01341577907177535,0.8306684963630907,success,C:\Users\YAN_SHU_YU\Desktop\Generative-CD\Q_GNCDM\results\weak_q_lambda_sweep\lq_0p4_ls_0p9_lb_0p8,C:\Users\YAN_SHU_YU\Desktop\Generative-CD\Q_GNCDM\results\weak_q_lambda_sweep\lq_0p4_ls_0p9_lb_0p8\seed_2026\noise_0.20\weak-q_lq_0p4_ls_0p9_lb_0p8\metrics.json
0.4,0.9,0.9,0.0,0.64,0.6800919542785981,0.4769813839891842,0.65,0.693002232142857,0.4716650364179304,0.7666666666666667,0.5,0.017857142857142856,0.034482758620689655,0.6568322981366459,0.23333333333333334,0.0,1.0,57,1,56,0.7201470073425409,0.6058404608206316,0.2138071685577884,0.019230473250376457,0.012751387813213196,0.8461562196413676,success,C:\Users\YAN_SHU_YU\Desktop\Generative-CD\Q_GNCDM\results\weak_q_lambda_sweep\lq_0p4_ls_0p9_lb_0p9,C:\Users\YAN_SHU_YU\Desktop\Generative-CD\Q_GNCDM\results\weak_q_lambda_sweep\lq_0p4_ls_0p9_lb_0p9\seed_2026\noise_0.20\weak-q_lq_0p4_ls_0p9_lb_0p9\metrics.json
0.5,0.05,0.05,0.0,0.6375,0.6851789049991104,0.4760872136492354,0.63,0.6766964285714285,0.4790164054588738,0.925,0.8653846153846154,0.8035714285714286,0.8333333333333334,0.9520574534161491,0.075,0.0,0.6666666666666666,15,4,11,0.6309215999913939,0.5856970896323522,0.03273979591375047,0.37610797584056854,0.20098429082921057,0.0,success,C:\Users\YAN_SHU_YU\Desktop\Generative-CD\Q_GNCDM\results\weak_q_lambda_sweep\lq_0p5_ls_0p05_lb_0p05,C:\Users\YAN_SHU_YU\Desktop\Generative-CD\Q_GNCDM\results\weak_q_lambda_sweep\lq_0p5_ls_0p05_lb_0p05\seed_2026\noise_0.20\weak-q_lq_0p5_ls_0p05_lb_0p05\metrics.json
0.5,0.05,0.1,0.0,0.6275,0.6748632360789895,0.48860237044855925,0.6433333333333333,0.6899441964285714,0.4820394995206461,0.9125,0.8571428571428571,0.75,0.8,0.95215450310559,0.0875,0.0,0.5,16,3,13,0.5816477049480785,0.5049499124288559,0.1026450882129597,0.27087650831901666,0.11831425130367279,0.0,success,C:\Users\YAN_SHU_YU\Desktop\Generative-CD\Q_GNCDM\results\weak_q_lambda_sweep\lq_0p5_ls_0p05_lb_0p1,C:\Users\YAN_SHU_YU\Desktop\Generative-CD\Q_GNCDM\results\weak_q_lambda_sweep\lq_0p5_ls_0p05_lb_0p1\seed_2026\noise_0.20\weak-q_lq_0p5_ls_0p05_lb_0p1\metrics.json
0.5,0.05,0.2,0.0,0.6333333333333333,0.6821378535847713,0.48932739263637676,0.6333333333333333,0.6956808035714286,0.48720344235087076,0.9208333333333333,0.9111111111111111,0.7321428571428571,0.8118811881188119,0.9535131987577639,0.07916666666666666,0.0,0.6666666666666666,18,3,15,0.5487651427586874,0.452934205532074,0.13725912367755716,0.2249621832461068,0.07976633592536955,0.0,success,C:\Users\YAN_SHU_YU\Desktop\Generative-CD\Q_GNCDM\results\weak_q_lambda_sweep\lq_0p5_ls_0p05_lb_0p2,C:\Users\YAN_SHU_YU\Desktop\Generative-CD\Q_GNCDM\results\weak_q_lambda_sweep\lq_0p5_ls_0p05_lb_0p2\seed_2026\noise_0.20\weak-q_lq_0p5_ls_0p05_lb_0p2\metrics.json
0.5,0.05,0.3,0.0,0.6383333333333333,0.6830440535491905,0.4897143017671422,0.6283333333333333,0.6970982142857144,0.4863809909951772,0.925,0.9318181818181818,0.7321428571428571,0.82,0.9629270186335404,0.075,0.0,0.6666666666666666,17,1,16,0.5461712303486738,0.44106924669309094,0.15070411517764581,0.2098881516492728,0.06418504791729378,0.0,success,C:\Users\YAN_SHU_YU\Desktop\Generative-CD\Q_GNCDM\results\weak_q_lambda_sweep\lq_0p5_ls_0p05_lb_0p3,C:\Users\YAN_SHU_YU\Desktop\Generative-CD\Q_GNCDM\results\weak_q_lambda_sweep\lq_0p5_ls_0p05_lb_0p3\seed_2026\noise_0.20\weak-q_lq_0p5_ls_0p05_lb_0p3\metrics.json
0.5,0.05,0.4,0.0,0.6358333333333334,0.6844478295676926,0.49361013515421065,0.635,0.6955691964285714,0.4895511792414682,0.925,0.9523809523809523,0.7142857142857143,0.8163265306122449,0.9671972049689441,0.075,0.0,0.6666666666666666,16,0,16,0.535984689539129,0.4245635785839774,0.1651888539393743,0.19185980838356595,0.048084224658933555,0.0,success,C:\Users\YAN_SHU_YU\Desktop\Generative-CD\Q_GNCDM\results\weak_q_lambda_sweep\lq_0p5_ls_0p05_lb_0p4,C:\Users\YAN_SHU_YU\Desktop\Generative-CD\Q_GNCDM\results\weak_q_lambda_sweep\lq_0p5_ls_0p05_lb_0p4\seed_2026\noise_0.20\weak-q_lq_0p5_ls_0p05_lb_0p4\metrics.json
0.5,0.05,0.5,0.0,0.6375,0.6851094111368083,0.4943862005531385,0.635,0.6956473214285714,0.49081748416208865,0.925,0.9523809523809523,0.7142857142857143,0.8163265306122449,0.9707880434782609,0.075,0.0,0.6666666666666666,16,0,16,0.5321450423110615,0.4165840952685385,0.17093054882504724,0.18673133037307046,0.04151820380127791,0.0,success,C:\Users\YAN_SHU_YU\Desktop\Generative-CD\Q_GNCDM\results\weak_q_lambda_sweep\lq_0p5_ls_0p05_lb_0p5,C:\Users\YAN_SHU_YU\Desktop\Generative-CD\Q_GNCDM\results\weak_q_lambda_sweep\lq_0p5_ls_0p05_lb_0p5\seed_2026\noise_0.20\weak-q_lq_0p5_ls_0p05_lb_0p5\metrics.json
0.5,0.05,0.6,0.0,0.6391666666666667,0.6859461172389254,0.49480869029491015,0.6366666666666667,0.6962053571428571,0.4922506157619477,0.9375,0.9555555555555556,0.7678571428571429,0.8514851485148515,0.9738936335403727,0.0625,0.0,0.6666666666666666,16,0,16,0.529687485460079,0.4109978143012885,0.17561122865387888,0.1860490825140115,0.03596933214276126,0.0,success,C:\Users\YAN_SHU_YU\Desktop\Generative-CD\Q_GNCDM\results\weak_q_lambda_sweep\lq_0p5_ls_0p05_lb_0p6,C:\Users\YAN_SHU_YU\Desktop\Generative-CD\Q_GNCDM\results\weak_q_lambda_sweep\lq_0p5_ls_0p05_lb_0p6\seed_2026\noise_0.20\weak-q_lq_0p5_ls_0p05_lb_0p6\metrics.json
0.5,0.05,0.7,0.0,0.6266666666666667,0.6828494707347446,0.49612129563640117,0.6483333333333333,0.6963058035714285,0.4924192035196633,0.9375,0.9555555555555556,0.7678571428571429,0.8514851485148515,0.9749611801242236,0.0625,0.0,0.6666666666666666,15,0,15,0.5314648119789182,0.410624645876162,0.18015178044637045,0.19053901032064902,0.030339046099194973,0.0,success,C:\Users\YAN_SHU_YU\Desktop\Generative-CD\Q_GNCDM\results\weak_q_lambda_sweep\lq_0p5_ls_0p05_lb_0p7,C:\Users\YAN_SHU_YU\Desktop\Generative-CD\Q_GNCDM\results\weak_q_lambda_sweep\lq_0p5_ls_0p05_lb_0p7\seed_2026\noise_0.20\weak-q_lq_0p5_ls_0p05_lb_0p7\metrics.json
0.5,0.05,0.8,0.0,0.6225,0.6841114792741505,0.496591600509661,0.6566666666666666,0.6969866071428571,0.48988436074652847,0.9458333333333333,0.9387755102040817,0.8214285714285714,0.8761904761904762,0.9736024844720497,0.05416666666666667,0.2,0.5,12,1,11,0.5377245766646934,0.41608442546743335,0.1850316377751755,0.20212111057657184,0.023772848290250156,0.0,success,C:\Users\YAN_SHU_YU\Desktop\Generative-CD\Q_GNCDM\results\weak_q_lambda_sweep\lq_0p5_ls_0p05_lb_0p8,C:\Users\YAN_SHU_YU\Desktop\Generative-CD\Q_GNCDM\results\weak_q_lambda_sweep\lq_0p5_ls_0p05_lb_0p8\seed_2026\noise_0.20\weak-q_lq_0p5_ls_0p05_lb_0p8\metrics.json
0.5,0.05,0.9,0.0,0.6241666666666666,0.6842143301903577,0.49554157366952495,0.6683333333333333,0.6953125,0.48927307478990073,0.95,0.94,0.8392857142857143,0.8867924528301887,0.9714673913043478,0.05,0.2,0.5,9,1,8,0.5403276162617134,0.41994669897989795,0.19176579176476508,0.20928789494615613,0.015592919902480913,0.0,success,C:\Users\YAN_SHU_YU\Desktop\Generative-CD\Q_GNCDM\results\weak_q_lambda_sweep\lq_0p5_ls_0p05_lb_0p9,C:\Users\YAN_SHU_YU\Desktop\Generative-CD\Q_GNCDM\results\weak_q_lambda_sweep\lq_0p5_ls_0p05_lb_0p9\seed_2026\noise_0.20\weak-q_lq_0p5_ls_0p05_lb_0p9\metrics.json
0.5,0.1,0.05,0.0,0.6308333333333334,0.679722246931151,0.4892933664946646,0.6416666666666667,0.69390625,0.4835242144935611,0.9,0.9,0.6428571428571429,0.75,0.9438082298136645,0.1,0.0,0.6666666666666666,21,2,19,0.572057277415738,0.4858077376177817,0.11485046012835069,0.23562133312225342,0.10524350122520418,0.0,success,C:\Users\YAN_SHU_YU\Desktop\Generative-CD\Q_GNCDM\results\weak_q_lambda_sweep\lq_0p5_ls_0p1_lb_0p05,C:\Users\YAN_SHU_YU\Desktop\Generative-CD\Q_GNCDM\results\weak_q_lambda_sweep\lq_0p5_ls_0p1_lb_0p05\seed_2026\noise_0.20\weak-q_lq_0p5_ls_0p1_lb_0p05\metrics.json
0.5,0.1,0.1,0.0,0.6316666666666667,0.6830384940402064,0.49052413355193875,0.635,0.6951004464285715,0.48639871131033974,0.9125,0.926829268292683,0.6785714285714286,0.7835051546391752,0.9451669254658386,0.0875,0.0,0.6666666666666666,18,1,17,0.5580931468443437,0.4628253001155275,0.1294328405550032,0.21641492933937997,0.08909933506087823,0.0,success,C:\Users\YAN_SHU_YU\Desktop\Generative-CD\Q_GNCDM\results\weak_q_lambda_sweep\lq_0p5_ls_0p1_lb_0p1,C:\Users\YAN_SHU_YU\Desktop\Generative-CD\Q_GNCDM\results\weak_q_lambda_sweep\lq_0p5_ls_0p1_lb_0p1\seed_2026\noise_0.20\weak-q_lq_0p5_ls_0p1_lb_0p1\metrics.json
0.5,0.1,0.2,0.0,0.6366666666666667,0.6833025707169543,0.4886762707185551,0.63,0.6959598214285714,0.48720290762408913,0.9041666666666667,0.9024390243902439,0.6607142857142857,0.7628865979381443,0.9546777950310559,0.09583333333333334,0.0,0.6666666666666666,20,2,18,0.5521108241695346,0.4458667518514575,0.14311296267039847,0.1997676087599812,0.07355416125871918,0.0,success,C:\Users\YAN_SHU_YU\Desktop\Generative-CD\Q_GNCDM\results\weak_q_lambda_sweep\lq_0p5_ls_0p1_lb_0p2,C:\Users\YAN_SHU_YU\Desktop\Generative-CD\Q_GNCDM\results\weak_q_lambda_sweep\lq_0p5_ls_0p1_lb_0p2\seed_2026\noise_0.20\weak-q_lq_0p5_ls_0p1_lb_0p2\metrics.json
0.5,0.1,0.3,0.0,0.6366666666666667,0.6835749866571784,0.49044035046110157,0.6316666666666667,0.6951339285714285,0.4880854660731108,0.9041666666666667,0.9230769230769231,0.6428571428571429,0.7578947368421053,0.9617624223602484,0.09583333333333334,0.0,0.6666666666666666,22,1,21,0.5454298474571921,0.43129129707813263,0.1560651815750382,0.18393761303388712,0.05904066212701075,0.0,success,C:\Users\YAN_SHU_YU\Desktop\Generative-CD\Q_GNCDM\results\weak_q_lambda_sweep\lq_0p5_ls_0p1_lb_0p3,C:\Users\YAN_SHU_YU\Desktop\Generative-CD\Q_GNCDM\results\weak_q_lambda_sweep\lq_0p5_ls_0p1_lb_0p3\seed_2026\noise_0.20\weak-q_lq_0p5_ls_0p1_lb_0p3\metrics.json
0.5,0.1,0.4,0.0,0.6433333333333333,0.6843866749688667,0.48893132699635766,0.6383333333333333,0.6944084821428572,0.4909659610749763,0.9083333333333333,0.9473684210526315,0.6428571428571429,0.7659574468085106,0.9703027950310559,0.09166666666666666,0.0,0.6666666666666666,20,0,20,0.5578350018371235,0.4377522202152194,0.1588972398277485,0.18473956169504108,0.05540050255755583,0.0,success,C:\Users\YAN_SHU_YU\Desktop\Generative-CD\Q_GNCDM\results\weak_q_lambda_sweep\lq_0p5_ls_0p1_lb_0p4,C:\Users\YAN_SHU_YU\Desktop\Generative-CD\Q_GNCDM\results\weak_q_lambda_sweep\lq_0p5_ls_0p1_lb_0p4\seed_2026\noise_0.20\weak-q_lq_0p5_ls_0p1_lb_0p4\metrics.json
0.5,0.1,0.5,0.0,0.64,0.6829606609144281,0.4903624864432682,0.64,0.6943526785714286,0.49143947397217863,0.9041666666666667,0.9459459459459459,0.625,0.7526881720430108,0.9726319875776397,0.09583333333333334,0.0,0.6666666666666666,20,0,20,0.5543256171725013,0.42980469085953454,0.16545094707698532,0.17742097197156964,0.04810671468801571,0.0,success,C:\Users\YAN_SHU_YU\Desktop\Generative-CD\Q_GNCDM\results\weak_q_lambda_sweep\lq_0p5_ls_0p1_lb_0p5,C:\Users\YAN_SHU_YU\Desktop\Generative-CD\Q_GNCDM\results\weak_q_lambda_sweep\lq_0p5_ls_0p1_lb_0p5\seed_2026\noise_0.20\weak-q_lq_0p5_ls_0p1_lb_0p5\metrics.json
0.5,0.1,0.6,0.0,0.6416666666666667,0.6848647927415051,0.4915114736728656,0.6283333333333333,0.6964285714285715,0.48637970452574986,0.9083333333333333,0.9473684210526315,0.6428571428571429,0.7659574468085106,0.9735054347826088,0.09166666666666666,0.0,0.6666666666666666,20,0,20,0.5607446775291905,0.4319035347663995,0.16718185557560486,0.17724165320396423,0.04587674756167513,0.0,success,C:\Users\YAN_SHU_YU\Desktop\Generative-CD\Q_GNCDM\results\weak_q_lambda_sweep\lq_0p5_ls_0p1_lb_0p6,C:\Users\YAN_SHU_YU\Desktop\Generative-CD\Q_GNCDM\results\weak_q_lambda_sweep\lq_0p5_ls_0p1_lb_0p6\seed_2026\noise_0.20\weak-q_lq_0p5_ls_0p1_lb_0p6\metrics.json
0.5,0.1,0.7,0.0,0.6441666666666667,0.6888954367550257,0.4870126822639446,0.6433333333333333,0.7064062499999999,0.48079692149083686,0.9166666666666666,0.9285714285714286,0.6964285714285714,0.7959183673469388,0.9680706521739131,0.08333333333333333,0.0,0.5,18,0,18,0.5710641050880606,0.43766492063348944,0.167407301113461,0.1808454215978131,0.04515855680360938,0.0,success,C:\Users\YAN_SHU_YU\Desktop\Generative-CD\Q_GNCDM\results\weak_q_lambda_sweep\lq_0p5_ls_0p1_lb_0p7,C:\Users\YAN_SHU_YU\Desktop\Generative-CD\Q_GNCDM\results\weak_q_lambda_sweep\lq_0p5_ls_0p1_lb_0p7\seed_2026\noise_0.20\weak-q_lq_0p5_ls_0p1_lb_0p7\metrics.json
0.5,0.1,0.8,0.0,0.6333333333333333,0.6867717043230742,0.4903090345472307,0.6533333333333333,0.7051562499999999,0.48276319575734306,0.9125,0.926829268292683,0.6785714285714286,0.7835051546391752,0.9659355590062111,0.0875,0.0,0.5,18,0,18,0.5764424787326292,0.43986726981220825,0.17076156107765256,0.18267346218679892,0.041158851461880135,0.0,success,C:\Users\YAN_SHU_YU\Desktop\Generative-CD\Q_GNCDM\results\weak_q_lambda_sweep\lq_0p5_ls_0p1_lb_0p8,C:\Users\YAN_SHU_YU\Desktop\Generative-CD\Q_GNCDM\results\weak_q_lambda_sweep\lq_0p5_ls_0p1_lb_0p8\seed_2026\noise_0.20\weak-q_lq_0p5_ls_0p1_lb_0p8\metrics.json
0.5,0.1,0.9,0.0,0.615,0.6759723581213307,0.4972510834916371,0.6583333333333333,0.7028459821428571,0.4842016442113641,0.9041666666666667,0.9230769230769231,0.6428571428571429,0.7578947368421053,0.968264751552795,0.09583333333333334,0.0,0.5,19,0,19,0.5665666749983123,0.43055135237448144,0.180014942631577,0.18029512690775323,0.031087045952903503,0.0,success,C:\Users\YAN_SHU_YU\Desktop\Generative-CD\Q_GNCDM\results\weak_q_lambda_sweep\lq_0p5_ls_0p1_lb_0p9,C:\Users\YAN_SHU_YU\Desktop\Generative-CD\Q_GNCDM\results\weak_q_lambda_sweep\lq_0p5_ls_0p1_lb_0p9\seed_2026\noise_0.20\weak-q_lq_0p5_ls_0p1_lb_0p9\metrics.json
0.5,0.2,0.05,0.0,0.6308333333333334,0.6849342866038072,0.4908652688146558,0.6366666666666667,0.6929687499999999,0.48982401683416177,0.8916666666666667,0.9166666666666666,0.5892857142857143,0.717391304347826,0.9423524844720497,0.10833333333333334,0.0,0.6666666666666666,26,1,25,0.5570951483466409,0.4476549842140891,0.14072076840834183,0.17597556475437048,0.07769346383936478,0.0,success,C:\Users\YAN_SHU_YU\Desktop\Generative-CD\Q_GNCDM\results\weak_q_lambda_sweep\lq_0p5_ls_0p2_lb_0p05,C:\Users\YAN_SHU_YU\Desktop\Generative-CD\Q_GNCDM\results\weak_q_lambda_sweep\lq_0p5_ls_0p2_lb_0p05\seed_2026\noise_0.20\weak-q_lq_0p5_ls_0p2_lb_0p05\metrics.json
0.5,0.2,0.1,0.0,0.6358333333333334,0.6842893835616439,0.4875928326565263,0.6216666666666667,0.6939620535714286,0.4877888010563422,0.8875,0.9142857142857143,0.5714285714285714,0.7032967032967034,0.9455551242236024,0.1125,0.0,0.6666666666666666,28,2,26,0.5605376141540932,0.4466726251623847,0.1429034611492446,0.17454240222771963,0.07504778615001476,0.0,success,C:\Users\YAN_SHU_YU\Desktop\Generative-CD\Q_GNCDM\results\weak_q_lambda_sweep\lq_0p5_ls_0p2_lb_0p1,C:\Users\YAN_SHU_YU\Desktop\Generative-CD\Q_GNCDM\results\weak_q_lambda_sweep\lq_0p5_ls_0p2_lb_0p1\seed_2026\noise_0.20\weak-q_lq_0p5_ls_0p2_lb_0p1\metrics.json
0.5,0.2,0.2,0.0,0.6358333333333334,0.6846118350827254,0.4892649886601828,0.6216666666666667,0.6913839285714285,0.48955065032796274,0.9,0.9210526315789473,0.625,0.7446808510638298,0.9510869565217391,0.1,0.0,0.6666666666666666,28,1,27,0.5547400451067722,0.4330188243678122,0.1530990991176981,0.16201441554409085,0.06384394983902122,0.0,success,C:\Users\YAN_SHU_YU\Desktop\Generative-CD\Q_GNCDM\results\weak_q_lambda_sweep\lq_0p5_ls_0p2_lb_0p2,C:\Users\YAN_SHU_YU\Desktop\Generative-CD\Q_GNCDM\results\weak_q_lambda_sweep\lq_0p5_ls_0p2_lb_0p2\seed_2026\noise_0.20\weak-q_lq_0p5_ls_0p2_lb_0p2\metrics.json
0.5,0.2,0.3,0.0,0.64,0.6908190268635473,0.4800793817096504,0.6216666666666667,0.6925558035714285,0.4850669583743531,0.8875,0.9393939393939394,0.5535714285714286,0.6966292134831461,0.952930900621118,0.1125,0.0,0.6666666666666666,21,0,21,0.6072568613471407,0.478228462916432,0.13779612337097977,0.18102661023537317,0.07975003992517789,0.0,success,C:\Users\YAN_SHU_YU\Desktop\Generative-CD\Q_GNCDM\results\weak_q_lambda_sweep\lq_0p5_ls_0p2_lb_0p3,C:\Users\YAN_SHU_YU\Desktop\Generative-CD\Q_GNCDM\results\weak_q_lambda_sweep\lq_0p5_ls_0p2_lb_0p3\seed_2026\noise_0.20\weak-q_lq_0p5_ls_0p2_lb_0p3\metrics.json
0.5,0.2,0.4,0.0,0.64,0.6905855274862125,0.48158585315741614,0.6266666666666667,0.6938616071428572,0.48600473628276497,0.8833333333333333,0.9375,0.5357142857142857,0.6818181818181818,0.9610830745341614,0.11666666666666667,0.0,0.6666666666666666,23,0,23,0.601904649626125,0.46690307422117755,0.14593565689794946,0.16845141102870306,0.07085864189447778,0.0,success,C:\Users\YAN_SHU_YU\Desktop\Generative-CD\Q_GNCDM\results\weak_q_lambda_sweep\lq_0p5_ls_0p2_lb_0p4,C:\Users\YAN_SHU_YU\Desktop\Generative-CD\Q_GNCDM\results\weak_q_lambda_sweep\lq_0p5_ls_0p2_lb_0p4\seed_2026\noise_0.20\weak-q_lq_0p5_ls_0p2_lb_0p4\metrics.json
0.5,0.2,0.5,0.0,0.6383333333333333,0.6906994974203878,0.4820563184581229,0.63,0.6918080357142856,0.4879082483250047,0.875,0.9642857142857143,0.48214285714285715,0.6428571428571429,0.9621506211180124,0.125,0.0,0.8333333333333334,26,0,26,0.5994785464171207,0.4599241962035497,0.15145777211044775,0.15576444205009576,0.06534514102068814,0.001154311979365902,success,C:\Users\YAN_SHU_YU\Desktop\Generative-CD\Q_GNCDM\results\weak_q_lambda_sweep\lq_0p5_ls_0p2_lb_0p5,C:\Users\YAN_SHU_YU\Desktop\Generative-CD\Q_GNCDM\results\weak_q_lambda_sweep\lq_0p5_ls_0p2_lb_0p5\seed_2026\noise_0.20\weak-q_lq_0p5_ls_0p2_lb_0p5\metrics.json
0.5,0.2,0.6,0.0,0.6366666666666667,0.6912637875822809,0.48116470389593874,0.6416666666666667,0.682109375,0.4928031251932593,0.8666666666666667,1.0,0.42857142857142855,0.6,0.9564246894409938,0.13333333333333333,0.0,1.0,33,0,33,0.6008656566793268,0.45774339545856824,0.15546212525981845,0.14016695885044156,0.06226300307069764,0.019747528953082634,success,C:\Users\YAN_SHU_YU\Desktop\Generative-CD\Q_GNCDM\results\weak_q_lambda_sweep\lq_0p5_ls_0p2_lb_0p6,C:\Users\YAN_SHU_YU\Desktop\Generative-CD\Q_GNCDM\results\weak_q_lambda_sweep\lq_0p5_ls_0p2_lb_0p6\seed_2026\noise_0.20\weak-q_lq_0p5_ls_0p2_lb_0p6\metrics.json
0.5,0.2,0.7,0.0,0.6366666666666667,0.6875750533712861,0.4815060745475716,0.6433333333333333,0.6923549107142857,0.48888893025026803,0.8416666666666667,1.0,0.32142857142857145,0.4864864864864865,0.9313858695652175,0.15833333333333333,0.0,1.0,35,0,35,0.6071870692751624,0.4631287586508375,0.16473513909361578,0.11853899603540247,0.054261348182053276,0.08966409189231468,success,C:\Users\YAN_SHU_YU\Desktop\Generative-CD\Q_GNCDM\results\weak_q_lambda_sweep\lq_0p5_ls_0p2_lb_0p7,C:\Users\YAN_SHU_YU\Desktop\Generative-CD\Q_GNCDM\results\weak_q_lambda_sweep\lq_0p5_ls_0p2_lb_0p7\seed_2026\noise_0.20\weak-q_lq_0p5_ls_0p2_lb_0p7\metrics.json
0.5,0.2,0.8,0.0,0.6441666666666667,0.6936488169364882,0.4740453635226561,0.64,0.6885267857142856,0.4830297278943122,0.8,1.0,0.14285714285714285,0.25,0.8623835403726707,0.2,0.0,1.0,45,0,45,0.6651449040933088,0.5186449460911028,0.16703533155448508,0.09533466613202383,0.05489420665032936,0.24973050956473206,success,C:\Users\YAN_SHU_YU\Desktop\Generative-CD\Q_GNCDM\results\weak_q_lambda_sweep\lq_0p5_ls_0p2_lb_0p8,C:\Users\YAN_SHU_YU\Desktop\Generative-CD\Q_GNCDM\results\weak_q_lambda_sweep\lq_0p5_ls_0p2_lb_0p8\seed_2026\noise_0.20\weak-q_lq_0p5_ls_0p2_lb_0p8\metrics.json
0.5,0.2,0.9,0.0,0.6458333333333334,0.6907217354563244,0.4733576264679882,0.6316666666666667,0.6777790178571429,0.48055168566907036,0.7833333333333333,1.0,0.07142857142857142,0.13333333333333333,0.7624223602484472,0.21666666666666667,0.0,1.0,49,0,49,0.7051503522829576,0.5603489157828417,0.17842025174336,0.07107213365309166,0.045974321268273124,0.43276067845749133,success,C:\Users\YAN_SHU_YU\Desktop\Generative-CD\Q_GNCDM\results\weak_q_lambda_sweep\lq_0p5_ls_0p2_lb_0p9,C:\Users\YAN_SHU_YU\Desktop\Generative-CD\Q_GNCDM\results\weak_q_lambda_sweep\lq_0p5_ls_0p2_lb_0p9\seed_2026\noise_0.20\weak-q_lq_0p5_ls_0p2_lb_0p9\metrics.json
0.5,0.3,0.05,0.0,0.6366666666666667,0.6856514632627646,0.4867130069401513,0.6216666666666667,0.6925223214285714,0.48816541090574256,0.875,0.90625,0.5178571428571429,0.6590909090909091,0.9381793478260869,0.125,0.0,0.6666666666666666,30,1,29,0.5675104305599675,0.4447306769363808,0.1464496902895696,0.1531339746081468,0.07229430476824443,0.0011812114671832233,success,C:\Users\YAN_SHU_YU\Desktop\Generative-CD\Q_GNCDM\results\weak_q_lambda_sweep\lq_0p5_ls_0p3_lb_0p05,C:\Users\YAN_SHU_YU\Desktop\Generative-CD\Q_GNCDM\results\weak_q_lambda_sweep\lq_0p5_ls_0p3_lb_0p05\seed_2026\noise_0.20\weak-q_lq_0p5_ls_0p3_lb_0p05\metrics.json
0.5,0.3,0.1,0.0,0.6375,0.6853734878135563,0.48758658725609383,0.6266666666666667,0.6916294642857143,0.4887146762553582,0.8833333333333333,0.9375,0.5357142857142857,0.6818181818181818,0.9411878881987578,0.11666666666666667,0.0,0.6666666666666666,31,1,30,0.5657463791695508,0.4393079529205958,0.15028629497145163,0.14828635571580945,0.0680936991491101,0.0030249531917048225,success,C:\Users\YAN_SHU_YU\Desktop\Generative-CD\Q_GNCDM\results\weak_q_lambda_sweep\lq_0p5_ls_0p3_lb_0p1,C:\Users\YAN_SHU_YU\Desktop\Generative-CD\Q_GNCDM\results\weak_q_lambda_sweep\lq_0p5_ls_0p3_lb_0p1\seed_2026\noise_0.20\weak-q_lq_0p5_ls_0p3_lb_0p1\metrics.json
0.5,0.3,0.2,0.0,0.64,0.6867049902152643,0.48441091455687135,0.6283333333333333,0.6902566964285713,0.4926792560744419,0.875,0.9333333333333333,0.5,0.6511627906976745,0.9462344720496894,0.125,0.0,0.6666666666666666,27,1,26,0.587495564511328,0.45451971301526733,0.14932520394072388,0.14847204653602658,0.06885818256573244,0.0021129030801327617,success,C:\Users\YAN_SHU_YU\Desktop\Generative-CD\Q_GNCDM\results\weak_q_lambda_sweep\lq_0p5_ls_0p3_lb_0p2,C:\Users\YAN_SHU_YU\Desktop\Generative-CD\Q_GNCDM\results\weak_q_lambda_sweep\lq_0p5_ls_0p3_lb_0p2\seed_2026\noise_0.20\weak-q_lq_0p5_ls_0p3_lb_0p2\metrics.json
0.5,0.3,0.3,0.0,0.645,0.6874513542963885,0.4871871785560643,0.63,0.6900223214285715,0.49004684353352335,0.8708333333333333,0.9629629629629629,0.4642857142857143,0.6265060240963856,0.953222049689441,0.12916666666666668,0.0,0.8333333333333334,29,1,28,0.5694441452170863,0.4316604954726768,0.15762826958388992,0.13641383137666818,0.060151203563719086,0.011919010077800715,success,C:\Users\YAN_SHU_YU\Desktop\Generative-CD\Q_GNCDM\results\weak_q_lambda_sweep\lq_0p5_ls_0p3_lb_0p3,C:\Users\YAN_SHU_YU\Desktop\Generative-CD\Q_GNCDM\results\weak_q_lambda_sweep\lq_0p5_ls_0p3_lb_0p3\seed_2026\noise_0.20\weak-q_lq_0p5_ls_0p3_lb_0p3\metrics.json
0.5,0.3,0.4,0.0,0.64,0.6918447562711261,0.4781485243134387,0.6433333333333333,0.6938392857142858,0.48246745682353603,0.8458333333333333,0.9523809523809523,0.35714285714285715,0.5194805194805194,0.9563276397515529,0.15416666666666667,0.0,0.8333333333333334,34,0,34,0.6189048832113092,0.4751122964150978,0.14949791675264185,0.13743032402161395,0.06953633520187753,0.014377790249206802,success,C:\Users\YAN_SHU_YU\Desktop\Generative-CD\Q_GNCDM\results\weak_q_lambda_sweep\lq_0p5_ls_0p3_lb_0p4,C:\Users\YAN_SHU_YU\Desktop\Generative-CD\Q_GNCDM\results\weak_q_lambda_sweep\lq_0p5_ls_0p3_lb_0p4\seed_2026\noise_0.20\weak-q_lq_0p5_ls_0p3_lb_0p4\metrics.json
0.5,0.3,0.5,0.0,0.6458333333333334,0.6922255826365415,0.4763511980210212,0.645,0.6905915178571428,0.48428133253837097,0.8166666666666667,1.0,0.21428571428571427,0.35294117647058826,0.951766304347826,0.18333333333333332,0.0,1.0,36,0,36,0.6346620682514075,0.4877029196782546,0.15408408641815186,0.12315684895623814,0.06594009381352049,0.07062002835851727,success,C:\Users\YAN_SHU_YU\Desktop\Generative-CD\Q_GNCDM\results\weak_q_lambda_sweep\lq_0p5_ls_0p3_lb_0p5,C:\Users\YAN_SHU_YU\Desktop\Generative-CD\Q_GNCDM\results\weak_q_lambda_sweep\lq_0p5_ls_0p3_lb_0p5\seed_2026\noise_0.20\weak-q_lq_0p5_ls_0p3_lb_0p5\metrics.json
0.5,0.3,0.6,0.0,0.6458333333333334,0.6912610078277888,0.4747267857386421,0.6433333333333333,0.6882812500000001,0.4836338258620728,0.8,1.0,0.14285714285714285,0.25,0.922748447204969,0.2,0.0,1.0,43,0,43,0.640388115788951,0.49208840456875885,0.16213247654112903,0.10632026172948605,0.058895655371474495,0.17865489107189755,success,C:\Users\YAN_SHU_YU\Desktop\Generative-CD\Q_GNCDM\results\weak_q_lambda_sweep\lq_0p5_ls_0p3_lb_0p6,C:\Users\YAN_SHU_YU\Desktop\Generative-CD\Q_GNCDM\results\weak_q_lambda_sweep\lq_0p5_ls_0p3_lb_0p6\seed_2026\noise_0.20\weak-q_lq_0p5_ls_0p3_lb_0p6\metrics.json
0.5,0.3,0.7,0.0,0.6266666666666667,0.6832469756271127,0.48003756047923773,0.64,0.6866294642857143,0.4921462887530361,0.7916666666666666,1.0,0.10714285714285714,0.1935483870967742,0.8827639751552795,0.20833333333333334,0.0,1.0,47,0,47,0.646069124341011,0.4992339534289909,0.17204070497642865,0.08503829439481099,0.05043332323883519,0.3267878452033708,success,C:\Users\YAN_SHU_YU\Desktop\Generative-CD\Q_GNCDM\results\weak_q_lambda_sweep\lq_0p5_ls_0p3_lb_0p7,C:\Users\YAN_SHU_YU\Desktop\Generative-CD\Q_GNCDM\results\weak_q_lambda_sweep\lq_0p5_ls_0p3_lb_0p7\seed_2026\noise_0.20\weak-q_lq_0p5_ls_0p3_lb_0p7\metrics.json
0.5,0.3,0.8,0.0,0.6191666666666666,0.677654109589041,0.4847151113851347,0.6366666666666667,0.6844977678571429,0.48635481704248706,0.7791666666666667,1.0,0.05357142857142857,0.1016949152542373,0.828027950310559,0.22083333333333333,0.0,1.0,52,0,52,0.6498264814868118,0.5075234260522958,0.18392962059288315,0.06182359350901662,0.03973896462808956,0.5094808782591964,success,C:\Users\YAN_SHU_YU\Desktop\Generative-CD\Q_GNCDM\results\weak_q_lambda_sweep\lq_0p5_ls_0p3_lb_0p8,C:\Users\YAN_SHU_YU\Desktop\Generative-CD\Q_GNCDM\results\weak_q_lambda_sweep\lq_0p5_ls_0p3_lb_0p8\seed_2026\noise_0.20\weak-q_lq_0p5_ls_0p3_lb_0p8\metrics.json
0.5,0.3,0.9,0.0,0.6391666666666667,0.6885340686710548,0.4749275409228006,0.63,0.6806808035714285,0.4793167981046936,0.7708333333333334,1.0,0.017857142857142856,0.03508771929824561,0.7565023291925466,0.22916666666666666,0.0,1.0,55,0,55,0.7061783048239622,0.568153669888323,0.19425408880818973,0.042823320141795906,0.03116732988167893,0.6613450212912126,success,C:\Users\YAN_SHU_YU\Desktop\Generative-CD\Q_GNCDM\results\weak_q_lambda_sweep\lq_0p5_ls_0p3_lb_0p9,C:\Users\YAN_SHU_YU\Desktop\Generative-CD\Q_GNCDM\results\weak_q_lambda_sweep\lq_0p5_ls_0p3_lb_0p9\seed_2026\noise_0.20\weak-q_lq_0p5_ls_0p3_lb_0p9\metrics.json
0.5,0.4,0.05,0.0,0.6458333333333334,0.685862724604163,0.4827133718597225,0.6416666666666667,0.6894419642857144,0.49165030015353056,0.8541666666666666,0.9565217391304348,0.39285714285714285,0.5569620253164557,0.9347826086956522,0.14583333333333334,0.0,0.8333333333333334,33,0,33,0.6036330624060198,0.4710659854339831,0.14417288610429474,0.141734074688319,0.07574003257534721,0.00730993644560151,success,C:\Users\YAN_SHU_YU\Desktop\Generative-CD\Q_GNCDM\results\weak_q_lambda_sweep\lq_0p5_ls_0p4_lb_0p05,C:\Users\YAN_SHU_YU\Desktop\Generative-CD\Q_GNCDM\results\weak_q_lambda_sweep\lq_0p5_ls_0p4_lb_0p05\seed_2026\noise_0.20\weak-q_lq_0p5_ls_0p4_lb_0p05\metrics.json
0.5,0.4,0.1,0.0,0.6458333333333334,0.6860684264365772,0.48289454962043166,0.64,0.6887834821428572,0.4921503824109962,0.85,0.9545454545454546,0.375,0.5384615384615384,0.9370147515527949,0.15,0.0,0.8333333333333334,33,0,33,0.6033096038030855,0.4675613081816471,0.14736367604046158,0.13707235816753272,0.07237512065154134,0.01253149136336464,success,C:\Users\YAN_SHU_YU\Desktop\Generative-CD\Q_GNCDM\results\weak_q_lambda_sweep\lq_0p5_ls_0p4_lb_0p1,C:\Users\YAN_SHU_YU\Desktop\Generative-CD\Q_GNCDM\results\weak_q_lambda_sweep\lq_0p5_ls_0p4_lb_0p1\seed_2026\noise_0.20\weak-q_lq_0p5_ls_0p4_lb_0p1\metrics.json
0.5,0.4,0.2,0.0,0.6408333333333334,0.6857709927059242,0.48326862176526636,0.6333333333333333,0.6870982142857143,0.49339893777198984,0.8333333333333334,0.9444444444444444,0.30357142857142855,0.4594594594594595,0.9423524844720498,0.16666666666666666,0.0,0.8333333333333334,35,1,34,0.6044702385411118,0.4634043172453389,0.15311633456837048,0.12800109612219263,0.06653657386248762,0.03562268829255393,success,C:\Users\YAN_SHU_YU\Desktop\Generative-CD\Q_GNCDM\results\weak_q_lambda_sweep\lq_0p5_ls_0p4_lb_0p2,C:\Users\YAN_SHU_YU\Desktop\Generative-CD\Q_GNCDM\results\weak_q_lambda_sweep\lq_0p5_ls_0p4_lb_0p2\seed_2026\noise_0.20\weak-q_lq_0p5_ls_0p4_lb_0p2\metrics.json
0.5,0.4,0.3,0.0,0.64,0.6926786826187511,0.47552590478503654,0.6383333333333333,0.6929129464285714,0.48001736921135413,0.8,0.9,0.16071428571428573,0.2727272727272727,0.9485636645962734,0.2,0.0,0.8333333333333334,40,0,40,0.6384509287097238,0.4926214520678376,0.15049240083405466,0.12364929169416428,0.07041188950339954,0.07196665318174796,success,C:\Users\YAN_SHU_YU\Desktop\Generative-CD\Q_GNCDM\results\weak_q_lambda_sweep\lq_0p5_ls_0p4_lb_0p3,C:\Users\YAN_SHU_YU\Desktop\Generative-CD\Q_GNCDM\results\weak_q_lambda_sweep\lq_0p5_ls_0p4_lb_0p3\seed_2026\noise_0.20\weak-q_lq_0p5_ls_0p4_lb_0p3\metrics.json
0.5,0.4,0.4,0.0,0.6408333333333334,0.691305483899662,0.47508281823633075,0.6466666666666666,0.69203125,0.4798438491192357,0.8,1.0,0.14285714285714285,0.25,0.9425465838509317,0.2,0.0,1.0,43,0,43,0.6461861323226582,0.49793381131056585,0.15772168857581687,0.10970686466404886,0.06377181805896037,0.15672051319570252,success,C:\Users\YAN_SHU_YU\Desktop\Generative-CD\Q_GNCDM\results\weak_q_lambda_sweep\lq_0p5_ls_0p4_lb_0p4,C:\Users\YAN_SHU_YU\Desktop\Generative-CD\Q_GNCDM\results\weak_q_lambda_sweep\lq_0p5_ls_0p4_lb_0p4\seed_2026\noise_0.20\weak-q_lq_0p5_ls_0p4_lb_0p4\metrics.json
0.5,0.4,0.5,0.0,0.6291666666666667,0.6813067069916385,0.483201131304689,0.6383333333333333,0.680859375,0.49470356463218956,0.8041666666666667,1.0,0.16071428571428573,0.27692307692307694,0.9128493788819876,0.19583333333333333,0.0,1.0,45,0,45,0.6261600612690954,0.47821158667405445,0.17029587585817685,0.09301841202558893,0.05118635138778976,0.2692151232199235,success,C:\Users\YAN_SHU_YU\Desktop\Generative-CD\Q_GNCDM\results\weak_q_lambda_sweep\lq_0p5_ls_0p4_lb_0p5,C:\Users\YAN_SHU_YU\Desktop\Generative-CD\Q_GNCDM\results\weak_q_lambda_sweep\lq_0p5_ls_0p4_lb_0p5\seed_2026\noise_0.20\weak-q_lq_0p5_ls_0p4_lb_0p5\metrics.json
0.5,0.4,0.6,0.0,0.6416666666666667,0.6849009295499022,0.47853759772339,0.64,0.6872879464285713,0.4890188305095433,0.7875,1.0,0.08928571428571429,0.16393442622950818,0.8815993788819875,0.2125,0.0,1.0,50,0,50,0.6536149188424601,0.505953334497683,0.1758035762291966,0.07897331430153413,0.04695078358054161,0.3823898533980052,success,C:\Users\YAN_SHU_YU\Desktop\Generative-CD\Q_GNCDM\results\weak_q_lambda_sweep\lq_0p5_ls_0p4_lb_0p6,C:\Users\YAN_SHU_YU\Desktop\Generative-CD\Q_GNCDM\results\weak_q_lambda_sweep\lq_0p5_ls_0p4_lb_0p6\seed_2026\noise_0.20\weak-q_lq_0p5_ls_0p4_lb_0p6\metrics.json
0.5,0.4,0.7,0.0,0.6425,0.6880726294253691,0.475008258298354,0.6483333333333333,0.687700892857143,0.48261653586574293,0.7791666666666667,1.0,0.05357142857142857,0.1016949152542373,0.827639751552795,0.22083333333333333,0.0,1.0,53,0,53,0.7074501559589849,0.5636213561802199,0.18398747209346655,0.05819705614086353,0.040794635586666336,0.5410580318985563,success,C:\Users\YAN_SHU_YU\Desktop\Generative-CD\Q_GNCDM\results\weak_q_lambda_sweep\lq_0p5_ls_0p4_lb_0p7,C:\Users\YAN_SHU_YU\Desktop\Generative-CD\Q_GNCDM\results\weak_q_lambda_sweep\lq_0p5_ls_0p4_lb_0p7\seed_2026\noise_0.20\weak-q_lq_0p5_ls_0p4_lb_0p7\metrics.json
0.5,0.4,0.8,0.0,0.6391666666666667,0.6858933019035759,0.47948448229929214,0.6433333333333333,0.6886383928571429,0.4819180286737202,0.775,1.0,0.03571428571428571,0.06896551724137931,0.7717391304347827,0.225,0.0,1.0,54,0,54,0.710838415405967,0.5708813518285751,0.1941670005520185,0.04482072112009381,0.031181587894080265,0.6471773891737966,success,C:\Users\YAN_SHU_YU\Desktop\Generative-CD\Q_GNCDM\results\weak_q_lambda_sweep\lq_0p5_ls_0p4_lb_0p8,C:\Users\YAN_SHU_YU\Desktop\Generative-CD\Q_GNCDM\results\weak_q_lambda_sweep\lq_0p5_ls_0p4_lb_0p8\seed_2026\noise_0.20\weak-q_lq_0p5_ls_0p4_lb_0p8\metrics.json
0.5,0.4,0.9,0.0,0.6341666666666667,0.6855764098914784,0.4780556486204319,0.6416666666666667,0.682421875,0.4819936781910344,0.7708333333333334,1.0,0.017857142857142856,0.03508771929824561,0.7069099378881988,0.22916666666666666,0.0,1.0,56,0,56,0.7341231071587765,0.5984860794110731,0.20155408481756845,0.031211250828522625,0.024861645320373955,0.7536121859694972,success,C:\Users\YAN_SHU_YU\Desktop\Generative-CD\Q_GNCDM\results\weak_q_lambda_sweep\lq_0p5_ls_0p4_lb_0p9,C:\Users\YAN_SHU_YU\Desktop\Generative-CD\Q_GNCDM\results\weak_q_lambda_sweep\lq_0p5_ls_0p4_lb_0p9\seed_2026\noise_0.20\weak-q_lq_0p5_ls_0p4_lb_0p9\metrics.json
0.5,0.5,0.05,0.0,0.64,0.68456457925636,0.48224181400404675,0.635,0.6869866071428571,0.4917597383900354,0.8125,0.9230769230769231,0.21428571428571427,0.34782608695652173,0.9321622670807453,0.1875,0.0,0.8333333333333334,38,0,38,0.6180781545964155,0.4779778908599507,0.15060421418059955,0.12255859939437924,0.07037722703182336,0.05999603844953306,success,C:\Users\YAN_SHU_YU\Desktop\Generative-CD\Q_GNCDM\results\weak_q_lambda_sweep\lq_0p5_ls_0p5_lb_0p05,C:\Users\YAN_SHU_YU\Desktop\Generative-CD\Q_GNCDM\results\weak_q_lambda_sweep\lq_0p5_ls_0p5_lb_0p05\seed_2026\noise_0.20\weak-q_lq_0p5_ls_0p5_lb_0p05\metrics.json
0.5,0.5,0.1,0.0,0.6458333333333334,0.6923951476605585,0.4747652067176344,0.64,0.6919308035714287,0.4783371773876031,0.7958333333333333,0.8888888888888888,0.14285714285714285,0.24615384615384617,0.9457492236024845,0.20416666666666666,0.0,0.8333333333333334,45,0,45,0.6470325417590864,0.5039135876930121,0.14540636539459229,0.12552269412712616,0.0765442538893584,0.06854559684341605,success,C:\Users\YAN_SHU_YU\Desktop\Generative-CD\Q_GNCDM\results\weak_q_lambda_sweep\lq_0p5_ls_0p5_lb_0p1,C:\Users\YAN_SHU_YU\Desktop\Generative-CD\Q_GNCDM\results\weak_q_lambda_sweep\lq_0p5_ls_0p5_lb_0p1\seed_2026\noise_0.20\weak-q_lq_0p5_ls_0p5_lb_0p1\metrics.json
0.5,0.5,0.2,0.0,0.6441666666666667,0.6922311421455257,0.4745938860027084,0.6483333333333333,0.6918973214285713,0.4786079714780626,0.8,1.0,0.14285714285714285,0.25,0.9447787267080745,0.2,0.0,1.0,45,0,45,0.6522232285051635,0.5051473239154527,0.15296369610410748,0.11353579208706364,0.06913078486016302,0.13578718945835577,success,C:\Users\YAN_SHU_YU\Desktop\Generative-CD\Q_GNCDM\results\weak_q_lambda_sweep\lq_0p5_ls_0p5_lb_0p2,C:\Users\YAN_SHU_YU\Desktop\Generative-CD\Q_GNCDM\results\weak_q_lambda_sweep\lq_0p5_ls_0p5_lb_0p2\seed_2026\noise_0.20\weak-q_lq_0p5_ls_0p5_lb_0p2\metrics.json
0.5,0.5,0.3,0.0,0.6491666666666667,0.6924868795587973,0.47432990038567935,0.6433333333333333,0.6872879464285715,0.4801234773255283,0.8,1.0,0.14285714285714285,0.25,0.9338121118012422,0.2,0.0,1.0,48,0,48,0.6616882329637354,0.5123569459626169,0.1606583787184773,0.10093093979539293,0.06178875769855398,0.22271876804756396,success,C:\Users\YAN_SHU_YU\Desktop\Generative-CD\Q_GNCDM\results\weak_q_lambda_sweep\lq_0p5_ls_0p5_lb_0p3,C:\Users\YAN_SHU_YU\Desktop\Generative-CD\Q_GNCDM\results\weak_q_lambda_sweep\lq_0p5_ls_0p5_lb_0p3\seed_2026\noise_0.20\weak-q_lq_0p5_ls_0p5_lb_0p3\metrics.json
0.5,0.5,0.4,0.0,0.6383333333333333,0.6846479718911226,0.4805532189695107,0.6416666666666667,0.6848883928571428,0.4904077740466973,0.7958333333333333,1.0,0.125,0.2222222222222222,0.9046001552795031,0.20416666666666666,0.0,1.0,50,0,50,0.6431877883997831,0.49401978335597296,0.17190722285798102,0.08613814481280067,0.05036329698156227,0.32201301103288477,success,C:\Users\YAN_SHU_YU\Desktop\Generative-CD\Q_GNCDM\results\weak_q_lambda_sweep\lq_0p5_ls_0p5_lb_0p4,C:\Users\YAN_SHU_YU\Desktop\Generative-CD\Q_GNCDM\results\weak_q_lambda_sweep\lq_0p5_ls_0p5_lb_0p4\seed_2026\noise_0.20\weak-q_lq_0p5_ls_0p5_lb_0p4\metrics.json
0.5,0.5,0.5,0.0,0.6408333333333334,0.687060798790251,0.47811803672596537,0.6416666666666667,0.6871316964285714,0.48704871234493025,0.7916666666666666,1.0,0.10714285714285714,0.1935483870967742,0.8780085403726708,0.20833333333333334,0.0,1.0,50,0,50,0.6631251456159534,0.5146324011412534,0.17861455340277066,0.07377725297754462,0.0445936918258667,0.42121780415376026,success,C:\Users\YAN_SHU_YU\Desktop\Generative-CD\Q_GNCDM\results\weak_q_lambda_sweep\lq_0p5_ls_0p5_lb_0p5,C:\Users\YAN_SHU_YU\Desktop\Generative-CD\Q_GNCDM\results\weak_q_lambda_sweep\lq_0p5_ls_0p5_lb_0p5\seed_2026\noise_0.20\weak-q_lq_0p5_ls_0p5_lb_0p5\metrics.json
0.5,0.5,0.6,0.0,0.645,0.6868606564668209,0.4758781270810012,0.655,0.6858482142857143,0.48424962835331814,0.7833333333333333,1.0,0.07142857142857142,0.13333333333333333,0.8390916149068324,0.21666666666666667,0.0,1.0,52,0,52,0.7042290098739393,0.5586109965136556,0.18487311764196915,0.05861691554838961,0.03978832015259699,0.5365857617421583,success,C:\Users\YAN_SHU_YU\Desktop\Generative-CD\Q_GNCDM\results\weak_q_lambda_sweep\lq_0p5_ls_0p5_lb_0p6,C:\Users\YAN_SHU_YU\Desktop\Generative-CD\Q_GNCDM\results\weak_q_lambda_sweep\lq_0p5_ls_0p5_lb_0p6\seed_2026\noise_0.20\weak-q_lq_0p5_ls_0p5_lb_0p6\metrics.json
0.5,0.5,0.7,0.0,0.6441666666666667,0.6868189601494394,0.47648978966211203,0.65,0.68671875,0.4769331125972558,0.7791666666666667,1.0,0.05357142857142857,0.1016949152542373,0.7841614906832298,0.22083333333333333,0.0,1.0,53,0,53,0.7139739981203368,0.5720692967826669,0.19367576638857523,0.04579133935498469,0.031673076703692925,0.6386600272221998,success,C:\Users\YAN_SHU_YU\Desktop\Generative-CD\Q_GNCDM\results\weak_q_lambda_sweep\lq_0p5_ls_0p5_lb_0p7,C:\Users\YAN_SHU_YU\Desktop\Generative-CD\Q_GNCDM\results\weak_q_lambda_sweep\lq_0p5_ls_0p5_lb_0p7\seed_2026\noise_0.20\weak-q_lq_0p5_ls_0p5_lb_0p7\metrics.json
0.5,0.5,0.8,0.0,0.645,0.6870079834549012,0.47547561786554227,0.6483333333333333,0.6816517857142858,0.4783930956721526,0.7791666666666667,1.0,0.05357142857142857,0.1016949152542373,0.7405861801242236,0.22083333333333333,0.0,1.0,54,0,54,0.7175000833742546,0.5785692171616987,0.2007651539011435,0.037470741366798226,0.024766145274043083,0.7045539292422208,success,C:\Users\YAN_SHU_YU\Desktop\Generative-CD\Q_GNCDM\results\weak_q_lambda_sweep\lq_0p5_ls_0p5_lb_0p8,C:\Users\YAN_SHU_YU\Desktop\Generative-CD\Q_GNCDM\results\weak_q_lambda_sweep\lq_0p5_ls_0p5_lb_0p8\seed_2026\noise_0.20\weak-q_lq_0p5_ls_0p5_lb_0p8\metrics.json
0.5,0.5,0.9,0.0,0.6425,0.6859905933107988,0.4745575510454592,0.645,0.6806919642857141,0.47662808482449126,0.7708333333333334,1.0,0.017857142857142856,0.03508771929824561,0.6985636645962734,0.22916666666666666,0.0,1.0,55,0,55,0.7354571123917898,0.5998565644928904,0.20502294103304544,0.02809651181892012,0.021156466763579483,0.7775070161530466,success,C:\Users\YAN_SHU_YU\Desktop\Generative-CD\Q_GNCDM\results\weak_q_lambda_sweep\lq_0p5_ls_0p5_lb_0p9,C:\Users\YAN_SHU_YU\Desktop\Generative-CD\Q_GNCDM\results\weak_q_lambda_sweep\lq_0p5_ls_0p5_lb_0p9\seed_2026\noise_0.20\weak-q_lq_0p5_ls_0p5_lb_0p9\metrics.json
0.5,0.6,0.05,0.0,0.6466666666666666,0.6930456102117062,0.47394571689152504,0.645,0.6867410714285714,0.48013771225618834,0.8,1.0,0.14285714285714285,0.25,0.9409937888198758,0.2,0.0,1.0,46,0,46,0.6603803968790806,0.5141061201240077,0.15200724746241714,0.11122233386744153,0.07074488134998264,0.15307559501944165,success,C:\Users\YAN_SHU_YU\Desktop\Generative-CD\Q_GNCDM\results\weak_q_lambda_sweep\lq_0p5_ls_0p6_lb_0p05,C:\Users\YAN_SHU_YU\Desktop\Generative-CD\Q_GNCDM\results\weak_q_lambda_sweep\lq_0p5_ls_0p6_lb_0p05\seed_2026\noise_0.20\weak-q_lq_0p5_ls_0p6_lb_0p05\metrics.json
0.5,0.6,0.1,0.0,0.6483333333333333,0.6929371997865148,0.47396410243242415,0.64,0.6867075892857144,0.47988902323049626,0.8,1.0,0.14285714285714285,0.25,0.9385675465838509,0.2,0.0,1.0,48,0,48,0.6635005483121583,0.5154742404366984,0.1557097504987861,0.10576874029004213,0.06710187097390492,0.18996849633527524,success,C:\Users\YAN_SHU_YU\Desktop\Generative-CD\Q_GNCDM\results\weak_q_lambda_sweep\lq_0p5_ls_0p6_lb_0p1,C:\Users\YAN_SHU_YU\Desktop\Generative-CD\Q_GNCDM\results\weak_q_lambda_sweep\lq_0p5_ls_0p6_lb_0p1\seed_2026\noise_0.20\weak-q_lq_0p5_ls_0p6_lb_0p1\metrics.json
0.5,0.6,0.2,0.0,0.6483333333333333,0.6918781133250311,0.47407560934498016,0.6283333333333333,0.6873660714285714,0.478549694088906,0.7916666666666666,1.0,0.10714285714285714,0.1935483870967742,0.9281832298136646,0.20833333333333334,0.0,1.0,49,0,49,0.673708618590326,0.5234345608588421,0.16271163681239792,0.0947235356451887,0.060420570838632004,0.26907216734958417,success,C:\Users\YAN_SHU_YU\Desktop\Generative-CD\Q_GNCDM\results\weak_q_lambda_sweep\lq_0p5_ls_0p6_lb_0p2,C:\Users\YAN_SHU_YU\Desktop\Generative-CD\Q_GNCDM\results\weak_q_lambda_sweep\lq_0p5_ls_0p6_lb_0p2\seed_2026\noise_0.20\weak-q_lq_0p5_ls_0p6_lb_0p2\metrics.json
0.5,0.6,0.3,0.0,0.6391666666666667,0.6870274417363459,0.4788915889769195,0.6383333333333333,0.6851450892857143,0.488537210266384,0.7958333333333333,1.0,0.125,0.2222222222222222,0.8980978260869564,0.20416666666666666,0.0,1.0,50,0,50,0.6544254751819553,0.5042420774698257,0.1735413528301499,0.0810454555533149,0.0492848265125896,0.3604897861227845,success,C:\Users\YAN_SHU_YU\Desktop\Generative-CD\Q_GNCDM\results\weak_q_lambda_sweep\lq_0p5_ls_0p6_lb_0p3,C:\Users\YAN_SHU_YU\Desktop\Generative-CD\Q_GNCDM\results\weak_q_lambda_sweep\lq_0p5_ls_0p6_lb_0p3\seed_2026\noise_0.20\weak-q_lq_0p5_ls_0p6_lb_0p3\metrics.json
0.5,0.6,0.4,0.0,0.6458333333333334,0.6877890944671767,0.4754030420473219,0.64,0.6909040178571427,0.47543019190136526,0.7833333333333333,1.0,0.07142857142857142,0.13333333333333333,0.8840256211180124,0.21666666666666667,0.0,1.0,51,0,51,0.6934927503267924,0.5432342268300779,0.1777054938403043,0.07138019506678436,0.046444137834689835,0.4435963856451439,success,C:\Users\YAN_SHU_YU\Desktop\Generative-CD\Q_GNCDM\results\weak_q_lambda_sweep\lq_0p5_ls_0p6_lb_0p4,C:\Users\YAN_SHU_YU\Desktop\Generative-CD\Q_GNCDM\results\weak_q_lambda_sweep\lq_0p5_ls_0p6_lb_0p4\seed_2026\noise_0.20\weak-q_lq_0p5_ls_0p6_lb_0p4\metrics.json
0.5,0.6,0.5,0.0,0.645,0.68703300124533,0.47611349592588914,0.6483333333333333,0.6810825892857142,0.48605911484643216,0.7875,1.0,0.08928571428571429,0.16393442622950818,0.8460791925465839,0.2125,0.0,1.0,51,0,51,0.696436553290396,0.5482809186884852,0.18548758711778757,0.0599434245377779,0.03889157143280362,0.5279872128457734,success,C:\Users\YAN_SHU_YU\Desktop\Generative-CD\Q_GNCDM\results\weak_q_lambda_sweep\lq_0p5_ls_0p6_lb_0p5,C:\Users\YAN_SHU_YU\Desktop\Generative-CD\Q_GNCDM\results\weak_q_lambda_sweep\lq_0p5_ls_0p6_lb_0p5\seed_2026\noise_0.20\weak-q_lq_0p5_ls_0p6_lb_0p5\metrics.json
0.5,0.6,0.6,0.0,0.6441666666666667,0.6859183196940046,0.4750156430814387,0.6416666666666667,0.68703125,0.4817253813263311,0.7791666666666667,1.0,0.05357142857142857,0.1016949152542373,0.798427795031056,0.22083333333333333,0.0,1.0,53,0,53,0.7239518562952677,0.5801002888968496,0.1927011931935946,0.04637893232883829,0.03278935390214125,0.6344088731390057,success,C:\Users\YAN_SHU_YU\Desktop\Generative-CD\Q_GNCDM\results\weak_q_lambda_sweep\lq_0p5_ls_0p6_lb_0p6,C:\Users\YAN_SHU_YU\Desktop\Generative-CD\Q_GNCDM\results\weak_q_lambda_sweep\lq_0p5_ls_0p6_lb_0p6\seed_2026\noise_0.20\weak-q_lq_0p5_ls_0p6_lb_0p6\metrics.json
0.5,0.6,0.7,0.0,0.635,0.6848064178971712,0.4804425077599056,0.6366666666666667,0.6845870535714287,0.4830163387000539,0.7791666666666667,1.0,0.05357142857142857,0.1016949152542373,0.751358695652174,0.22083333333333333,0.0,1.0,54,0,54,0.7173263195789221,0.5762542156559048,0.19977390517791113,0.03849749086481152,0.025838090106844902,0.6961813975464214,success,C:\Users\YAN_SHU_YU\Desktop\Generative-CD\Q_GNCDM\results\weak_q_lambda_sweep\lq_0p5_ls_0p6_lb_0p7,C:\Users\YAN_SHU_YU\Desktop\Generative-CD\Q_GNCDM\results\weak_q_lambda_sweep\lq_0p5_ls_0p6_lb_0p7\seed_2026\noise_0.20\weak-q_lq_0p5_ls_0p6_lb_0p7\metrics.json
0.5,0.6,0.8,0.0,0.6433333333333333,0.6849648639032201,0.4755706500257472,0.6533333333333333,0.681015625,0.47754032031818844,0.775,1.0,0.03571428571428571,0.06896551724137931,0.7110830745341614,0.225,0.0,1.0,54,0,54,0.7242511989492358,0.5855099667202343,0.20451011192617993,0.032524302658258064,0.021214491010389545,0.7422505915164948,success,C:\Users\YAN_SHU_YU\Desktop\Generative-CD\Q_GNCDM\results\weak_q_lambda_sweep\lq_0p5_ls_0p6_lb_0p8,C:\Users\YAN_SHU_YU\Desktop\Generative-CD\Q_GNCDM\results\weak_q_lambda_sweep\lq_0p5_ls_0p6_lb_0p8\seed_2026\noise_0.20\weak-q_lq_0p5_ls_0p6_lb_0p8\metrics.json
0.5,0.6,0.9,0.0,0.6425,0.6843560976694538,0.4751941192391524,0.65,0.6835044642857143,0.4748713088848241,0.7708333333333334,1.0,0.017857142857142856,0.03508771929824561,0.6807065217391304,0.22916666666666666,0.0,1.0,55,0,55,0.7392340528242516,0.6037028106776151,0.2078386391654159,0.02498439620390083,0.01846809767073754,0.8015733632174405,success,C:\Users\YAN_SHU_YU\Desktop\Generative-CD\Q_GNCDM\results\weak_q_lambda_sweep\lq_0p5_ls_0p6_lb_0p9,C:\Users\YAN_SHU_YU\Desktop\Generative-CD\Q_GNCDM\results\weak_q_lambda_sweep\lq_0p5_ls_0p6_lb_0p9\seed_2026\noise_0.20\weak-q_lq_0p5_ls_0p6_lb_0p9\metrics.json
0.5,0.7,0.05,0.0,0.6416666666666667,0.6901491060309555,0.4759024799408715,0.63,0.6854241071428572,0.4793354050348933,0.8,1.0,0.14285714285714285,0.25,0.9239130434782609,0.2,0.0,1.0,48,0,48,0.6657762364907698,0.5158384708744107,0.16280618942145145,0.0935921079733155,0.060403990587501816,0.2714088211456935,success,C:\Users\YAN_SHU_YU\Desktop\Generative-CD\Q_GNCDM\results\weak_q_lambda_sweep\lq_0p5_ls_0p7_lb_0p05,C:\Users\YAN_SHU_YU\Desktop\Generative-CD\Q_GNCDM\results\weak_q_lambda_sweep\lq_0p5_ls_0p7_lb_0p05\seed_2026\noise_0.20\weak-q_lq_0p5_ls_0p7_lb_0p05\metrics.json
0.5,0.7,0.1,0.0,0.64,0.6896848870307775,0.4759655175111547,0.6316666666666667,0.6860714285714286,0.4785885602827822,0.8,1.0,0.14285714285714285,0.25,0.9176048136645962,0.2,0.0,1.0,50,0,50,0.67053729837591,0.5196805497010549,0.16600824599013184,0.08874022170449748,0.05734473387851859,0.3082744185671662,success,C:\Users\YAN_SHU_YU\Desktop\Generative-CD\Q_GNCDM\results\weak_q_lambda_sweep\lq_0p5_ls_0p7_lb_0p1,C:\Users\YAN_SHU_YU\Desktop\Generative-CD\Q_GNCDM\results\weak_q_lambda_sweep\lq_0p5_ls_0p7_lb_0p1\seed_2026\noise_0.20\weak-q_lq_0p5_ls_0p7_lb_0p1\metrics.json
0.5,0.7,0.2,0.0,0.6425,0.6886619373776908,0.4758776424531335,0.63,0.6895089285714286,0.4758351804201766,0.7916666666666666,1.0,0.10714285714285714,0.1935483870967742,0.9037267080745341,0.20833333333333334,0.0,1.0,50,0,50,0.6835526083454941,0.532047193610307,0.17246087369593707,0.07856781961339893,0.051387518757220474,0.3858049100998676,success,C:\Users\YAN_SHU_YU\Desktop\Generative-CD\Q_GNCDM\results\weak_q_lambda_sweep\lq_0p5_ls_0p7_lb_0p2,C:\Users\YAN_SHU_YU\Desktop\Generative-CD\Q_GNCDM\results\weak_q_lambda_sweep\lq_0p5_ls_0p7_lb_0p2\seed_2026\noise_0.20\weak-q_lq_0p5_ls_0p7_lb_0p2\metrics.json
0.5,0.7,0.3,0.0,0.6458333333333334,0.687936421455257,0.4752755242952184,0.64,0.6908482142857143,0.47493890634921776,0.7791666666666667,1.0,0.05357142857142857,0.1016949152542373,0.8844138198757764,0.22083333333333333,0.0,1.0,51,0,51,0.6980561523726492,0.5466872625278704,0.17860602497151404,0.06905486366965553,0.04575824359375419,0.4608602609598275,success,C:\Users\YAN_SHU_YU\Desktop\Generative-CD\Q_GNCDM\results\weak_q_lambda_sweep\lq_0p5_ls_0p7_lb_0p3,C:\Users\YAN_SHU_YU\Desktop\Generative-CD\Q_GNCDM\results\weak_q_lambda_sweep\lq_0p5_ls_0p7_lb_0p3\seed_2026\noise_0.20\weak-q_lq_0p5_ls_0p7_lb_0p3\metrics.json
0.5,0.7,0.4,0.0,0.6458333333333334,0.6872136852873154,0.47614126121494066,0.645,0.6816964285714285,0.48555909773549993,0.7833333333333333,1.0,0.07142857142857142,0.13333333333333333,0.8487965838509316,0.21666666666666667,0.0,1.0,51,0,51,0.6937805287765734,0.5440855820973715,0.1868835473150918,0.05893632916338516,0.03749436303747423,0.5378424976811265,success,C:\Users\YAN_SHU_YU\Desktop\Generative-CD\Q_GNCDM\results\weak_q_lambda_sweep\lq_0p5_ls_0p7_lb_0p4,C:\Users\YAN_SHU_YU\Desktop\Generative-CD\Q_GNCDM\results\weak_q_lambda_sweep\lq_0p5_ls_0p7_lb_0p4\seed_2026\noise_0.20\weak-q_lq_0p5_ls_0p7_lb_0p4\metrics.json
0.5,0.7,0.5,0.0,0.6425,0.6859516767479096,0.47546645538589977,0.65,0.6863616071428571,0.4821145143227995,0.7791666666666667,1.0,0.05357142857142857,0.1016949152542373,0.8102678571428571,0.22083333333333333,0.0,1.0,53,0,53,0.7234230456930218,0.5778864825313742,0.19199027053334497,0.04689139488971594,0.033434912505926506,0.6295604606469473,success,C:\Users\YAN_SHU_YU\Desktop\Generative-CD\Q_GNCDM\results\weak_q_lambda_sweep\lq_0p5_ls_0p7_lb_0p5,C:\Users\YAN_SHU_YU\Desktop\Generative-CD\Q_GNCDM\results\weak_q_lambda_sweep\lq_0p5_ls_0p7_lb_0p5\seed_2026\noise_0.20\weak-q_lq_0p5_ls_0p7_lb_0p5\metrics.json
0.5,0.7,0.6,0.0,0.635,0.6851427681907134,0.4816067917588752,0.6366666666666667,0.6838169642857144,0.48346928103319636,0.7791666666666667,1.0,0.05357142857142857,0.1016949152542373,0.7614518633540374,0.22083333333333333,0.0,1.0,54,0,54,0.7153352309357036,0.5725164670835842,0.19896316144502524,0.03909951262176037,0.026612535485941353,0.690509987599922,success,C:\Users\YAN_SHU_YU\Desktop\Generative-CD\Q_GNCDM\results\weak_q_lambda_sweep\lq_0p5_ls_0p7_lb_0p6,C:\Users\YAN_SHU_YU\Desktop\Generative-CD\Q_GNCDM\results\weak_q_lambda_sweep\lq_0p5_ls_0p7_lb_0p6\seed_2026\noise_0.20\weak-q_lq_0p5_ls_0p7_lb_0p6\metrics.json
0.5,0.7,0.7,0.0,0.6316666666666667,0.6845590197473759,0.4796696622848376,0.645,0.6875558035714284,0.4808600949787858,0.775,1.0,0.03571428571428571,0.06896551724137931,0.7259316770186336,0.225,0.0,1.0,54,0,54,0.7246559984756239,0.5837653974692026,0.2031859401049036,0.03353381535094796,0.022605661472136326,0.73442916617249,success,C:\Users\YAN_SHU_YU\Desktop\Generative-CD\Q_GNCDM\results\weak_q_lambda_sweep\lq_0p5_ls_0p7_lb_0p7,C:\Users\YAN_SHU_YU\Desktop\Generative-CD\Q_GNCDM\results\weak_q_lambda_sweep\lq_0p5_ls_0p7_lb_0p7\seed_2026\noise_0.20\weak-q_lq_0p5_ls_0p7_lb_0p7\metrics.json
0.5,0.7,0.8,0.0,0.6341666666666667,0.6838335038249422,0.479012860196465,0.655,0.6925446428571429,0.47758371591171844,0.7708333333333334,1.0,0.017857142857142856,0.03508771929824561,0.6961374223602484,0.22916666666666666,0.0,1.0,54,0,54,0.7345164382096493,0.5959268564527685,0.20598785353429389,0.027913243735604214,0.02007047826367797,0.7781560023625692,success,C:\Users\YAN_SHU_YU\Desktop\Generative-CD\Q_GNCDM\results\weak_q_lambda_sweep\lq_0p5_ls_0p7_lb_0p8,C:\Users\YAN_SHU_YU\Desktop\Generative-CD\Q_GNCDM\results\weak_q_lambda_sweep\lq_0p5_ls_0p7_lb_0p8\seed_2026\noise_0.20\weak-q_lq_0p5_ls_0p7_lb_0p8\metrics.json
0.5,0.7,0.9,0.0,0.6458333333333334,0.6811704990215265,0.47748177599028946,0.6583333333333333,0.6913169642857142,0.472588770964482,0.7666666666666667,0.5,0.017857142857142856,0.034482758620689655,0.6585791925465838,0.23333333333333334,0.0,1.0,57,1,56,0.7333772679169973,0.596692017082012,0.21100813872886426,0.024265610641150764,0.015772501796935543,0.8083395416086371,success,C:\Users\YAN_SHU_YU\Desktop\Generative-CD\Q_GNCDM\results\weak_q_lambda_sweep\lq_0p5_ls_0p7_lb_0p9,C:\Users\YAN_SHU_YU\Desktop\Generative-CD\Q_GNCDM\results\weak_q_lambda_sweep\lq_0p5_ls_0p7_lb_0p9\seed_2026\noise_0.20\weak-q_lq_0p5_ls_0p7_lb_0p9\metrics.json
0.5,0.8,0.05,0.0,0.6433333333333333,0.6893763342821563,0.47554688809286866,0.6266666666666667,0.6886607142857142,0.4764010117221868,0.7916666666666666,1.0,0.10714285714285714,0.1935483870967742,0.906638198757764,0.20833333333333334,0.0,1.0,50,0,50,0.6844535858342142,0.5324072661724958,0.17046413435177368,0.08017521611217296,0.05348154975835121,0.37270909773580957,success,C:\Users\YAN_SHU_YU\Desktop\Generative-CD\Q_GNCDM\results\weak_q_lambda_sweep\lq_0p5_ls_0p8_lb_0p05,C:\Users\YAN_SHU_YU\Desktop\Generative-CD\Q_GNCDM\results\weak_q_lambda_sweep\lq_0p5_ls_0p8_lb_0p05\seed_2026\noise_0.20\weak-q_lq_0p5_ls_0p8_lb_0p05\metrics.json
0.5,0.8,0.1,0.0,0.6441666666666667,0.68983499377335,0.47687274307459615,0.6366666666666667,0.6839062499999999,0.48629572137255905,0.8,1.0,0.14285714285714285,0.25,0.889072204968944,0.2,0.0,1.0,50,0,50,0.669180584676338,0.5172933859355522,0.17623847045681693,0.07379436831582677,0.04732463362090515,0.4168565526153102,success,C:\Users\YAN_SHU_YU\Desktop\Generative-CD\Q_GNCDM\results\weak_q_lambda_sweep\lq_0p5_ls_0p8_lb_0p1,C:\Users\YAN_SHU_YU\Desktop\Generative-CD\Q_GNCDM\results\weak_q_lambda_sweep\lq_0p5_ls_0p8_lb_0p1\seed_2026\noise_0.20\weak-q_lq_0p5_ls_0p8_lb_0p1\metrics.json
0.5,0.8,0.2,0.0,0.6466666666666666,0.687866927592955,0.4751212759621948,0.6366666666666667,0.6909598214285715,0.47451550934415904,0.7791666666666667,1.0,0.05357142857142857,0.1016949152542373,0.8805318322981368,0.22083333333333333,0.0,1.0,51,0,51,0.7035045659903324,0.5513496493751352,0.17930683200106476,0.06680151966936661,0.04530142230743712,0.4771692947004781,success,C:\Users\YAN_SHU_YU\Desktop\Generative-CD\Q_GNCDM\results\weak_q_lambda_sweep\lq_0p5_ls_0p8_lb_0p2,C:\Users\YAN_SHU_YU\Desktop\Generative-CD\Q_GNCDM\results\weak_q_lambda_sweep\lq_0p5_ls_0p8_lb_0p2\seed_2026\noise_0.20\weak-q_lq_0p5_ls_0p8_lb_0p2\metrics.json
0.5,0.8,0.3,0.0,0.6483333333333333,0.6872915184130938,0.47610963595654465,0.6466666666666666,0.6826897321428571,0.48525497505025406,0.7791666666666667,1.0,0.05357142857142857,0.1016949152542373,0.8499611801242235,0.22083333333333333,0.0,1.0,52,0,52,0.6954503736712716,0.5444581526698489,0.18750455298207022,0.05768518556248058,0.036972650863004455,0.5467220129388751,success,C:\Users\YAN_SHU_YU\Desktop\Generative-CD\Q_GNCDM\results\weak_q_lambda_sweep\lq_0p5_ls_0p8_lb_0p3,C:\Users\YAN_SHU_YU\Desktop\Generative-CD\Q_GNCDM\results\weak_q_lambda_sweep\lq_0p5_ls_0p8_lb_0p3\seed_2026\noise_0.20\weak-q_lq_0p5_ls_0p8_lb_0p3\metrics.json
0.5,0.8,0.4,0.0,0.6441666666666667,0.686060087173101,0.4756998583419002,0.645,0.6851785714285715,0.4831945261177513,0.7791666666666667,1.0,0.05357142857142857,0.1016949152542373,0.8164790372670807,0.22083333333333333,0.0,1.0,53,0,53,0.7215566517728748,0.5740511173551733,0.19138526103713296,0.04780533836420738,0.03392158364030448,0.6216124558087551,success,C:\Users\YAN_SHU_YU\Desktop\Generative-CD\Q_GNCDM\results\weak_q_lambda_sweep\lq_0p5_ls_0p8_lb_0p4,C:\Users\YAN_SHU_YU\Desktop\Generative-CD\Q_GNCDM\results\weak_q_lambda_sweep\lq_0p5_ls_0p8_lb_0p4\seed_2026\noise_0.20\weak-q_lq_0p5_ls_0p8_lb_0p4\metrics.json
0.5,0.8,0.5,0.0,0.6441666666666667,0.6854874577477317,0.4773914442166592,0.65,0.6879129464285715,0.47620875266577767,0.7791666666666667,1.0,0.05357142857142857,0.1016949152542373,0.7746506211180124,0.22083333333333333,0.0,1.0,54,0,54,0.7220952438585686,0.5776393223892559,0.19801855358210477,0.03955243697220629,0.02760939012196931,0.6868556584372665,success,C:\Users\YAN_SHU_YU\Desktop\Generative-CD\Q_GNCDM\results\weak_q_lambda_sweep\lq_0p5_ls_0p8_lb_0p5,C:\Users\YAN_SHU_YU\Desktop\Generative-CD\Q_GNCDM\results\weak_q_lambda_sweep\lq_0p5_ls_0p8_lb_0p5\seed_2026\noise_0.20\weak-q_lq_0p5_ls_0p8_lb_0p5\metrics.json
0.5,0.8,0.6,0.0,0.6316666666666667,0.6836333615015122,0.4807445546603361,0.6433333333333333,0.6873325892857143,0.4813217554157364,0.7791666666666667,1.0,0.05357142857142857,0.1016949152542373,0.7387422360248447,0.22083333333333333,0.0,1.0,54,0,54,0.7234526375929514,0.5808302687876152,0.2025916650891304,0.03428715140079007,0.02316135134209286,0.7283699521512697,success,C:\Users\YAN_SHU_YU\Desktop\Generative-CD\Q_GNCDM\results\weak_q_lambda_sweep\lq_0p5_ls_0p8_lb_0p6,C:\Users\YAN_SHU_YU\Desktop\Generative-CD\Q_GNCDM\results\weak_q_lambda_sweep\lq_0p5_ls_0p8_lb_0p6\seed_2026\noise_0.20\weak-q_lq_0p5_ls_0p8_lb_0p6\metrics.json
0.5,0.8,0.7,0.0,0.6358333333333334,0.6835666473937022,0.47951890402566455,0.6583333333333333,0.692734375,0.4785662689306802,0.7708333333333334,1.0,0.017857142857142856,0.03508771929824561,0.7103066770186336,0.22916666666666666,0.0,1.0,54,0,54,0.7301118355808836,0.5893429815769196,0.20562686680844336,0.02969863045622002,0.020280738417623623,0.7635355736270095,success,C:\Users\YAN_SHU_YU\Desktop\Generative-CD\Q_GNCDM\results\weak_q_lambda_sweep\lq_0p5_ls_0p8_lb_0p7,C:\Users\YAN_SHU_YU\Desktop\Generative-CD\Q_GNCDM\results\weak_q_lambda_sweep\lq_0p5_ls_0p8_lb_0p7\seed_2026\noise_0.20\weak-q_lq_0p5_ls_0p8_lb_0p7\metrics.json
0.5,0.8,0.8,0.0,0.63,0.6839724915495464,0.4785844721465946,0.655,0.6893303571428572,0.47933087430613586,0.7666666666666667,0.0,0.0,0.0,0.6902173913043478,0.23333333333333334,0.0,1.0,54,0,54,0.7355804334987294,0.5962243784557689,0.20799422805959528,0.026214457342796253,0.017984215565251583,0.7902843500628616,success,C:\Users\YAN_SHU_YU\Desktop\Generative-CD\Q_GNCDM\results\weak_q_lambda_sweep\lq_0p5_ls_0p8_lb_0p8,C:\Users\YAN_SHU_YU\Desktop\Generative-CD\Q_GNCDM\results\weak_q_lambda_sweep\lq_0p5_ls_0p8_lb_0p8\seed_2026\noise_0.20\weak-q_lq_0p5_ls_0p8_lb_0p8\metrics.json
0.5,0.8,0.9,0.0,0.6433333333333333,0.6784129825653799,0.4777587492554395,0.6516666666666666,0.69296875,0.4721206886805202,0.7666666666666667,0.5,0.017857142857142856,0.034482758620689655,0.6541149068322982,0.23333333333333334,0.0,1.0,57,1,56,0.7359805143240726,0.5987280426603375,0.21230556906172723,0.022654920449536858,0.014417498668825085,0.8199831536321929,success,C:\Users\YAN_SHU_YU\Desktop\Generative-CD\Q_GNCDM\results\weak_q_lambda_sweep\lq_0p5_ls_0p8_lb_0p9,C:\Users\YAN_SHU_YU\Desktop\Generative-CD\Q_GNCDM\results\weak_q_lambda_sweep\lq_0p5_ls_0p8_lb_0p9\seed_2026\noise_0.20\weak-q_lq_0p5_ls_0p8_lb_0p9\metrics.json
0.5,0.9,0.05,0.0,0.645,0.6894944738480697,0.47639105558350525,0.635,0.6845647321428571,0.48470389387069834,0.7916666666666666,1.0,0.10714285714285714,0.1935483870967742,0.8798524844720497,0.20833333333333334,0.0,1.0,51,0,51,0.6802244529579625,0.5274598133383375,0.18004260008985346,0.06727211730498256,0.04396881213919683,0.4685635259657195,success,C:\Users\YAN_SHU_YU\Desktop\Generative-CD\Q_GNCDM\results\weak_q_lambda_sweep\lq_0p5_ls_0p9_lb_0p05,C:\Users\YAN_SHU_YU\Desktop\Generative-CD\Q_GNCDM\results\weak_q_lambda_sweep\lq_0p5_ls_0p9_lb_0p05\seed_2026\noise_0.20\weak-q_lq_0p5_ls_0p9_lb_0p05\metrics.json
0.5,0.9,0.1,0.0,0.6466666666666666,0.6890844600604874,0.4763825232679867,0.6433333333333333,0.6861272321428571,0.48420205269698213,0.7916666666666666,1.0,0.10714285714285714,0.1935483870967742,0.8707298136645961,0.20833333333333334,0.0,1.0,51,0,51,0.6855117904417443,0.5327726593523314,0.18273312914552112,0.06358478387648409,0.04146264792617523,0.4984787851572037,success,C:\Users\YAN_SHU_YU\Desktop\Generative-CD\Q_GNCDM\results\weak_q_lambda_sweep\lq_0p5_ls_0p9_lb_0p1,C:\Users\YAN_SHU_YU\Desktop\Generative-CD\Q_GNCDM\results\weak_q_lambda_sweep\lq_0p5_ls_0p9_lb_0p1\seed_2026\noise_0.20\weak-q_lq_0p5_ls_0p9_lb_0p1\metrics.json
0.5,0.9,0.2,0.0,0.6475,0.6880754091798612,0.47502262745332996,0.645,0.6882142857142857,0.47658653208887586,0.775,1.0,0.03571428571428571,0.06896551724137931,0.8553959627329192,0.225,0.0,1.0,51,0,51,0.7147466179096338,0.562629347949317,0.186061202350891,0.05702050927687775,0.03884104018410047,0.5490387750394417,success,C:\Users\YAN_SHU_YU\Desktop\Generative-CD\Q_GNCDM\results\weak_q_lambda_sweep\lq_0p5_ls_0p9_lb_0p2,C:\Users\YAN_SHU_YU\Desktop\Generative-CD\Q_GNCDM\results\weak_q_lambda_sweep\lq_0p5_ls_0p9_lb_0p2\seed_2026\noise_0.20\weak-q_lq_0p5_ls_0p9_lb_0p2\metrics.json
0.5,0.9,0.3,0.0,0.6458333333333334,0.6861712773527843,0.47578512572584786,0.6433333333333333,0.68296875,0.48429004626801986,0.7791666666666667,1.0,0.05357142857142857,0.1016949152542373,0.8217197204968945,0.22083333333333333,0.0,1.0,53,0,53,0.7196122109889984,0.5701794981053381,0.19118402559648862,0.048482553525404495,0.034021359783681954,0.6154684776609595,success,C:\Users\YAN_SHU_YU\Desktop\Generative-CD\Q_GNCDM\results\weak_q_lambda_sweep\lq_0p5_ls_0p9_lb_0p3,C:\Users\YAN_SHU_YU\Desktop\Generative-CD\Q_GNCDM\results\weak_q_lambda_sweep\lq_0p5_ls_0p9_lb_0p3\seed_2026\noise_0.20\weak-q_lq_0p5_ls_0p9_lb_0p3\metrics.json
0.5,0.9,0.4,0.0,0.645,0.6857431951610033,0.4776519774345985,0.645,0.6883482142857142,0.47623552203531583,0.7791666666666667,1.0,0.05357142857142857,0.1016949152542373,0.7855201863354037,0.22083333333333333,0.0,1.0,54,0,54,0.7217032936486331,0.5757523910565809,0.19725042084852853,0.039994285413713165,0.028327090214147713,0.6826443437373999,success,C:\Users\YAN_SHU_YU\Desktop\Generative-CD\Q_GNCDM\results\weak_q_lambda_sweep\lq_0p5_ls_0p9_lb_0p4,C:\Users\YAN_SHU_YU\Desktop\Generative-CD\Q_GNCDM\results\weak_q_lambda_sweep\lq_0p5_ls_0p9_lb_0p4\seed_2026\noise_0.20\weak-q_lq_0p5_ls_0p9_lb_0p4\metrics.json
0.5,0.9,0.5,0.0,0.6308333333333334,0.6838585216153709,0.48145963137894887,0.6416666666666667,0.6878236607142857,0.48138351505886956,0.7791666666666667,1.0,0.05357142857142857,0.1016949152542373,0.7483501552795032,0.22083333333333333,0.0,1.0,54,0,54,0.7230923537052039,0.5790718708074454,0.20204976471987637,0.03461142928537094,0.023690621001702366,0.7252018298163558,success,C:\Users\YAN_SHU_YU\Desktop\Generative-CD\Q_GNCDM\results\weak_q_lambda_sweep\lq_0p5_ls_0p9_lb_0p5,C:\Users\YAN_SHU_YU\Desktop\Generative-CD\Q_GNCDM\results\weak_q_lambda_sweep\lq_0p5_ls_0p9_lb_0p5\seed_2026\noise_0.20\weak-q_lq_0p5_ls_0p9_lb_0p5\metrics.json
0.5,0.9,0.6,0.0,0.6358333333333334,0.6835527486212418,0.47997320965435397,0.6516666666666666,0.6914620535714286,0.4792487414397871,0.7708333333333334,1.0,0.017857142857142856,0.03508771929824561,0.7198175465838509,0.22916666666666666,0.0,1.0,54,0,54,0.728983995589343,0.5865621539679441,0.20499970876809323,0.03043805943294005,0.020879556481359585,0.7573042800932219,success,C:\Users\YAN_SHU_YU\Desktop\Generative-CD\Q_GNCDM\results\weak_q_lambda_sweep\lq_0p5_ls_0p9_lb_0p6,C:\Users\YAN_SHU_YU\Desktop\Generative-CD\Q_GNCDM\results\weak_q_lambda_sweep\lq_0p5_ls_0p9_lb_0p6\seed_2026\noise_0.20\weak-q_lq_0p5_ls_0p9_lb_0p6\metrics.json
0.5,0.9,0.7,0.0,0.6425,0.6843283001245329,0.47624691157189575,0.6583333333333333,0.6895758928571429,0.47436108717957143,0.7791666666666667,1.0,0.05357142857142857,0.1016949152542373,0.6930318322981368,0.22083333333333333,0.0,1.0,54,0,54,0.7319126056902336,0.5911940760684736,0.20826711392763889,0.02698936564565608,0.017563629246345074,0.7842569676312533,success,C:\Users\YAN_SHU_YU\Desktop\Generative-CD\Q_GNCDM\results\weak_q_lambda_sweep\lq_0p5_ls_0p9_lb_0p7,C:\Users\YAN_SHU_YU\Desktop\Generative-CD\Q_GNCDM\results\weak_q_lambda_sweep\lq_0p5_ls_0p9_lb_0p7\seed_2026\noise_0.20\weak-q_lq_0p5_ls_0p9_lb_0p7\metrics.json
0.5,0.9,0.8,0.0,0.6441666666666667,0.6800530377157088,0.4784084874976769,0.655,0.6931026785714286,0.4723146415739855,0.7666666666666667,0.5,0.017857142857142856,0.034482758620689655,0.6646933229813664,0.23333333333333334,0.0,1.0,57,1,56,0.7359163625673815,0.597319896474029,0.21179354213403934,0.023056953496327907,0.014935555783185091,0.8161812966520136,success,C:\Users\YAN_SHU_YU\Desktop\Generative-CD\Q_GNCDM\results\weak_q_lambda_sweep\lq_0p5_ls_0p9_lb_0p8,C:\Users\YAN_SHU_YU\Desktop\Generative-CD\Q_GNCDM\results\weak_q_lambda_sweep\lq_0p5_ls_0p9_lb_0p8\seed_2026\noise_0.20\weak-q_lq_0p5_ls_0p9_lb_0p8\metrics.json
0.5,0.9,0.9,0.0,0.6366666666666667,0.6788410647571607,0.47764044379805387,0.6566666666666666,0.695546875,0.4712357086932962,0.7666666666666667,0.5,0.017857142857142856,0.034482758620689655,0.6570263975155279,0.23333333333333334,0.0,1.0,57,1,56,0.7394286755359534,0.6016257351095026,0.213168356906284,0.021192449540125603,0.013495070591681835,0.8304607732729479,success,C:\Users\YAN_SHU_YU\Desktop\Generative-CD\Q_GNCDM\results\weak_q_lambda_sweep\lq_0p5_ls_0p9_lb_0p9,C:\Users\YAN_SHU_YU\Desktop\Generative-CD\Q_GNCDM\results\weak_q_lambda_sweep\lq_0p5_ls_0p9_lb_0p9\seed_2026\noise_0.20\weak-q_lq_0p5_ls_0p9_lb_0p9\metrics.json
0.6,0.05,0.05,0.0,0.6383333333333333,0.684531222202455,0.47614100737847526,0.6266666666666667,0.6726450892857143,0.47904532006112455,0.925,0.8653846153846154,0.8035714285714286,0.8333333333333334,0.952639751552795,0.075,0.0,0.6666666666666666,15,2,13,0.6393181374578765,0.5980325855992057,0.016752966594966976,0.40334619265614136,0.22132931739994974,0.0,success,C:\Users\YAN_SHU_YU\Desktop\Generative-CD\Q_GNCDM\results\weak_q_lambda_sweep\lq_0p6_ls_0p05_lb_0p05,C:\Users\YAN_SHU_YU\Desktop\Generative-CD\Q_GNCDM\results\weak_q_lambda_sweep\lq_0p6_ls_0p05_lb_0p05\seed_2026\noise_0.20\weak-q_lq_0p6_ls_0p05_lb_0p05\metrics.json
0.6,0.05,0.1,0.0,0.6375,0.6848814712684576,0.4761623942327688,0.63,0.6756138392857143,0.479125700671148,0.9291666666666667,0.8823529411764706,0.8035714285714286,0.8411214953271028,0.9558423913043478,0.07083333333333333,0.0,0.6666666666666666,14,3,11,0.6458975672721863,0.5890824433529016,0.028402164267996948,0.3832097581841729,0.2061333412473852,0.0,success,C:\Users\YAN_SHU_YU\Desktop\Generative-CD\Q_GNCDM\results\weak_q_lambda_sweep\lq_0p6_ls_0p05_lb_0p1,C:\Users\YAN_SHU_YU\Desktop\Generative-CD\Q_GNCDM\results\weak_q_lambda_sweep\lq_0p6_ls_0p05_lb_0p1\seed_2026\noise_0.20\weak-q_lq_0p6_ls_0p05_lb_0p1\metrics.json
0.6,0.05,0.2,0.0,0.6308333333333334,0.6776541095890412,0.4906241828055645,0.6383333333333333,0.6942187500000001,0.4837379034716513,0.9208333333333333,0.9111111111111111,0.7321428571428571,0.8118811881188119,0.952736801242236,0.07916666666666666,0.0,0.6666666666666666,16,2,14,0.5852995677427812,0.4816564497622577,0.11850514951528925,0.25012886343580304,0.10016789750167818,0.0,success,C:\Users\YAN_SHU_YU\Desktop\Generative-CD\Q_GNCDM\results\weak_q_lambda_sweep\lq_0p6_ls_0p05_lb_0p2,C:\Users\YAN_SHU_YU\Desktop\Generative-CD\Q_GNCDM\results\weak_q_lambda_sweep\lq_0p6_ls_0p05_lb_0p2\seed_2026\noise_0.20\weak-q_lq_0p6_ls_0p05_lb_0p2\metrics.json
0.6,0.05,0.3,0.0,0.6341666666666667,0.6824853228962817,0.49194947112694415,0.6366666666666667,0.6965401785714285,0.4876888304406625,0.9208333333333333,0.9111111111111111,0.7321428571428571,0.8118811881188119,0.9593361801242236,0.07916666666666666,0.0,0.6666666666666666,16,2,14,0.5646454800258983,0.4462706175717441,0.14212523603981192,0.2176021249456839,0.07406539447379834,0.0,success,C:\Users\YAN_SHU_YU\Desktop\Generative-CD\Q_GNCDM\results\weak_q_lambda_sweep\lq_0p6_ls_0p05_lb_0p3,C:\Users\YAN_SHU_YU\Desktop\Generative-CD\Q_GNCDM\results\weak_q_lambda_sweep\lq_0p6_ls_0p05_lb_0p3\seed_2026\noise_0.20\weak-q_lq_0p6_ls_0p05_lb_0p3\metrics.json
0.6,0.05,0.4,0.0,0.6375,0.6845701387653442,0.4927738794983671,0.635,0.6970982142857144,0.488033037211879,0.9291666666666667,0.9534883720930233,0.7321428571428571,0.8282828282828283,0.9645768633540373,0.07083333333333333,0.0,0.6666666666666666,15,0,15,0.5599082478068091,0.4328256786772699,0.15744565562768417,0.1994224362301104,0.05661013214425607,0.0,success,C:\Users\YAN_SHU_YU\Desktop\Generative-CD\Q_GNCDM\results\weak_q_lambda_sweep\lq_0p6_ls_0p05_lb_0p4,C:\Users\YAN_SHU_YU\Desktop\Generative-CD\Q_GNCDM\results\weak_q_lambda_sweep\lq_0p6_ls_0p05_lb_0p4\seed_2026\noise_0.20\weak-q_lq_0p6_ls_0p05_lb_0p4\metrics.json
0.6,0.05,0.5,0.0,0.6375,0.6841225982921189,0.49146317097607883,0.6366666666666667,0.698392857142857,0.4875931789311414,0.9333333333333333,0.9545454545454546,0.75,0.84,0.9721467391304348,0.06666666666666667,0.0,0.6666666666666666,15,0,15,0.5582013789451483,0.4255426575740178,0.1644059198372292,0.19569896522796515,0.04846042913920952,0.0,success,C:\Users\YAN_SHU_YU\Desktop\Generative-CD\Q_GNCDM\results\weak_q_lambda_sweep\lq_0p6_ls_0p05_lb_0p5,C:\Users\YAN_SHU_YU\Desktop\Generative-CD\Q_GNCDM\results\weak_q_lambda_sweep\lq_0p6_ls_0p05_lb_0p5\seed_2026\noise_0.20\weak-q_lq_0p6_ls_0p05_lb_0p5\metrics.json
0.6,0.05,0.6,0.0,0.6416666666666667,0.686866215975805,0.4941862061183924,0.64,0.696763392857143,0.4913572089154198,0.9291666666666667,0.9534883720930233,0.7321428571428571,0.8282828282828283,0.9725349378881988,0.07083333333333333,0.0,0.6666666666666666,16,0,16,0.5494754707271402,0.41287825821024,0.17214421363491,0.1860550156596935,0.04001321491192688,0.0,success,C:\Users\YAN_SHU_YU\Desktop\Generative-CD\Q_GNCDM\results\weak_q_lambda_sweep\lq_0p6_ls_0p05_lb_0p6,C:\Users\YAN_SHU_YU\Desktop\Generative-CD\Q_GNCDM\results\weak_q_lambda_sweep\lq_0p6_ls_0p05_lb_0p6\seed_2026\noise_0.20\weak-q_lq_0p6_ls_0p05_lb_0p6\metrics.json
0.6,0.05,0.7,0.0,0.6358333333333334,0.6862796877779754,0.4946584832622749,0.6433333333333333,0.6956919642857143,0.49311126476654055,0.9416666666666667,0.9772727272727273,0.7678571428571429,0.86,0.9742818322981366,0.058333333333333334,0.0,0.8333333333333334,15,0,15,0.5490615110505711,0.40956088584480865,0.17711571987831232,0.18754525776162292,0.03407704389908097,0.0,success,C:\Users\YAN_SHU_YU\Desktop\Generative-CD\Q_GNCDM\results\weak_q_lambda_sweep\lq_0p6_ls_0p05_lb_0p7,C:\Users\YAN_SHU_YU\Desktop\Generative-CD\Q_GNCDM\results\weak_q_lambda_sweep\lq_0p6_ls_0p05_lb_0p7\seed_2026\noise_0.20\weak-q_lq_0p6_ls_0p05_lb_0p7\metrics.json
0.6,0.05,0.8,0.0,0.6325,0.6839780510585305,0.49567441970383835,0.6583333333333333,0.6957142857142857,0.4921236455690521,0.9416666666666667,0.9565217391304348,0.7857142857142857,0.8627450980392157,0.9742818322981366,0.058333333333333334,0.0,0.6666666666666666,14,1,13,0.553520654187058,0.41195377572016284,0.18082877858118576,0.19457464303934213,0.029176094795041012,0.0,success,C:\Users\YAN_SHU_YU\Desktop\Generative-CD\Q_GNCDM\results\weak_q_lambda_sweep\lq_0p6_ls_0p05_lb_0p8,C:\Users\YAN_SHU_YU\Desktop\Generative-CD\Q_GNCDM\results\weak_q_lambda_sweep\lq_0p6_ls_0p05_lb_0p8\seed_2026\noise_0.20\weak-q_lq_0p6_ls_0p05_lb_0p8\metrics.json
0.6,0.05,0.9,0.0,0.6191666666666666,0.6835722069026864,0.49646586871102594,0.6633333333333333,0.69859375,0.48875120396143895,0.95,0.94,0.8392857142857143,0.8867924528301887,0.9732142857142858,0.05,0.2,0.5,10,1,9,0.5588500508756349,0.4170956250393029,0.18654634487448316,0.2036929392453396,0.021824416676253983,0.0,success,C:\Users\YAN_SHU_YU\Desktop\Generative-CD\Q_GNCDM\results\weak_q_lambda_sweep\lq_0p6_ls_0p05_lb_0p9,C:\Users\YAN_SHU_YU\Desktop\Generative-CD\Q_GNCDM\results\weak_q_lambda_sweep\lq_0p6_ls_0p05_lb_0p9\seed_2026\noise_0.20\weak-q_lq_0p6_ls_0p05_lb_0p9\metrics.json
0.6,0.1,0.05,0.0,0.64,0.6823143679950188,0.47539083992981823,0.6316666666666667,0.6745870535714285,0.47760649373541797,0.8791666666666667,0.7872340425531915,0.6607142857142857,0.7184466019417476,0.8866459627329192,0.12083333333333333,0.2,0.8333333333333334,21,3,18,0.6633988962028966,0.6043400132294857,0.017289944585751404,0.37627242957100726,0.2211534268025196,0.0,success,C:\Users\YAN_SHU_YU\Desktop\Generative-CD\Q_GNCDM\results\weak_q_lambda_sweep\lq_0p6_ls_0p1_lb_0p05,C:\Users\YAN_SHU_YU\Desktop\Generative-CD\Q_GNCDM\results\weak_q_lambda_sweep\lq_0p6_ls_0p1_lb_0p05\seed_2026\noise_0.20\weak-q_lq_0p6_ls_0p1_lb_0p05\metrics.json
0.6,0.1,0.1,0.0,0.6325,0.6773816936488171,0.4888066457165406,0.6383333333333333,0.6915625000000001,0.4829169324690455,0.9208333333333333,0.9302325581395349,0.7142857142857143,0.8080808080808081,0.9485636645962733,0.07916666666666666,0.0,0.6666666666666666,16,1,15,0.597130200176528,0.49697460821180633,0.10691853082089713,0.2463456787394755,0.11369902956666368,0.0,success,C:\Users\YAN_SHU_YU\Desktop\Generative-CD\Q_GNCDM\results\weak_q_lambda_sweep\lq_0p6_ls_0p1_lb_0p1,C:\Users\YAN_SHU_YU\Desktop\Generative-CD\Q_GNCDM\results\weak_q_lambda_sweep\lq_0p6_ls_0p1_lb_0p1\seed_2026\noise_0.20\weak-q_lq_0p6_ls_0p1_lb_0p1\metrics.json
0.6,0.1,0.2,0.0,0.6308333333333334,0.6831496842198896,0.4886112278201713,0.635,0.694921875,0.48772395071997665,0.9125,0.926829268292683,0.6785714285714286,0.7835051546391752,0.9523486024844721,0.0875,0.0,0.6666666666666666,18,1,17,0.5711951377716932,0.4527643322944641,0.13515739752487702,0.20840499143708835,0.0824793189989798,0.0,success,C:\Users\YAN_SHU_YU\Desktop\Generative-CD\Q_GNCDM\results\weak_q_lambda_sweep\lq_0p6_ls_0p1_lb_0p2,C:\Users\YAN_SHU_YU\Desktop\Generative-CD\Q_GNCDM\results\weak_q_lambda_sweep\lq_0p6_ls_0p1_lb_0p2\seed_2026\noise_0.20\weak-q_lq_0p6_ls_0p1_lb_0p2\metrics.json
0.6,0.1,0.3,0.0,0.6358333333333334,0.6834026418786693,0.48949759143610455,0.6283333333333333,0.6960602678571428,0.4873592008015178,0.9083333333333333,0.925,0.6607142857142857,0.7708333333333334,0.9594332298136645,0.09166666666666666,0.0,0.6666666666666666,20,1,19,0.5694335220438062,0.4410751809676488,0.14688653860128287,0.19514408052870721,0.06904001375942519,0.0,success,C:\Users\YAN_SHU_YU\Desktop\Generative-CD\Q_GNCDM\results\weak_q_lambda_sweep\lq_0p6_ls_0p1_lb_0p3,C:\Users\YAN_SHU_YU\Desktop\Generative-CD\Q_GNCDM\results\weak_q_lambda_sweep\lq_0p6_ls_0p1_lb_0p3\seed_2026\noise_0.20\weak-q_lq_0p6_ls_0p1_lb_0p3\metrics.json
0.6,0.1,0.4,0.0,0.6433333333333333,0.6847702810887742,0.4878062951897285,0.6383333333333333,0.695390625,0.49027533439384113,0.9166666666666666,0.95,0.6785714285714286,0.7916666666666666,0.9664208074534162,0.08333333333333333,0.0,0.6666666666666666,19,0,19,0.5816037325244962,0.44593849868485425,0.15189022187030676,0.19371119570551495,0.06289993790966092,0.0,success,C:\Users\YAN_SHU_YU\Desktop\Generative-CD\Q_GNCDM\results\weak_q_lambda_sweep\lq_0p6_ls_0p1_lb_0p4,C:\Users\YAN_SHU_YU\Desktop\Generative-CD\Q_GNCDM\results\weak_q_lambda_sweep\lq_0p6_ls_0p1_lb_0p4\seed_2026\noise_0.20\weak-q_lq_0p6_ls_0p1_lb_0p4\metrics.json
0.6,0.1,0.5,0.0,0.6383333333333333,0.6843533179149619,0.489366366838474,0.645,0.6952455357142857,0.490982517059062,0.9125,0.9487179487179487,0.6607142857142857,0.7789473684210526,0.9744759316770186,0.0875,0.0,0.6666666666666666,20,0,20,0.5763844314849738,0.4350013904499285,0.16058336649880264,0.18422214212742719,0.053221595896915955,0.0,success,C:\Users\YAN_SHU_YU\Desktop\Generative-CD\Q_GNCDM\results\weak_q_lambda_sweep\lq_0p6_ls_0p1_lb_0p5,C:\Users\YAN_SHU_YU\Desktop\Generative-CD\Q_GNCDM\results\weak_q_lambda_sweep\lq_0p6_ls_0p1_lb_0p5\seed_2026\noise_0.20\weak-q_lq_0p6_ls_0p1_lb_0p5\metrics.json
0.6,0.1,0.6,0.0,0.6316666666666667,0.683561087884718,0.4905565736750687,0.6366666666666667,0.6950223214285715,0.49151190911747794,0.9083333333333333,0.9473684210526315,0.6428571428571429,0.7659574468085106,0.9743788819875776,0.09166666666666666,0.0,0.6666666666666666,20,0,20,0.5737678011258444,0.42806129654248554,0.16646948592229324,0.17825912006876685,0.04666483582872333,0.0,success,C:\Users\YAN_SHU_YU\Desktop\Generative-CD\Q_GNCDM\results\weak_q_lambda_sweep\lq_0p6_ls_0p1_lb_0p6,C:\Users\YAN_SHU_YU\Desktop\Generative-CD\Q_GNCDM\results\weak_q_lambda_sweep\lq_0p6_ls_0p1_lb_0p6\seed_2026\noise_0.20\weak-q_lq_0p6_ls_0p1_lb_0p6\metrics.json
0.6,0.1,0.7,0.0,0.6416666666666667,0.68449786514855,0.49210250311409354,0.6333333333333333,0.6984486607142857,0.4861986176720979,0.9166666666666666,0.95,0.6785714285714286,0.7916666666666666,0.9743788819875776,0.08333333333333333,0.0,0.6666666666666666,20,0,20,0.5811751046867082,0.43120829715873255,0.16823634731047082,0.17995992190007007,0.04432714815166863,0.0,success,C:\Users\YAN_SHU_YU\Desktop\Generative-CD\Q_GNCDM\results\weak_q_lambda_sweep\lq_0p6_ls_0p1_lb_0p7,C:\Users\YAN_SHU_YU\Desktop\Generative-CD\Q_GNCDM\results\weak_q_lambda_sweep\lq_0p6_ls_0p1_lb_0p7\seed_2026\noise_0.20\weak-q_lq_0p6_ls_0p1_lb_0p7\metrics.json
0.6,0.1,0.8,0.0,0.635,0.683224737591176,0.4937082670134439,0.645,0.7005133928571428,0.48579452314076804,0.9125,0.926829268292683,0.6785714285714286,0.7835051546391752,0.9730201863354037,0.0875,0.0,0.5,19,0,19,0.5820642258181716,0.42917058684609155,0.17282662698716827,0.17919982902028345,0.03909708666756297,0.0,success,C:\Users\YAN_SHU_YU\Desktop\Generative-CD\Q_GNCDM\results\weak_q_lambda_sweep\lq_0p6_ls_0p1_lb_0p8,C:\Users\YAN_SHU_YU\Desktop\Generative-CD\Q_GNCDM\results\weak_q_lambda_sweep\lq_0p6_ls_0p1_lb_0p8\seed_2026\noise_0.20\weak-q_lq_0p6_ls_0p1_lb_0p8\metrics.json
0.6,0.1,0.9,0.0,0.6275,0.6818709971535314,0.49486354796500553,0.6516666666666666,0.7017857142857142,0.4854455169368561,0.9166666666666666,0.9285714285714286,0.6964285714285714,0.7959183673469388,0.9724378881987578,0.08333333333333333,0.0,0.5,17,0,17,0.5844034159725363,0.4293531770959045,0.1770879967194615,0.18289013477888974,0.03389825209072142,0.0,success,C:\Users\YAN_SHU_YU\Desktop\Generative-CD\Q_GNCDM\results\weak_q_lambda_sweep\lq_0p6_ls_0p1_lb_0p9,C:\Users\YAN_SHU_YU\Desktop\Generative-CD\Q_GNCDM\results\weak_q_lambda_sweep\lq_0p6_ls_0p1_lb_0p9\seed_2026\noise_0.20\weak-q_lq_0p6_ls_0p1_lb_0p9\metrics.json
0.6,0.2,0.05,0.0,0.64,0.6852595178793809,0.4742104432543937,0.64,0.6778013392857143,0.4768200549803175,0.8083333333333333,0.7777777777777778,0.25,0.3783783783783784,0.889557453416149,0.19166666666666668,0.0,0.8333333333333334,33,1,32,0.6920597345540018,0.5978387901277253,0.04142060593673677,0.29893068382234284,0.19164889350985037,0.0,success,C:\Users\YAN_SHU_YU\Desktop\Generative-CD\Q_GNCDM\results\weak_q_lambda_sweep\lq_0p6_ls_0p2_lb_0p05,C:\Users\YAN_SHU_YU\Desktop\Generative-CD\Q_GNCDM\results\weak_q_lambda_sweep\lq_0p6_ls_0p2_lb_0p05\seed_2026\noise_0.20\weak-q_lq_0p6_ls_0p2_lb_0p05\metrics.json
0.6,0.2,0.1,0.0,0.63,0.6854985767657,0.48946987665625624,0.6383333333333333,0.693783482142857,0.489042917179166,0.8916666666666667,0.9166666666666666,0.5892857142857143,0.717391304347826,0.9480784161490684,0.10833333333333334,0.0,0.6666666666666666,25,1,24,0.5764254561879418,0.4497254675987995,0.137609948488799,0.18025399767088168,0.08083215886444757,0.0,success,C:\Users\YAN_SHU_YU\Desktop\Generative-CD\Q_GNCDM\results\weak_q_lambda_sweep\lq_0p6_ls_0p2_lb_0p1,C:\Users\YAN_SHU_YU\Desktop\Generative-CD\Q_GNCDM\results\weak_q_lambda_sweep\lq_0p6_ls_0p2_lb_0p1\seed_2026\noise_0.20\weak-q_lq_0p6_ls_0p2_lb_0p1\metrics.json
0.6,0.2,0.2,0.0,0.6333333333333333,0.6845534602383918,0.48855650383372135,0.6283333333333333,0.6939174107142858,0.48808528772791265,0.9,0.9210526315789473,0.625,0.7446808510638298,0.953027950310559,0.1,0.0,0.6666666666666666,25,1,24,0.5771204057064924,0.4410294226624749,0.14589278196746652,0.1713308132056034,0.0714457556605339,0.0,success,C:\Users\YAN_SHU_YU\Desktop\Generative-CD\Q_GNCDM\results\weak_q_lambda_sweep\lq_0p6_ls_0p2_lb_0p2,C:\Users\YAN_SHU_YU\Desktop\Generative-CD\Q_GNCDM\results\weak_q_lambda_sweep\lq_0p6_ls_0p2_lb_0p2\seed_2026\noise_0.20\weak-q_lq_0p6_ls_0p2_lb_0p2\metrics.json
0.6,0.2,0.3,0.0,0.6358333333333334,0.6840002890944672,0.49009389876318543,0.6233333333333333,0.6913058035714286,0.4897047908856561,0.9041666666666667,0.9459459459459459,0.625,0.7526881720430108,0.9595302795031055,0.09583333333333334,0.0,0.6666666666666666,28,1,27,0.5728859802087148,0.42933474706880975,0.15502466216231836,0.16061518318725354,0.061377988450906494,0.0,success,C:\Users\YAN_SHU_YU\Desktop\Generative-CD\Q_GNCDM\results\weak_q_lambda_sweep\lq_0p6_ls_0p2_lb_0p3,C:\Users\YAN_SHU_YU\Desktop\Generative-CD\Q_GNCDM\results\weak_q_lambda_sweep\lq_0p6_ls_0p2_lb_0p3\seed_2026\noise_0.20\weak-q_lq_0p6_ls_0p2_lb_0p3\metrics.json
0.6,0.2,0.4,0.0,0.6425,0.6851177504002847,0.4877637057751955,0.6366666666666667,0.6923102678571429,0.49252299909237185,0.9041666666666667,0.9459459459459459,0.625,0.7526881720430108,0.9653532608695653,0.09583333333333334,0.0,0.6666666666666666,24,0,24,0.5891121797489397,0.43934946574948053,0.15549467187939267,0.16149207610975613,0.060418729755011474,0.0,success,C:\Users\YAN_SHU_YU\Desktop\Generative-CD\Q_GNCDM\results\weak_q_lambda_sweep\lq_0p6_ls_0p2_lb_0p4,C:\Users\YAN_SHU_YU\Desktop\Generative-CD\Q_GNCDM\results\weak_q_lambda_sweep\lq_0p6_ls_0p2_lb_0p4\seed_2026\noise_0.20\weak-q_lq_0p6_ls_0p2_lb_0p4\metrics.json
0.6,0.2,0.5,0.0,0.6408333333333334,0.6905327121508628,0.482844241338756,0.6266666666666667,0.6949441964285714,0.48575060876311404,0.8875,0.9393939393939394,0.5535714285714286,0.6966292134831461,0.9651591614906833,0.1125,0.0,0.6666666666666666,21,0,21,0.6181243296825525,0.4615706652402878,0.14825476706027985,0.16824520537347504,0.06790352014429642,0.0,success,C:\Users\YAN_SHU_YU\Desktop\Generative-CD\Q_GNCDM\results\weak_q_lambda_sweep\lq_0p6_ls_0p2_lb_0p5,C:\Users\YAN_SHU_YU\Desktop\Generative-CD\Q_GNCDM\results\weak_q_lambda_sweep\lq_0p6_ls_0p2_lb_0p5\seed_2026\noise_0.20\weak-q_lq_0p6_ls_0p2_lb_0p5\metrics.json
0.6,0.2,0.6,0.0,0.6391666666666667,0.6909746931151041,0.4832334525747921,0.625,0.6940066964285715,0.4875621001793116,0.8833333333333333,0.9666666666666667,0.5178571428571429,0.6744186046511628,0.9671972049689441,0.11666666666666667,0.0,0.8333333333333334,24,0,24,0.6156482994556427,0.45463369741584314,0.15342426345203863,0.15642827117081845,0.0627906508179325,0.0003607653299254845,success,C:\Users\YAN_SHU_YU\Desktop\Generative-CD\Q_GNCDM\results\weak_q_lambda_sweep\lq_0p6_ls_0p2_lb_0p6,C:\Users\YAN_SHU_YU\Desktop\Generative-CD\Q_GNCDM\results\weak_q_lambda_sweep\lq_0p6_ls_0p2_lb_0p6\seed_2026\noise_0.20\weak-q_lq_0p6_ls_0p2_lb_0p6\metrics.json
0.6,0.2,0.7,0.0,0.6383333333333333,0.6909858121330724,0.4823982161252667,0.635,0.68296875,0.4929837307307319,0.875,1.0,0.4642857142857143,0.6341463414634146,0.9637034161490683,0.125,0.0,1.0,30,0,30,0.6163429748831373,0.45159313714865484,0.15665167389494,0.142098531126976,0.0604844686547012,0.014752185522493992,success,C:\Users\YAN_SHU_YU\Desktop\Generative-CD\Q_GNCDM\results\weak_q_lambda_sweep\lq_0p6_ls_0p2_lb_0p7,C:\Users\YAN_SHU_YU\Desktop\Generative-CD\Q_GNCDM\results\weak_q_lambda_sweep\lq_0p6_ls_0p2_lb_0p7\seed_2026\noise_0.20\weak-q_lq_0p6_ls_0p2_lb_0p7\metrics.json
0.6,0.2,0.8,0.0,0.6341666666666667,0.6905771882227361,0.4822337203555344,0.6383333333333333,0.6883482142857142,0.4935035118989409,0.8416666666666667,1.0,0.32142857142857145,0.4864864864864865,0.9472049689440993,0.15833333333333333,0.0,1.0,34,0,34,0.6208264218135313,0.4549314041029323,0.16533324686866818,0.12130149803829915,0.05304346041697444,0.07560595587799043,success,C:\Users\YAN_SHU_YU\Desktop\Generative-CD\Q_GNCDM\results\weak_q_lambda_sweep\lq_0p6_ls_0p2_lb_0p8,C:\Users\YAN_SHU_YU\Desktop\Generative-CD\Q_GNCDM\results\weak_q_lambda_sweep\lq_0p6_ls_0p2_lb_0p8\seed_2026\noise_0.20\weak-q_lq_0p6_ls_0p2_lb_0p8\metrics.json
0.6,0.2,0.9,0.0,0.6375,0.6927426169720691,0.4754882542706543,0.6316666666666667,0.6862053571428571,0.4860758511630303,0.8041666666666667,1.0,0.16071428571428573,0.27692307692307694,0.8746118012422359,0.19583333333333333,0.0,1.0,44,0,44,0.6772318906856306,0.5084517160148332,0.16721612485972318,0.09906687643943411,0.054041247024680626,0.22070877050811594,success,C:\Users\YAN_SHU_YU\Desktop\Generative-CD\Q_GNCDM\results\weak_q_lambda_sweep\lq_0p6_ls_0p2_lb_0p9,C:\Users\YAN_SHU_YU\Desktop\Generative-CD\Q_GNCDM\results\weak_q_lambda_sweep\lq_0p6_ls_0p2_lb_0p9\seed_2026\noise_0.20\weak-q_lq_0p6_ls_0p2_lb_0p9\metrics.json
0.6,0.3,0.05,0.0,0.6358333333333334,0.6854374221668742,0.4859176959864381,0.625,0.6934151785714286,0.486931041251954,0.8833333333333333,0.9117647058823529,0.5535714285714286,0.6888888888888889,0.9443905279503106,0.11666666666666667,0.0,0.6666666666666666,28,1,27,0.5893458173130498,0.45281169947349664,0.13978640509374213,0.16235232420943,0.07913134495417277,0.0,success,C:\Users\YAN_SHU_YU\Desktop\Generative-CD\Q_GNCDM\results\weak_q_lambda_sweep\lq_0p6_ls_0p3_lb_0p05,C:\Users\YAN_SHU_YU\Desktop\Generative-CD\Q_GNCDM\results\weak_q_lambda_sweep\lq_0p6_ls_0p3_lb_0p05\seed_2026\noise_0.20\weak-q_lq_0p6_ls_0p3_lb_0p05\metrics.json
0.6,0.3,0.1,0.0,0.6316666666666667,0.6852428393524284,0.4870314382722412,0.63,0.6934598214285714,0.4876937747379074,0.8791666666666667,0.9090909090909091,0.5357142857142857,0.6741573033707865,0.9460403726708074,0.12083333333333333,0.0,0.6666666666666666,29,1,28,0.5864464446450725,0.4453936083750291,0.14465721786925287,0.15625318839694513,0.07382548171462434,0.0006613889735573056,success,C:\Users\YAN_SHU_YU\Desktop\Generative-CD\Q_GNCDM\results\weak_q_lambda_sweep\lq_0p6_ls_0p3_lb_0p1,C:\Users\YAN_SHU_YU\Desktop\Generative-CD\Q_GNCDM\results\weak_q_lambda_sweep\lq_0p6_ls_0p3_lb_0p1\seed_2026\noise_0.20\weak-q_lq_0p6_ls_0p3_lb_0p1\metrics.json
0.6,0.3,0.2,0.0,0.6358333333333334,0.6851066313823163,0.4886102340055948,0.63,0.6918526785714286,0.4888658849807223,0.8875,0.9393939393939394,0.5535714285714286,0.6966292134831461,0.9521545031055901,0.1125,0.0,0.6666666666666666,28,1,27,0.5834496942433444,0.43494948383533594,0.1521509030100071,0.1469359610116843,0.06564439246148775,0.002998532815554151,success,C:\Users\YAN_SHU_YU\Desktop\Generative-CD\Q_GNCDM\results\weak_q_lambda_sweep\lq_0p6_ls_0p3_lb_0p2,C:\Users\YAN_SHU_YU\Desktop\Generative-CD\Q_GNCDM\results\weak_q_lambda_sweep\lq_0p6_ls_0p3_lb_0p2\seed_2026\noise_0.20\weak-q_lq_0p6_ls_0p3_lb_0p2\metrics.json
0.6,0.3,0.3,0.0,0.6425,0.6875138987724605,0.48754311012344886,0.625,0.6921428571428571,0.48961212217199335,0.8791666666666667,0.9354838709677419,0.5178571428571429,0.6666666666666666,0.9591420807453416,0.12083333333333333,0.0,0.6666666666666666,28,1,27,0.5875047224037575,0.43277758992079535,0.15443877537142148,0.14389503679492258,0.06298451633615927,0.0037451062041024366,success,C:\Users\YAN_SHU_YU\Desktop\Generative-CD\Q_GNCDM\results\weak_q_lambda_sweep\lq_0p6_ls_0p3_lb_0p3,C:\Users\YAN_SHU_YU\Desktop\Generative-CD\Q_GNCDM\results\weak_q_lambda_sweep\lq_0p6_ls_0p3_lb_0p3\seed_2026\noise_0.20\weak-q_lq_0p6_ls_0p3_lb_0p3\metrics.json
0.6,0.3,0.4,0.0,0.6391666666666667,0.6871858877423945,0.4882021529317041,0.6266666666666667,0.6921428571428571,0.4901027095017001,0.8791666666666667,0.9354838709677419,0.5178571428571429,0.6666666666666666,0.9631211180124223,0.12083333333333333,0.0,0.6666666666666666,27,0,27,0.5874312334891522,0.42780851505019446,0.15891495482488113,0.1365101786725449,0.058301705359057945,0.010886618768739881,success,C:\Users\YAN_SHU_YU\Desktop\Generative-CD\Q_GNCDM\results\weak_q_lambda_sweep\lq_0p6_ls_0p3_lb_0p4,C:\Users\YAN_SHU_YU\Desktop\Generative-CD\Q_GNCDM\results\weak_q_lambda_sweep\lq_0p6_ls_0p3_lb_0p4\seed_2026\noise_0.20\weak-q_lq_0p6_ls_0p3_lb_0p4\metrics.json
0.6,0.3,0.5,0.0,0.635,0.6914583703967265,0.47931815718294163,0.645,0.6952008928571429,0.482856652776642,0.8583333333333333,0.9583333333333334,0.4107142857142857,0.575,0.9603066770186335,0.14166666666666666,0.0,0.8333333333333334,31,0,31,0.6345666944980621,0.46869990771467035,0.15068364369146753,0.13882056149569424,0.06762086385578821,0.010375321447623499,success,C:\Users\YAN_SHU_YU\Desktop\Generative-CD\Q_GNCDM\results\weak_q_lambda_sweep\lq_0p6_ls_0p3_lb_0p5,C:\Users\YAN_SHU_YU\Desktop\Generative-CD\Q_GNCDM\results\weak_q_lambda_sweep\lq_0p6_ls_0p3_lb_0p5\seed_2026\noise_0.20\weak-q_lq_0p6_ls_0p3_lb_0p5\metrics.json
0.6,0.3,0.6,0.0,0.635,0.6911470378936132,0.47813040238431903,0.6483333333333333,0.6924888392857143,0.4841324046608623,0.8291666666666667,1.0,0.26785714285714285,0.4225352112676056,0.9606948757763975,0.17083333333333334,0.0,1.0,34,0,34,0.6397841631463079,0.47095927234851953,0.1561672861377398,0.12450764339530107,0.06295369441310565,0.05566782826049761,success,C:\Users\YAN_SHU_YU\Desktop\Generative-CD\Q_GNCDM\results\weak_q_lambda_sweep\lq_0p6_ls_0p3_lb_0p6,C:\Users\YAN_SHU_YU\Desktop\Generative-CD\Q_GNCDM\results\weak_q_lambda_sweep\lq_0p6_ls_0p3_lb_0p6\seed_2026\noise_0.20\weak-q_lq_0p6_ls_0p3_lb_0p6\metrics.json
0.6,0.3,0.7,0.0,0.6416666666666667,0.6914528108877425,0.4752550681676706,0.6433333333333333,0.6871986607142857,0.48574670401754244,0.8083333333333333,1.0,0.17857142857142858,0.30303030303030304,0.9354619565217391,0.19166666666666668,0.0,1.0,41,0,41,0.6535077943946376,0.48283663617842126,0.1626127953782226,0.10896140291835323,0.05773579560671792,0.15737112453489593,success,C:\Users\YAN_SHU_YU\Desktop\Generative-CD\Q_GNCDM\results\weak_q_lambda_sweep\lq_0p6_ls_0p3_lb_0p7,C:\Users\YAN_SHU_YU\Desktop\Generative-CD\Q_GNCDM\results\weak_q_lambda_sweep\lq_0p6_ls_0p3_lb_0p7\seed_2026\noise_0.20\weak-q_lq_0p6_ls_0p3_lb_0p7\metrics.json
0.6,0.3,0.8,0.0,0.625,0.6816402775306885,0.4821640035373206,0.6283333333333333,0.6861718749999999,0.4936973543536242,0.8,1.0,0.14285714285714285,0.25,0.9019798136645963,0.2,0.0,1.0,44,0,44,0.659763034546014,0.4897454313256524,0.17087797165820093,0.08964565960746823,0.05074639889326962,0.2896339726267439,success,C:\Users\YAN_SHU_YU\Desktop\Generative-CD\Q_GNCDM\results\weak_q_lambda_sweep\lq_0p6_ls_0p3_lb_0p8,C:\Users\YAN_SHU_YU\Desktop\Generative-CD\Q_GNCDM\results\weak_q_lambda_sweep\lq_0p6_ls_0p3_lb_0p8\seed_2026\noise_0.20\weak-q_lq_0p6_ls_0p3_lb_0p8\metrics.json
0.6,0.3,0.9,0.0,0.6366666666666667,0.6895097624977762,0.4745801780805958,0.635,0.6812946428571429,0.4863491833594616,0.7708333333333334,1.0,0.017857142857142856,0.03508771929824561,0.8334627329192548,0.22916666666666666,0.0,1.0,53,0,53,0.7093687310363307,0.5437246958414713,0.18167513812130148,0.06159138148932746,0.042401699010621414,0.5141772004691038,success,C:\Users\YAN_SHU_YU\Desktop\Generative-CD\Q_GNCDM\results\weak_q_lambda_sweep\lq_0p6_ls_0p3_lb_0p9,C:\Users\YAN_SHU_YU\Desktop\Generative-CD\Q_GNCDM\results\weak_q_lambda_sweep\lq_0p6_ls_0p3_lb_0p9\seed_2026\noise_0.20\weak-q_lq_0p6_ls_0p3_lb_0p9\metrics.json
0.6,0.4,0.05,0.0,0.63,0.6853012141967622,0.4866453481285743,0.6283333333333333,0.6929464285714286,0.48768883723823064,0.8708333333333333,0.9310344827586207,0.48214285714285715,0.6352941176470588,0.9416731366459627,0.12916666666666668,0.0,0.6666666666666666,31,0,31,0.5945241871205244,0.4462350530154777,0.1475235323111216,0.14047834186842947,0.07167348491423058,0.009184343810898788,success,C:\Users\YAN_SHU_YU\Desktop\Generative-CD\Q_GNCDM\results\weak_q_lambda_sweep\lq_0p6_ls_0p4_lb_0p05,C:\Users\YAN_SHU_YU\Desktop\Generative-CD\Q_GNCDM\results\weak_q_lambda_sweep\lq_0p6_ls_0p4_lb_0p05\seed_2026\noise_0.20\weak-q_lq_0p6_ls_0p4_lb_0p05\metrics.json
0.6,0.4,0.1,0.0,0.64,0.6859655755203702,0.4831513141042027,0.6383333333333333,0.6910491071428572,0.49080874913928746,0.8666666666666667,0.9615384615384616,0.44642857142857145,0.6097560975609756,0.9428377329192547,0.13333333333333333,0.0,0.8333333333333334,29,0,29,0.6198038043397845,0.4681919763485591,0.14279576684489395,0.145681438572479,0.07661780511791055,0.0036859189258944807,success,C:\Users\YAN_SHU_YU\Desktop\Generative-CD\Q_GNCDM\results\weak_q_lambda_sweep\lq_0p6_ls_0p4_lb_0p1,C:\Users\YAN_SHU_YU\Desktop\Generative-CD\Q_GNCDM\results\weak_q_lambda_sweep\lq_0p6_ls_0p4_lb_0p1\seed_2026\noise_0.20\weak-q_lq_0p6_ls_0p4_lb_0p1\metrics.json
0.6,0.4,0.2,0.0,0.64,0.6862463307240705,0.4837451024537546,0.63,0.690513392857143,0.49182437409697294,0.8666666666666667,0.9615384615384616,0.44642857142857145,0.6097560975609756,0.9480784161490683,0.13333333333333333,0.0,0.8333333333333334,30,0,30,0.6193656207937183,0.46123769292325684,0.14896160499616104,0.13686601569255194,0.07002280584790489,0.01255775461763595,success,C:\Users\YAN_SHU_YU\Desktop\Generative-CD\Q_GNCDM\results\weak_q_lambda_sweep\lq_0p6_ls_0p4_lb_0p2,C:\Users\YAN_SHU_YU\Desktop\Generative-CD\Q_GNCDM\results\weak_q_lambda_sweep\lq_0p6_ls_0p4_lb_0p2\seed_2026\noise_0.20\weak-q_lq_0p6_ls_0p4_lb_0p2\metrics.json
0.6,0.4,0.3,0.0,0.6391666666666667,0.6863158245863725,0.48394801556051525,0.6316666666666667,0.6884151785714286,0.49295460794875645,0.85,0.9545454545454546,0.375,0.5384615384615384,0.9519604037267081,0.15,0.0,0.8333333333333334,34,0,34,0.6214143344850251,0.45806035670367157,0.15397660930951437,0.12870831290880838,0.06494892828843811,0.03050139035578027,success,C:\Users\YAN_SHU_YU\Desktop\Generative-CD\Q_GNCDM\results\weak_q_lambda_sweep\lq_0p6_ls_0p4_lb_0p3,C:\Users\YAN_SHU_YU\Desktop\Generative-CD\Q_GNCDM\results\weak_q_lambda_sweep\lq_0p6_ls_0p4_lb_0p3\seed_2026\noise_0.20\weak-q_lq_0p6_ls_0p4_lb_0p3\metrics.json
0.6,0.4,0.4,0.0,0.6383333333333333,0.69277041451699,0.47620093353507276,0.6333333333333333,0.694296875,0.48017581831729983,0.8041666666666667,0.9090909090909091,0.17857142857142858,0.29850746268656714,0.9549689440993789,0.19583333333333333,0.0,0.8333333333333334,39,0,39,0.6555883794119863,0.48724546035130817,0.15064212386355255,0.12535829119610065,0.06953583364233826,0.05687043810206832,success,C:\Users\YAN_SHU_YU\Desktop\Generative-CD\Q_GNCDM\results\weak_q_lambda_sweep\lq_0p6_ls_0p4_lb_0p4,C:\Users\YAN_SHU_YU\Desktop\Generative-CD\Q_GNCDM\results\weak_q_lambda_sweep\lq_0p6_ls_0p4_lb_0p4\seed_2026\noise_0.20\weak-q_lq_0p6_ls_0p4_lb_0p4\metrics.json
0.6,0.4,0.5,0.0,0.64,0.6918642145525709,0.4754766867886945,0.6383333333333333,0.6929575892857143,0.48038261461219667,0.8041666666666667,1.0,0.16071428571428573,0.27692307692307694,0.9533190993788819,0.19583333333333333,0.0,1.0,41,0,41,0.662506847670584,0.4916336978926803,0.157433485668717,0.11172318277936993,0.06344756043770096,0.13964213024486194,success,C:\Users\YAN_SHU_YU\Desktop\Generative-CD\Q_GNCDM\results\weak_q_lambda_sweep\lq_0p6_ls_0p4_lb_0p5,C:\Users\YAN_SHU_YU\Desktop\Generative-CD\Q_GNCDM\results\weak_q_lambda_sweep\lq_0p6_ls_0p4_lb_0p5\seed_2026\noise_0.20\weak-q_lq_0p6_ls_0p4_lb_0p5\metrics.json
0.6,0.4,0.6,0.0,0.645,0.6908329256360077,0.47482101776879015,0.6383333333333333,0.6894084821428572,0.480637306785356,0.7875,1.0,0.08928571428571429,0.16393442622950818,0.9308035714285714,0.2125,0.0,1.0,48,0,48,0.6803121955105753,0.5085970813577826,0.16495411707596344,0.09633886656074812,0.057011805079651603,0.2552690090555133,success,C:\Users\YAN_SHU_YU\Desktop\Generative-CD\Q_GNCDM\results\weak_q_lambda_sweep\lq_0p6_ls_0p4_lb_0p6,C:\Users\YAN_SHU_YU\Desktop\Generative-CD\Q_GNCDM\results\weak_q_lambda_sweep\lq_0p6_ls_0p4_lb_0p6\seed_2026\noise_0.20\weak-q_lq_0p6_ls_0p4_lb_0p6\metrics.json
0.6,0.4,0.7,0.0,0.6383333333333333,0.684192092154421,0.4796497892000567,0.6466666666666666,0.6873214285714285,0.490554874623494,0.7916666666666666,1.0,0.10714285714285714,0.1935483870967742,0.8968361801242236,0.20833333333333334,0.0,1.0,49,0,49,0.6664777312314871,0.4960175400430506,0.17549028179862283,0.08095909971179384,0.04683195793944778,0.36494387686252594,success,C:\Users\YAN_SHU_YU\Desktop\Generative-CD\Q_GNCDM\results\weak_q_lambda_sweep\lq_0p6_ls_0p4_lb_0p7,C:\Users\YAN_SHU_YU\Desktop\Generative-CD\Q_GNCDM\results\weak_q_lambda_sweep\lq_0p6_ls_0p4_lb_0p7\seed_2026\noise_0.20\weak-q_lq_0p6_ls_0p4_lb_0p7\metrics.json
0.6,0.4,0.8,0.0,0.645,0.6880198140900197,0.47533811447715113,0.645,0.6886607142857143,0.48313510558261724,0.7833333333333333,1.0,0.07142857142857142,0.13333333333333333,0.843944099378882,0.21666666666666667,0.0,1.0,53,0,53,0.7237405903411634,0.5568061750946622,0.18304553266727563,0.05998134821879141,0.041393186445489075,0.5266788674123359,success,C:\Users\YAN_SHU_YU\Desktop\Generative-CD\Q_GNCDM\results\weak_q_lambda_sweep\lq_0p6_ls_0p4_lb_0p8,C:\Users\YAN_SHU_YU\Desktop\Generative-CD\Q_GNCDM\results\weak_q_lambda_sweep\lq_0p6_ls_0p4_lb_0p8\seed_2026\noise_0.20\weak-q_lq_0p6_ls_0p4_lb_0p8\metrics.json
0.6,0.4,0.9,0.0,0.6416666666666667,0.6866660736523751,0.47956068367526883,0.65,0.6892745535714286,0.48231477615580864,0.775,1.0,0.03571428571428571,0.06896551724137931,0.7854231366459627,0.225,0.0,1.0,53,0,53,0.73016285535061,0.567281701799595,0.19348092715848575,0.04569109280904134,0.03168461804814411,0.6400246927232454,success,C:\Users\YAN_SHU_YU\Desktop\Generative-CD\Q_GNCDM\results\weak_q_lambda_sweep\lq_0p6_ls_0p4_lb_0p9,C:\Users\YAN_SHU_YU\Desktop\Generative-CD\Q_GNCDM\results\weak_q_lambda_sweep\lq_0p6_ls_0p4_lb_0p9\seed_2026\noise_0.20\weak-q_lq_0p6_ls_0p4_lb_0p9\metrics.json
0.6,0.5,0.05,0.0,0.6375,0.684895370040918,0.48642540723176453,0.6283333333333333,0.6912053571428571,0.4876596674404403,0.85,0.9545454545454546,0.375,0.5384615384615384,0.9415760869565217,0.15,0.0,0.8333333333333334,36,0,36,0.6048380795753363,0.44786132285089203,0.1524624526500702,0.12426062120181142,0.06737943027507175,0.046936453743414444,success,C:\Users\YAN_SHU_YU\Desktop\Generative-CD\Q_GNCDM\results\weak_q_lambda_sweep\lq_0p6_ls_0p5_lb_0p05,C:\Users\YAN_SHU_YU\Desktop\Generative-CD\Q_GNCDM\results\weak_q_lambda_sweep\lq_0p6_ls_0p5_lb_0p05\seed_2026\noise_0.20\weak-q_lq_0p6_ls_0p5_lb_0p05\metrics.json
0.6,0.5,0.1,0.0,0.6383333333333333,0.6852539583703967,0.482767100018106,0.64,0.6892187500000001,0.49120796308542203,0.825,0.9375,0.26785714285714285,0.4166666666666667,0.9432259316770187,0.175,0.0,0.8333333333333334,37,0,37,0.6336331579721335,0.4737091940460783,0.1483332444772576,0.12746732433636984,0.07190349133628787,0.03731841407716274,success,C:\Users\YAN_SHU_YU\Desktop\Generative-CD\Q_GNCDM\results\weak_q_lambda_sweep\lq_0p6_ls_0p5_lb_0p1,C:\Users\YAN_SHU_YU\Desktop\Generative-CD\Q_GNCDM\results\weak_q_lambda_sweep\lq_0p6_ls_0p5_lb_0p1\seed_2026\noise_0.20\weak-q_lq_0p6_ls_0p5_lb_0p1\metrics.json
0.6,0.5,0.2,0.0,0.6433333333333333,0.6843783357053905,0.48305060844621717,0.6316666666666667,0.6870200892857142,0.4925589565229739,0.8166666666666667,0.9285714285714286,0.23214285714285715,0.37142857142857144,0.9441964285714286,0.18333333333333332,0.0,0.8333333333333334,38,0,38,0.6366849799047817,0.4715767602125804,0.1539147085312641,0.11896821258194519,0.06637644733894955,0.07417062015244455,success,C:\Users\YAN_SHU_YU\Desktop\Generative-CD\Q_GNCDM\results\weak_q_lambda_sweep\lq_0p6_ls_0p5_lb_0p2,C:\Users\YAN_SHU_YU\Desktop\Generative-CD\Q_GNCDM\results\weak_q_lambda_sweep\lq_0p6_ls_0p5_lb_0p2\seed_2026\noise_0.20\weak-q_lq_0p6_ls_0p5_lb_0p2\metrics.json
0.6,0.5,0.3,0.0,0.6416666666666667,0.6925563734210994,0.47494364424698826,0.6433333333333333,0.6921540178571428,0.4786994131698643,0.7958333333333333,0.8888888888888888,0.14285714285714285,0.24615384615384617,0.9517663043478262,0.20416666666666666,0.0,0.8333333333333334,44,0,44,0.6702177867744908,0.5005035242348006,0.15270155329595914,0.11491274957855542,0.06878982348875566,0.1222332241860303,success,C:\Users\YAN_SHU_YU\Desktop\Generative-CD\Q_GNCDM\results\weak_q_lambda_sweep\lq_0p6_ls_0p5_lb_0p3,C:\Users\YAN_SHU_YU\Desktop\Generative-CD\Q_GNCDM\results\weak_q_lambda_sweep\lq_0p6_ls_0p5_lb_0p3\seed_2026\noise_0.20\weak-q_lq_0p6_ls_0p5_lb_0p3\metrics.json
0.6,0.5,0.4,0.0,0.6425,0.6909413360611991,0.4748087206422683,0.6466666666666666,0.6924441964285715,0.47826516596334945,0.8,1.0,0.14285714285714285,0.25,0.9465256211180124,0.2,0.0,1.0,47,0,47,0.6790325199112748,0.5069202803301088,0.15990403497760947,0.1026574479359569,0.06210271974630428,0.20886769190882193,success,C:\Users\YAN_SHU_YU\Desktop\Generative-CD\Q_GNCDM\results\weak_q_lambda_sweep\lq_0p6_ls_0p5_lb_0p4,C:\Users\YAN_SHU_YU\Desktop\Generative-CD\Q_GNCDM\results\weak_q_lambda_sweep\lq_0p6_ls_0p5_lb_0p4\seed_2026\noise_0.20\weak-q_lq_0p6_ls_0p5_lb_0p4\metrics.json
0.6,0.5,0.5,0.0,0.6341666666666667,0.6834888142679238,0.4815946647124697,0.6383333333333333,0.6840736607142858,0.49165095962109273,0.7958333333333333,1.0,0.125,0.2222222222222222,0.9173136645962733,0.20416666666666666,0.0,1.0,49,0,49,0.6597958997343526,0.48784340782599017,0.17142770100723614,0.08774251332788756,0.05044922830932068,0.30805749017180817,success,C:\Users\YAN_SHU_YU\Desktop\Generative-CD\Q_GNCDM\results\weak_q_lambda_sweep\lq_0p6_ls_0p5_lb_0p5,C:\Users\YAN_SHU_YU\Desktop\Generative-CD\Q_GNCDM\results\weak_q_lambda_sweep\lq_0p6_ls_0p5_lb_0p5\seed_2026\noise_0.20\weak-q_lq_0p6_ls_0p5_lb_0p5\metrics.json
0.6,0.5,0.6,0.0,0.6441666666666667,0.6865131871553105,0.4788513975970581,0.645,0.6866964285714284,0.4882050120778017,0.7916666666666666,1.0,0.10714285714285714,0.1935483870967742,0.8925659937888198,0.20833333333333334,0.0,1.0,50,0,50,0.6795697103847157,0.508207050688339,0.17804311102989948,0.07528808893579425,0.04482122262318929,0.4079718129201369,success,C:\Users\YAN_SHU_YU\Desktop\Generative-CD\Q_GNCDM\results\weak_q_lambda_sweep\lq_0p6_ls_0p5_lb_0p6,C:\Users\YAN_SHU_YU\Desktop\Generative-CD\Q_GNCDM\results\weak_q_lambda_sweep\lq_0p6_ls_0p5_lb_0p6\seed_2026\noise_0.20\weak-q_lq_0p6_ls_0p5_lb_0p6\metrics.json
0.6,0.5,0.7,0.0,0.6458333333333334,0.6867800435865504,0.4761731355494598,0.6483333333333333,0.6855580357142858,0.48473784462287256,0.7833333333333333,1.0,0.07142857142857142,0.13333333333333333,0.8540372670807453,0.21666666666666667,0.0,1.0,52,0,52,0.7204943976619027,0.5518253490780339,0.18445654326316083,0.06015130866206053,0.03988494221685511,0.5263501929514336,success,C:\Users\YAN_SHU_YU\Desktop\Generative-CD\Q_GNCDM\results\weak_q_lambda_sweep\lq_0p6_ls_0p5_lb_0p7,C:\Users\YAN_SHU_YU\Desktop\Generative-CD\Q_GNCDM\results\weak_q_lambda_sweep\lq_0p6_ls_0p5_lb_0p7\seed_2026\noise_0.20\weak-q_lq_0p6_ls_0p5_lb_0p7\metrics.json
0.6,0.5,0.8,0.0,0.645,0.6870107632093934,0.47661579054441927,0.645,0.6871540178571429,0.47700788866656507,0.7791666666666667,1.0,0.05357142857142857,0.1016949152542373,0.7987189440993788,0.22083333333333333,0.0,1.0,53,0,53,0.7341241990074967,0.5693962849450834,0.19310636253971042,0.04641525797320135,0.03207056410610676,0.6335007963758527,success,C:\Users\YAN_SHU_YU\Desktop\Generative-CD\Q_GNCDM\results\weak_q_lambda_sweep\lq_0p6_ls_0p5_lb_0p8,C:\Users\YAN_SHU_YU\Desktop\Generative-CD\Q_GNCDM\results\weak_q_lambda_sweep\lq_0p6_ls_0p5_lb_0p8\seed_2026\noise_0.20\weak-q_lq_0p6_ls_0p5_lb_0p8\metrics.json
0.6,0.5,0.9,0.0,0.6458333333333334,0.68756671410781,0.4753736021004154,0.645,0.6821540178571428,0.4784560253080845,0.7791666666666667,1.0,0.05357142857142857,0.1016949152542373,0.7534937888198758,0.22083333333333333,0.0,1.0,54,0,54,0.7384632970347549,0.5768050555929993,0.20046759464524008,0.037832447243007744,0.024957172939497414,0.7014731710607355,success,C:\Users\YAN_SHU_YU\Desktop\Generative-CD\Q_GNCDM\results\weak_q_lambda_sweep\lq_0p6_ls_0p5_lb_0p9,C:\Users\YAN_SHU_YU\Desktop\Generative-CD\Q_GNCDM\results\weak_q_lambda_sweep\lq_0p6_ls_0p5_lb_0p9\seed_2026\noise_0.20\weak-q_lq_0p6_ls_0p5_lb_0p9\metrics.json
0.6,0.6,0.05,0.0,0.6341666666666667,0.6840336461483721,0.48210976685331125,0.6366666666666667,0.686484375,0.4906658733256521,0.8083333333333333,0.9166666666666666,0.19642857142857142,0.3235294117647059,0.9387616459627329,0.19166666666666668,0.0,0.8333333333333334,41,0,41,0.6473246103886402,0.48363581254626764,0.15204247471058008,0.11500456658276645,0.06921129730163199,0.1000980840939464,success,C:\Users\YAN_SHU_YU\Desktop\Generative-CD\Q_GNCDM\results\weak_q_lambda_sweep\lq_0p6_ls_0p6_lb_0p05,C:\Users\YAN_SHU_YU\Desktop\Generative-CD\Q_GNCDM\results\weak_q_lambda_sweep\lq_0p6_ls_0p6_lb_0p05\seed_2026\noise_0.20\weak-q_lq_0p6_ls_0p6_lb_0p05\metrics.json
0.6,0.6,0.1,0.0,0.6416666666666667,0.6918669943070628,0.474534225387575,0.645,0.692299107142857,0.4773633360003867,0.8,1.0,0.14285714285714285,0.25,0.95118400621118,0.2,0.0,1.0,45,0,45,0.6755699009606333,0.508667740406412,0.14771817737456525,0.11804015799002214,0.07447148204752893,0.10636314851316539,success,C:\Users\YAN_SHU_YU\Desktop\Generative-CD\Q_GNCDM\results\weak_q_lambda_sweep\lq_0p6_ls_0p6_lb_0p1,C:\Users\YAN_SHU_YU\Desktop\Generative-CD\Q_GNCDM\results\weak_q_lambda_sweep\lq_0p6_ls_0p6_lb_0p1\seed_2026\noise_0.20\weak-q_lq_0p6_ls_0p6_lb_0p1\metrics.json
0.6,0.6,0.2,0.0,0.645,0.6919198096424124,0.47438104828116223,0.6483333333333333,0.6918303571428571,0.47757730154745553,0.8,1.0,0.14285714285714285,0.25,0.9485636645962733,0.2,0.0,1.0,46,0,46,0.6815219088034197,0.5107632500655723,0.15498277364355145,0.10715147243304686,0.06739050003163742,0.17702701981320526,success,C:\Users\YAN_SHU_YU\Desktop\Generative-CD\Q_GNCDM\results\weak_q_lambda_sweep\lq_0p6_ls_0p6_lb_0p2,C:\Users\YAN_SHU_YU\Desktop\Generative-CD\Q_GNCDM\results\weak_q_lambda_sweep\lq_0p6_ls_0p6_lb_0p2\seed_2026\noise_0.20\weak-q_lq_0p6_ls_0p6_lb_0p2\metrics.json
0.6,0.6,0.3,0.0,0.6475,0.692375689379114,0.47415964942363387,0.6316666666666667,0.6873214285714285,0.4791005898799702,0.8,1.0,0.14285714285714285,0.25,0.9404114906832298,0.2,0.0,1.0,49,0,49,0.6912506340128003,0.5181678799968777,0.16234307871623474,0.09595638570008856,0.060343568523724876,0.25818282185178815,success,C:\Users\YAN_SHU_YU\Desktop\Generative-CD\Q_GNCDM\results\weak_q_lambda_sweep\lq_0p6_ls_0p6_lb_0p3,C:\Users\YAN_SHU_YU\Desktop\Generative-CD\Q_GNCDM\results\weak_q_lambda_sweep\lq_0p6_ls_0p6_lb_0p3\seed_2026\noise_0.20\weak-q_lq_0p6_ls_0p6_lb_0p3\metrics.json
0.6,0.6,0.4,0.0,0.6358333333333334,0.6860767657000534,0.4796660195094609,0.6466666666666666,0.6856249999999999,0.4893827669843683,0.7958333333333333,1.0,0.125,0.2222222222222222,0.9098408385093169,0.20416666666666666,0.0,1.0,50,0,50,0.6722782299374089,0.49927362393249164,0.17303790445580627,0.08233826821952155,0.04944722992226933,0.34956189944888605,success,C:\Users\YAN_SHU_YU\Desktop\Generative-CD\Q_GNCDM\results\weak_q_lambda_sweep\lq_0p6_ls_0p6_lb_0p4,C:\Users\YAN_SHU_YU\Desktop\Generative-CD\Q_GNCDM\results\weak_q_lambda_sweep\lq_0p6_ls_0p6_lb_0p4\seed_2026\noise_0.20\weak-q_lq_0p6_ls_0p6_lb_0p4\metrics.json
0.6,0.6,0.5,0.0,0.6458333333333334,0.6877307196228428,0.4757074060300954,0.6333333333333333,0.6912165178571429,0.4755481012121292,0.7875,1.0,0.08928571428571429,0.16393442622950818,0.8964479813664596,0.2125,0.0,1.0,51,0,51,0.7106025652451948,0.5374989956617355,0.1774716912345453,0.07239835472269492,0.04636307862220389,0.4350090198444598,success,C:\Users\YAN_SHU_YU\Desktop\Generative-CD\Q_GNCDM\results\weak_q_lambda_sweep\lq_0p6_ls_0p6_lb_0p5,C:\Users\YAN_SHU_YU\Desktop\Generative-CD\Q_GNCDM\results\weak_q_lambda_sweep\lq_0p6_ls_0p6_lb_0p5\seed_2026\noise_0.20\weak-q_lq_0p6_ls_0p6_lb_0p5\metrics.json
0.6,0.6,0.6,0.0,0.6466666666666666,0.6870191024728696,0.47633858958937614,0.645,0.6831808035714285,0.48575574876840566,0.7833333333333333,1.0,0.07142857142857142,0.13333333333333333,0.858889751552795,0.21666666666666667,0.0,1.0,51,0,51,0.71102953860254,0.539984610044595,0.18574774874882263,0.061010965117902466,0.038316161117770454,0.5216019343246113,success,C:\Users\YAN_SHU_YU\Desktop\Generative-CD\Q_GNCDM\results\weak_q_lambda_sweep\lq_0p6_ls_0p6_lb_0p6,C:\Users\YAN_SHU_YU\Desktop\Generative-CD\Q_GNCDM\results\weak_q_lambda_sweep\lq_0p6_ls_0p6_lb_0p6\seed_2026\noise_0.20\weak-q_lq_0p6_ls_0p6_lb_0p6\metrics.json
0.6,0.6,0.7,0.0,0.6441666666666667,0.6862074141611811,0.47510737678564,0.6483333333333333,0.6867857142857143,0.4820506352355672,0.7791666666666667,1.0,0.05357142857142857,0.1016949152542373,0.8145380434782609,0.22083333333333333,0.0,1.0,53,0,53,0.7446208668477607,0.5779241621494293,0.1921854310415008,0.04699894125488671,0.03312296448557666,0.6292722008445046,success,C:\Users\YAN_SHU_YU\Desktop\Generative-CD\Q_GNCDM\results\weak_q_lambda_sweep\lq_0p6_ls_0p6_lb_0p7,C:\Users\YAN_SHU_YU\Desktop\Generative-CD\Q_GNCDM\results\weak_q_lambda_sweep\lq_0p6_ls_0p6_lb_0p7\seed_2026\noise_0.20\weak-q_lq_0p6_ls_0p6_lb_0p7\metrics.json
0.6,0.6,0.8,0.0,0.6375,0.6851928037715709,0.4805021782402524,0.6333333333333333,0.6843973214285713,0.4832645740100757,0.7791666666666667,1.0,0.05357142857142857,0.1016949152542373,0.7634899068322981,0.22083333333333333,0.0,1.0,54,0,54,0.7387173546083046,0.5749582323161039,0.19953510978005148,0.03876669891178608,0.025972543764069225,0.6939042716315298,success,C:\Users\YAN_SHU_YU\Desktop\Generative-CD\Q_GNCDM\results\weak_q_lambda_sweep\lq_0p6_ls_0p6_lb_0p8,C:\Users\YAN_SHU_YU\Desktop\Generative-CD\Q_GNCDM\results\weak_q_lambda_sweep\lq_0p6_ls_0p6_lb_0p8\seed_2026\noise_0.20\weak-q_lq_0p6_ls_0p6_lb_0p8\metrics.json
0.6,0.6,0.9,0.0,0.6433333333333333,0.6855374933285892,0.4755514991128598,0.655,0.681171875,0.4776818185156255,0.7791666666666667,1.0,0.05357142857142857,0.1016949152542373,0.7245729813664596,0.22083333333333333,0.0,1.0,54,0,54,0.7454857961698012,0.5840824481212732,0.20444767899585492,0.0327714081627853,0.021190995294036286,0.740506733005697,success,C:\Users\YAN_SHU_YU\Desktop\Generative-CD\Q_GNCDM\results\weak_q_lambda_sweep\lq_0p6_ls_0p6_lb_0p9,C:\Users\YAN_SHU_YU\Desktop\Generative-CD\Q_GNCDM\results\weak_q_lambda_sweep\lq_0p6_ls_0p6_lb_0p9\seed_2026\noise_0.20\weak-q_lq_0p6_ls_0p6_lb_0p9\metrics.json
0.6,0.7,0.05,0.0,0.6425,0.6927898727984345,0.4738907350687063,0.6383333333333333,0.6871093750000001,0.47925810517138806,0.8,1.0,0.14285714285714285,0.25,0.9464285714285715,0.2,0.0,1.0,48,0,48,0.6884649043733423,0.5186641121452505,0.1537565024513187,0.10584437169811943,0.06911658563397148,0.18628753157276096,success,C:\Users\YAN_SHU_YU\Desktop\Generative-CD\Q_GNCDM\results\weak_q_lambda_sweep\lq_0p6_ls_0p7_lb_0p05,C:\Users\YAN_SHU_YU\Desktop\Generative-CD\Q_GNCDM\results\weak_q_lambda_sweep\lq_0p6_ls_0p7_lb_0p05\seed_2026\noise_0.20\weak-q_lq_0p6_ls_0p7_lb_0p05\metrics.json
0.6,0.7,0.1,0.0,0.645,0.6926953611457036,0.4738790661561928,0.63,0.686796875,0.4791076720946564,0.8,1.0,0.14285714285714285,0.25,0.9440023291925466,0.2,0.0,1.0,48,0,48,0.6918414036432902,0.520313229524728,0.1573086069388823,0.10082652352072975,0.06564439686410355,0.22136941032879281,success,C:\Users\YAN_SHU_YU\Desktop\Generative-CD\Q_GNCDM\results\weak_q_lambda_sweep\lq_0p6_ls_0p7_lb_0p1,C:\Users\YAN_SHU_YU\Desktop\Generative-CD\Q_GNCDM\results\weak_q_lambda_sweep\lq_0p6_ls_0p7_lb_0p1\seed_2026\noise_0.20\weak-q_lq_0p6_ls_0p7_lb_0p1\metrics.json
0.6,0.7,0.2,0.0,0.65,0.6920421188400641,0.47397521041136015,0.6266666666666667,0.68765625,0.4778644280474898,0.7916666666666666,1.0,0.10714285714285714,0.1935483870967742,0.9353649068322981,0.20833333333333334,0.0,1.0,50,0,50,0.7012303588968335,0.5273634669455615,0.1639973164507837,0.09088571493824323,0.05924247002059763,0.2948236438361081,success,C:\Users\YAN_SHU_YU\Desktop\Generative-CD\Q_GNCDM\results\weak_q_lambda_sweep\lq_0p6_ls_0p7_lb_0p2,C:\Users\YAN_SHU_YU\Desktop\Generative-CD\Q_GNCDM\results\weak_q_lambda_sweep\lq_0p6_ls_0p7_lb_0p2\seed_2026\noise_0.20\weak-q_lq_0p6_ls_0p7_lb_0p2\metrics.json
0.6,0.7,0.3,0.0,0.6383333333333333,0.688000355808575,0.4783488774939314,0.6416666666666667,0.6849107142857143,0.48790402779893066,0.7958333333333333,1.0,0.125,0.2222222222222222,0.9046972049689441,0.20416666666666666,0.0,1.0,50,0,50,0.681190600900939,0.5073174662662275,0.1744809536771341,0.07806651000723694,0.0484600133177909,0.3826979633533593,success,C:\Users\YAN_SHU_YU\Desktop\Generative-CD\Q_GNCDM\results\weak_q_lambda_sweep\lq_0p6_ls_0p7_lb_0p3,C:\Users\YAN_SHU_YU\Desktop\Generative-CD\Q_GNCDM\results\weak_q_lambda_sweep\lq_0p6_ls_0p7_lb_0p3\seed_2026\noise_0.20\weak-q_lq_0p6_ls_0p7_lb_0p3\metrics.json
0.6,0.7,0.4,0.0,0.6441666666666667,0.6881977183775129,0.4755073890915017,0.635,0.6906361607142857,0.4750083214581372,0.7875,1.0,0.08928571428571429,0.16393442622950818,0.8956715838509316,0.2125,0.0,1.0,51,0,51,0.7157870395617052,0.5415267262494925,0.17842251446210977,0.06992245917067383,0.04565269262953238,0.4536083521264972,success,C:\Users\YAN_SHU_YU\Desktop\Generative-CD\Q_GNCDM\results\weak_q_lambda_sweep\lq_0p6_ls_0p7_lb_0p4,C:\Users\YAN_SHU_YU\Desktop\Generative-CD\Q_GNCDM\results\weak_q_lambda_sweep\lq_0p6_ls_0p7_lb_0p4\seed_2026\noise_0.20\weak-q_lq_0p6_ls_0p7_lb_0p4\metrics.json
0.6,0.7,0.5,0.0,0.6408333333333334,0.6887175324675323,0.475038636252213,0.64,0.6868191964285715,0.47734002144950677,0.775,1.0,0.03571428571428571,0.06896551724137931,0.8651979813664596,0.225,0.0,1.0,51,0,51,0.7276942829291025,0.5549477654876132,0.18533992993109155,0.05997800008591377,0.03911593093565016,0.5294524855685957,success,C:\Users\YAN_SHU_YU\Desktop\Generative-CD\Q_GNCDM\results\weak_q_lambda_sweep\lq_0p6_ls_0p7_lb_0p5,C:\Users\YAN_SHU_YU\Desktop\Generative-CD\Q_GNCDM\results\weak_q_lambda_sweep\lq_0p6_ls_0p7_lb_0p5\seed_2026\noise_0.20\weak-q_lq_0p6_ls_0p7_lb_0p5\metrics.json
0.6,0.7,0.6,0.0,0.6425,0.6863797589396905,0.47554388471155923,0.6483333333333333,0.6846763392857143,0.48330411790150946,0.7791666666666667,1.0,0.05357142857142857,0.1016949152542373,0.8239518633540373,0.22083333333333333,0.0,1.0,52,0,52,0.741710673679005,0.5727835446596146,0.19129579491687543,0.04834652934787852,0.03384511900896376,0.6177285990931771,success,C:\Users\YAN_SHU_YU\Desktop\Generative-CD\Q_GNCDM\results\weak_q_lambda_sweep\lq_0p6_ls_0p7_lb_0p6,C:\Users\YAN_SHU_YU\Desktop\Generative-CD\Q_GNCDM\results\weak_q_lambda_sweep\lq_0p6_ls_0p7_lb_0p6\seed_2026\noise_0.20\weak-q_lq_0p6_ls_0p7_lb_0p6\metrics.json
0.6,0.7,0.7,0.0,0.6358333333333334,0.68536514855008,0.4816410279256904,0.635,0.6833816964285714,0.4840462520839797,0.7791666666666667,1.0,0.05357142857142857,0.1016949152542373,0.7757181677018635,0.22083333333333333,0.0,1.0,54,0,54,0.7362022517305432,0.570575466210192,0.19853345440192657,0.03952821253827124,0.026909944742466465,0.6869749336531668,success,C:\Users\YAN_SHU_YU\Desktop\Generative-CD\Q_GNCDM\results\weak_q_lambda_sweep\lq_0p6_ls_0p7_lb_0p7,C:\Users\YAN_SHU_YU\Desktop\Generative-CD\Q_GNCDM\results\weak_q_lambda_sweep\lq_0p6_ls_0p7_lb_0p7\seed_2026\noise_0.20\weak-q_lq_0p6_ls_0p7_lb_0p7\metrics.json
0.6,0.7,0.8,0.0,0.6316666666666667,0.6843032823341043,0.47987181545225294,0.6433333333333333,0.6874218750000001,0.48109861096281525,0.775,1.0,0.03571428571428571,0.06896551724137931,0.7390333850931677,0.225,0.0,1.0,54,0,54,0.7462090335109017,0.5826691389083862,0.2031447065599037,0.03371617903537823,0.02256468017444466,0.7330917842460402,success,C:\Users\YAN_SHU_YU\Desktop\Generative-CD\Q_GNCDM\results\weak_q_lambda_sweep\lq_0p6_ls_0p7_lb_0p8,C:\Users\YAN_SHU_YU\Desktop\Generative-CD\Q_GNCDM\results\weak_q_lambda_sweep\lq_0p6_ls_0p7_lb_0p8\seed_2026\noise_0.20\weak-q_lq_0p6_ls_0p7_lb_0p8\metrics.json
0.6,0.7,0.9,0.0,0.6416666666666667,0.6848675724959972,0.47573616845865285,0.6483333333333333,0.6846651785714286,0.475740593377544,0.7791666666666667,1.0,0.05357142857142857,0.1016949152542373,0.705551242236025,0.22083333333333333,0.0,1.0,54,0,54,0.7505222504789179,0.5890628325216698,0.20707357607104562,0.029162095718537315,0.018668675428312836,0.7682855625947317,success,C:\Users\YAN_SHU_YU\Desktop\Generative-CD\Q_GNCDM\results\weak_q_lambda_sweep\lq_0p6_ls_0p7_lb_0p9,C:\Users\YAN_SHU_YU\Desktop\Generative-CD\Q_GNCDM\results\weak_q_lambda_sweep\lq_0p6_ls_0p7_lb_0p9\seed_2026\noise_0.20\weak-q_lq_0p6_ls_0p7_lb_0p9\metrics.json
0.6,0.8,0.05,0.0,0.6408333333333334,0.6898933686176836,0.47575733475557114,0.6283333333333333,0.6852120535714286,0.47881395226703405,0.8,1.0,0.14285714285714285,0.25,0.9304153726708074,0.2,0.0,1.0,49,0,49,0.6927602029207981,0.5194690638419354,0.16391227281454837,0.08996857759175879,0.05937822338080767,0.2962299756931536,success,C:\Users\YAN_SHU_YU\Desktop\Generative-CD\Q_GNCDM\results\weak_q_lambda_sweep\lq_0p6_ls_0p8_lb_0p05,C:\Users\YAN_SHU_YU\Desktop\Generative-CD\Q_GNCDM\results\weak_q_lambda_sweep\lq_0p6_ls_0p8_lb_0p05\seed_2026\noise_0.20\weak-q_lq_0p6_ls_0p8_lb_0p05\metrics.json
0.6,0.8,0.1,0.0,0.6433333333333333,0.6897821784380004,0.4757788341343107,0.6316666666666667,0.6867745535714285,0.4780080674556739,0.7958333333333333,1.0,0.125,0.2222222222222222,0.9250776397515528,0.20416666666666666,0.0,1.0,50,0,50,0.6970775967294519,0.5227700408661005,0.1669928293788072,0.08558677644892172,0.0564243680599964,0.32978536956238025,success,C:\Users\YAN_SHU_YU\Desktop\Generative-CD\Q_GNCDM\results\weak_q_lambda_sweep\lq_0p6_ls_0p8_lb_0p1,C:\Users\YAN_SHU_YU\Desktop\Generative-CD\Q_GNCDM\results\weak_q_lambda_sweep\lq_0p6_ls_0p8_lb_0p1\seed_2026\noise_0.20\weak-q_lq_0p6_ls_0p8_lb_0p1\metrics.json
0.6,0.8,0.2,0.0,0.6416666666666667,0.6893123999288382,0.47734004971730737,0.64,0.6840848214285714,0.4869539426455548,0.7958333333333333,1.0,0.125,0.2222222222222222,0.9012034161490683,0.20416666666666666,0.0,1.0,50,0,50,0.6881512656356349,0.5134469464872823,0.17576310941667267,0.07467626317432433,0.04752719549067093,0.40917465406836884,success,C:\Users\YAN_SHU_YU\Desktop\Generative-CD\Q_GNCDM\results\weak_q_lambda_sweep\lq_0p6_ls_0p8_lb_0p2,C:\Users\YAN_SHU_YU\Desktop\Generative-CD\Q_GNCDM\results\weak_q_lambda_sweep\lq_0p6_ls_0p8_lb_0p2\seed_2026\noise_0.20\weak-q_lq_0p6_ls_0p8_lb_0p2\metrics.json
0.6,0.8,0.3,0.0,0.6441666666666667,0.6889315735634229,0.4769707071465547,0.6383333333333333,0.6849888392857142,0.48497097990134663,0.7916666666666666,1.0,0.10714285714285714,0.1935483870967742,0.8847049689440993,0.20833333333333334,0.0,1.0,50,0,50,0.6996413658965718,0.5250777520916678,0.1815517736655293,0.06620488157778075,0.0422287912418445,0.4779967792106397,success,C:\Users\YAN_SHU_YU\Desktop\Generative-CD\Q_GNCDM\results\weak_q_lambda_sweep\lq_0p6_ls_0p8_lb_0p3,C:\Users\YAN_SHU_YU\Desktop\Generative-CD\Q_GNCDM\results\weak_q_lambda_sweep\lq_0p6_ls_0p8_lb_0p3\seed_2026\noise_0.20\weak-q_lq_0p6_ls_0p8_lb_0p3\metrics.json
0.6,0.8,0.4,0.0,0.6433333333333333,0.68696628713752,0.474713395810577,0.6466666666666666,0.6900223214285713,0.47492185979029544,0.775,1.0,0.03571428571428571,0.06896551724137931,0.8687888198757764,0.225,0.0,1.0,51,0,51,0.7378523566506126,0.5638531568375501,0.18397249191096335,0.05906638819159883,0.04090647128495303,0.5337613026301066,success,C:\Users\YAN_SHU_YU\Desktop\Generative-CD\Q_GNCDM\results\weak_q_lambda_sweep\lq_0p6_ls_0p8_lb_0p4,C:\Users\YAN_SHU_YU\Desktop\Generative-CD\Q_GNCDM\results\weak_q_lambda_sweep\lq_0p6_ls_0p8_lb_0p4\seed_2026\noise_0.20\weak-q_lq_0p6_ls_0p8_lb_0p4\metrics.json
0.6,0.8,0.5,0.0,0.645,0.6864520325564847,0.4757545140654178,0.6433333333333333,0.681830357142857,0.4851481596829634,0.7791666666666667,1.0,0.05357142857142857,0.1016949152542373,0.831230590062112,0.22083333333333333,0.0,1.0,52,0,52,0.7370676452463324,0.5656368095766414,0.19105558774688028,0.049817048351873054,0.033887672209829994,0.6052945761969595,success,C:\Users\YAN_SHU_YU\Desktop\Generative-CD\Q_GNCDM\results\weak_q_lambda_sweep\lq_0p6_ls_0p8_lb_0p5,C:\Users\YAN_SHU_YU\Desktop\Generative-CD\Q_GNCDM\results\weak_q_lambda_sweep\lq_0p6_ls_0p8_lb_0p5\seed_2026\noise_0.20\weak-q_lq_0p6_ls_0p8_lb_0p5\metrics.json
0.6,0.8,0.6,0.0,0.6466666666666666,0.6857459749154955,0.4774076051857075,0.645,0.6870647321428571,0.47675147930406125,0.7791666666666667,1.0,0.05357142857142857,0.1016949152542373,0.7889169254658385,0.22083333333333333,0.0,1.0,54,0,54,0.7427372697627905,0.575330214066939,0.19748832443446823,0.04015704549171708,0.02798069959901499,0.6819000686659957,success,C:\Users\YAN_SHU_YU\Desktop\Generative-CD\Q_GNCDM\results\weak_q_lambda_sweep\lq_0p6_ls_0p8_lb_0p6,C:\Users\YAN_SHU_YU\Desktop\Generative-CD\Q_GNCDM\results\weak_q_lambda_sweep\lq_0p6_ls_0p8_lb_0p6\seed_2026\noise_0.20\weak-q_lq_0p6_ls_0p8_lb_0p6\metrics.json
0.6,0.8,0.7,0.0,0.63,0.6839863903220067,0.4808513895510083,0.6433333333333333,0.6871986607142857,0.4815065968345216,0.7791666666666667,1.0,0.05357142857142857,0.1016949152542373,0.7521350931677019,0.22083333333333333,0.0,1.0,54,0,54,0.7452360039407556,0.5799809125336733,0.20249993805632446,0.03441835640732086,0.02317205232314088,0.7272957464059194,success,C:\Users\YAN_SHU_YU\Desktop\Generative-CD\Q_GNCDM\results\weak_q_lambda_sweep\lq_0p6_ls_0p8_lb_0p7,C:\Users\YAN_SHU_YU\Desktop\Generative-CD\Q_GNCDM\results\weak_q_lambda_sweep\lq_0p6_ls_0p8_lb_0p7\seed_2026\noise_0.20\weak-q_lq_0p6_ls_0p8_lb_0p7\metrics.json
0.6,0.8,0.8,0.0,0.6366666666666667,0.6834387786870664,0.47966512779171555,0.6533333333333333,0.6926450892857143,0.47882780723982354,0.7708333333333334,1.0,0.017857142857142856,0.03508771929824561,0.7204968944099379,0.22916666666666666,0.0,1.0,54,0,54,0.7516277757557955,0.5881996832110665,0.2057055248455568,0.029881163754246452,0.02012480233767719,0.7620884414875146,success,C:\Users\YAN_SHU_YU\Desktop\Generative-CD\Q_GNCDM\results\weak_q_lambda_sweep\lq_0p6_ls_0p8_lb_0p8,C:\Users\YAN_SHU_YU\Desktop\Generative-CD\Q_GNCDM\results\weak_q_lambda_sweep\lq_0p6_ls_0p8_lb_0p8\seed_2026\noise_0.20\weak-q_lq_0p6_ls_0p8_lb_0p8\metrics.json
0.6,0.8,0.9,0.0,0.63,0.6836139032200677,0.47877901318169813,0.6533333333333333,0.6909040178571428,0.4783641559479169,0.7666666666666667,0.0,0.0,0.0,0.6988548136645963,0.23333333333333334,0.0,1.0,54,0,54,0.7572319426319816,0.5951650088483637,0.20827030819473843,0.02656855947817817,0.017610995945605366,0.787451524626125,success,C:\Users\YAN_SHU_YU\Desktop\Generative-CD\Q_GNCDM\results\weak_q_lambda_sweep\lq_0p6_ls_0p8_lb_0p9,C:\Users\YAN_SHU_YU\Desktop\Generative-CD\Q_GNCDM\results\weak_q_lambda_sweep\lq_0p6_ls_0p8_lb_0p9\seed_2026\noise_0.20\weak-q_lq_0p6_ls_0p8_lb_0p9\metrics.json
0.6,0.9,0.05,0.0,0.6408333333333334,0.6899239459170965,0.47694444910982564,0.64,0.6818861607142858,0.4873887322371948,0.7958333333333333,1.0,0.125,0.2222222222222222,0.905764751552795,0.20416666666666666,0.0,1.0,51,0,51,0.6886403072964061,0.5138238546523181,0.1740740995967027,0.07545122097839009,0.04931780916046013,0.40137352229970874,success,C:\Users\YAN_SHU_YU\Desktop\Generative-CD\Q_GNCDM\results\weak_q_lambda_sweep\lq_0p6_ls_0p9_lb_0p05,C:\Users\YAN_SHU_YU\Desktop\Generative-CD\Q_GNCDM\results\weak_q_lambda_sweep\lq_0p6_ls_0p9_lb_0p05\seed_2026\noise_0.20\weak-q_lq_0p6_ls_0p9_lb_0p05\metrics.json
0.6,0.9,0.1,0.0,0.6433333333333333,0.6900462551147483,0.47669574783240637,0.6366666666666667,0.6831584821428571,0.4863617769403905,0.7958333333333333,1.0,0.125,0.2222222222222222,0.8980007763975155,0.20416666666666666,0.0,1.0,51,0,51,0.6936872149958755,0.5182808348626802,0.17675024925759344,0.07186300871950208,0.046795228609081474,0.4298096014694734,success,C:\Users\YAN_SHU_YU\Desktop\Generative-CD\Q_GNCDM\results\weak_q_lambda_sweep\lq_0p6_ls_0p9_lb_0p1,C:\Users\YAN_SHU_YU\Desktop\Generative-CD\Q_GNCDM\results\weak_q_lambda_sweep\lq_0p6_ls_0p9_lb_0p1\seed_2026\noise_0.20\weak-q_lq_0p6_ls_0p9_lb_0p1\metrics.json
0.6,0.9,0.2,0.0,0.6441666666666667,0.6891094778509163,0.47654133434350066,0.6433333333333333,0.6856473214285714,0.4844397681656206,0.7916666666666666,1.0,0.10714285714285714,0.1935483870967742,0.8821816770186335,0.20833333333333334,0.0,1.0,51,0,51,0.7045160766803857,0.5288627603740403,0.1823202728322058,0.06436987988876575,0.0416413296691396,0.491532821095351,success,C:\Users\YAN_SHU_YU\Desktop\Generative-CD\Q_GNCDM\results\weak_q_lambda_sweep\lq_0p6_ls_0p9_lb_0p2,C:\Users\YAN_SHU_YU\Desktop\Generative-CD\Q_GNCDM\results\weak_q_lambda_sweep\lq_0p6_ls_0p9_lb_0p2\seed_2026\noise_0.20\weak-q_lq_0p6_ls_0p9_lb_0p2\metrics.json
0.6,0.9,0.3,0.0,0.645,0.688570205479452,0.4750616749132134,0.64,0.6884486607142857,0.47663107866153664,0.775,1.0,0.03571428571428571,0.06896551724137931,0.8686917701863354,0.225,0.0,1.0,52,0,52,0.7325019141038259,0.5573487755927172,0.1862368475307118,0.05764717128918027,0.038428590266090454,0.5457659977855105,success,C:\Users\YAN_SHU_YU\Desktop\Generative-CD\Q_GNCDM\results\weak_q_lambda_sweep\lq_0p6_ls_0p9_lb_0p3,C:\Users\YAN_SHU_YU\Desktop\Generative-CD\Q_GNCDM\results\weak_q_lambda_sweep\lq_0p6_ls_0p9_lb_0p3\seed_2026\noise_0.20\weak-q_lq_0p6_ls_0p9_lb_0p3\metrics.json
0.6,0.9,0.4,0.0,0.6466666666666666,0.6865826810176126,0.47581399402721447,0.6416666666666667,0.6812220982142857,0.485783035277195,0.7791666666666667,1.0,0.05357142857142857,0.1016949152542373,0.8358889751552795,0.22083333333333333,0.0,1.0,52,0,52,0.7341497766249108,0.5607332347920446,0.19148567725311627,0.050196712497960434,0.033370220638585815,0.6015103974125602,success,C:\Users\YAN_SHU_YU\Desktop\Generative-CD\Q_GNCDM\results\weak_q_lambda_sweep\lq_0p6_ls_0p9_lb_0p4,C:\Users\YAN_SHU_YU\Desktop\Generative-CD\Q_GNCDM\results\weak_q_lambda_sweep\lq_0p6_ls_0p9_lb_0p4\seed_2026\noise_0.20\weak-q_lq_0p6_ls_0p9_lb_0p4\metrics.json
0.6,0.9,0.5,0.0,0.6441666666666667,0.6859655755203701,0.47767505582153574,0.6433333333333333,0.6858147321428572,0.47765883955876176,0.7791666666666667,1.0,0.05357142857142857,0.1016949152542373,0.7979425465838509,0.22083333333333333,0.0,1.0,53,0,53,0.7398212055365244,0.5702658264022885,0.19651914816914182,0.041380406442013656,0.028803050376926407,0.6714342344890941,success,C:\Users\YAN_SHU_YU\Desktop\Generative-CD\Q_GNCDM\results\weak_q_lambda_sweep\lq_0p6_ls_0p9_lb_0p5,C:\Users\YAN_SHU_YU\Desktop\Generative-CD\Q_GNCDM\results\weak_q_lambda_sweep\lq_0p6_ls_0p9_lb_0p5\seed_2026\noise_0.20\weak-q_lq_0p6_ls_0p9_lb_0p5\metrics.json
0.6,0.9,0.6,0.0,0.6333333333333333,0.6841781933819604,0.4814904422450973,0.6416666666666667,0.6875669642857143,0.4815768794799385,0.7791666666666667,1.0,0.05357142857142857,0.1016949152542373,0.7614518633540373,0.22083333333333333,0.0,1.0,54,0,54,0.7447496616479122,0.5780630513574138,0.20188358900221912,0.03477296007402016,0.02376797693696889,0.72386905912197,success,C:\Users\YAN_SHU_YU\Desktop\Generative-CD\Q_GNCDM\results\weak_q_lambda_sweep\lq_0p6_ls_0p9_lb_0p6,C:\Users\YAN_SHU_YU\Desktop\Generative-CD\Q_GNCDM\results\weak_q_lambda_sweep\lq_0p6_ls_0p9_lb_0p6\seed_2026\noise_0.20\weak-q_lq_0p6_ls_0p9_lb_0p6\metrics.json
0.6,0.9,0.7,0.0,0.635,0.6829801191958726,0.4802046105978773,0.65,0.6911160714285713,0.47947498315221504,0.775,1.0,0.03571428571428571,0.06896551724137931,0.7302018633540373,0.225,0.0,1.0,54,0,54,0.7507572562405558,0.5856784974986856,0.20502064828619812,0.030573168176818977,0.020786451260474594,0.7562106820670041,success,C:\Users\YAN_SHU_YU\Desktop\Generative-CD\Q_GNCDM\results\weak_q_lambda_sweep\lq_0p6_ls_0p9_lb_0p7,C:\Users\YAN_SHU_YU\Desktop\Generative-CD\Q_GNCDM\results\weak_q_lambda_sweep\lq_0p6_ls_0p9_lb_0p7\seed_2026\noise_0.20\weak-q_lq_0p6_ls_0p9_lb_0p7\metrics.json
0.6,0.9,0.8,0.0,0.64,0.684859233232521,0.47796329170027724,0.6566666666666666,0.6894866071428571,0.4745207091177856,0.7791666666666667,1.0,0.05357142857142857,0.1016949152542373,0.7039013975155278,0.22083333333333333,0.0,1.0,54,0,54,0.7537225511941043,0.5903720232573423,0.20826071591088266,0.027092915677437275,0.01751308605977983,0.7835263853723352,success,C:\Users\YAN_SHU_YU\Desktop\Generative-CD\Q_GNCDM\results\weak_q_lambda_sweep\lq_0p6_ls_0p9_lb_0p8,C:\Users\YAN_SHU_YU\Desktop\Generative-CD\Q_GNCDM\results\weak_q_lambda_sweep\lq_0p6_ls_0p9_lb_0p8\seed_2026\noise_0.20\weak-q_lq_0p6_ls_0p9_lb_0p8\metrics.json
0.6,0.9,0.9,0.0,0.6433333333333333,0.6799474070450098,0.4784009982809988,0.6533333333333333,0.6922544642857141,0.4725993287233002,0.7666666666666667,0.5,0.017857142857142856,0.034482758620689655,0.6806094720496895,0.23333333333333334,0.0,1.0,57,1,56,0.7593195022958698,0.5978781309994784,0.2112046301816449,0.023199536216755707,0.015376675267224058,0.8150796818010735,success,C:\Users\YAN_SHU_YU\Desktop\Generative-CD\Q_GNCDM\results\weak_q_lambda_sweep\lq_0p6_ls_0p9_lb_0p9,C:\Users\YAN_SHU_YU\Desktop\Generative-CD\Q_GNCDM\results\weak_q_lambda_sweep\lq_0p6_ls_0p9_lb_0p9\seed_2026\noise_0.20\weak-q_lq_0p6_ls_0p9_lb_0p9\metrics.json
0.7,0.05,0.05,0.0,0.635,0.6838335038249422,0.4763073010426285,0.62,0.6710714285714285,0.4792269888254692,0.9291666666666667,0.8679245283018868,0.8214285714285714,0.8440366972477065,0.9522515527950313,0.07083333333333333,0.0,0.6666666666666666,12,2,10,0.6418277761249831,0.6026390321326979,0.00954121265165282,0.4189911209272616,0.23120678103331363,0.0,success,C:\Users\YAN_SHU_YU\Desktop\Generative-CD\Q_GNCDM\results\weak_q_lambda_sweep\lq_0p7_ls_0p05_lb_0p05,C:\Users\YAN_SHU_YU\Desktop\Generative-CD\Q_GNCDM\results\weak_q_lambda_sweep\lq_0p7_ls_0p05_lb_0p05\seed_2026\noise_0.20\weak-q_lq_0p7_ls_0p05_lb_0p05\metrics.json
0.7,0.05,0.1,0.0,0.6391666666666667,0.6843227406155488,0.4762327763063477,0.625,0.6718973214285714,0.47915702892465917,0.9291666666666667,0.8823529411764706,0.8035714285714286,0.8411214953271028,0.9548718944099379,0.07083333333333333,0.0,0.6666666666666666,12,2,10,0.6522744830810663,0.5992366486426556,0.014700114204915184,0.40728586279984674,0.22383460199291055,0.0,success,C:\Users\YAN_SHU_YU\Desktop\Generative-CD\Q_GNCDM\results\weak_q_lambda_sweep\lq_0p7_ls_0p05_lb_0p1,C:\Users\YAN_SHU_YU\Desktop\Generative-CD\Q_GNCDM\results\weak_q_lambda_sweep\lq_0p7_ls_0p05_lb_0p1\seed_2026\noise_0.20\weak-q_lq_0p7_ls_0p05_lb_0p1\metrics.json
0.7,0.05,0.2,0.0,0.6283333333333333,0.6753691513965487,0.48461009496227475,0.6316666666666667,0.6841741071428572,0.48114822902890825,0.925,0.8958333333333334,0.7678571428571429,0.8269230769230769,0.9581715838509316,0.075,0.0,0.6666666666666666,14,2,12,0.6285575835993795,0.5286247508995461,0.08018847024350455,0.30076573834274756,0.14381309395486658,0.0,success,C:\Users\YAN_SHU_YU\Desktop\Generative-CD\Q_GNCDM\results\weak_q_lambda_sweep\lq_0p7_ls_0p05_lb_0p2,C:\Users\YAN_SHU_YU\Desktop\Generative-CD\Q_GNCDM\results\weak_q_lambda_sweep\lq_0p7_ls_0p05_lb_0p2\seed_2026\noise_0.20\weak-q_lq_0p7_ls_0p05_lb_0p2\metrics.json
0.7,0.05,0.3,0.0,0.6358333333333334,0.6808814045543498,0.49094459113247985,0.6416666666666667,0.6957477678571428,0.4850859921751716,0.9208333333333333,0.9302325581395349,0.7142857142857143,0.8080808080808081,0.9562305900621118,0.07916666666666666,0.0,0.6666666666666666,16,1,15,0.5948237921252395,0.4666003774512898,0.12788358172684006,0.23651464847904263,0.0895972413321336,0.0,success,C:\Users\YAN_SHU_YU\Desktop\Generative-CD\Q_GNCDM\results\weak_q_lambda_sweep\lq_0p7_ls_0p05_lb_0p3,C:\Users\YAN_SHU_YU\Desktop\Generative-CD\Q_GNCDM\results\weak_q_lambda_sweep\lq_0p7_ls_0p05_lb_0p3\seed_2026\noise_0.20\weak-q_lq_0p7_ls_0p05_lb_0p3\metrics.json
0.7,0.05,0.4,0.0,0.6366666666666667,0.6849009295499022,0.49109309082785835,0.63,0.6968415178571429,0.48770454532061736,0.925,0.9318181818181818,0.7321428571428571,0.82,0.9612771739130435,0.075,0.0,0.6666666666666666,15,1,14,0.582625793688225,0.44197112231543567,0.14637447600111816,0.21145782439094601,0.06904912277153044,0.0,success,C:\Users\YAN_SHU_YU\Desktop\Generative-CD\Q_GNCDM\results\weak_q_lambda_sweep\lq_0p7_ls_0p05_lb_0p4,C:\Users\YAN_SHU_YU\Desktop\Generative-CD\Q_GNCDM\results\weak_q_lambda_sweep\lq_0p7_ls_0p05_lb_0p4\seed_2026\noise_0.20\weak-q_lq_0p7_ls_0p05_lb_0p4\metrics.json
0.7,0.05,0.5,0.0,0.64,0.6851705657356342,0.49297603439676846,0.6366666666666667,0.6974999999999999,0.4885228819978064,0.9291666666666667,0.9534883720930233,0.7321428571428571,0.8282828282828283,0.9685559006211181,0.07083333333333333,0.0,0.6666666666666666,15,0,15,0.5772753931356199,0.42865462826960016,0.16025972434065558,0.196062166130904,0.05327169743902756,0.0,success,C:\Users\YAN_SHU_YU\Desktop\Generative-CD\Q_GNCDM\results\weak_q_lambda_sweep\lq_0p7_ls_0p05_lb_0p5,C:\Users\YAN_SHU_YU\Desktop\Generative-CD\Q_GNCDM\results\weak_q_lambda_sweep\lq_0p7_ls_0p05_lb_0p5\seed_2026\noise_0.20\weak-q_lq_0p7_ls_0p05_lb_0p5\metrics.json
0.7,0.05,0.6,0.0,0.6425,0.6862435509695782,0.49364768646389284,0.635,0.6970647321428571,0.4903757231810535,0.9291666666666667,0.9534883720930233,0.7321428571428571,0.8282828282828283,0.9714673913043479,0.07083333333333333,0.0,0.6666666666666666,16,0,16,0.5711598274382678,0.4173634350299835,0.1680865635474523,0.18836908223051013,0.044528900335232414,0.0,success,C:\Users\YAN_SHU_YU\Desktop\Generative-CD\Q_GNCDM\results\weak_q_lambda_sweep\lq_0p7_ls_0p05_lb_0p6,C:\Users\YAN_SHU_YU\Desktop\Generative-CD\Q_GNCDM\results\weak_q_lambda_sweep\lq_0p7_ls_0p05_lb_0p6\seed_2026\noise_0.20\weak-q_lq_0p7_ls_0p05_lb_0p6\metrics.json
0.7,0.05,0.7,0.0,0.6425,0.6876584460060488,0.4938951936949958,0.6433333333333333,0.696328125,0.4923956318648125,0.9375,0.9767441860465116,0.75,0.8484848484848485,0.9738936335403727,0.0625,0.0,0.8333333333333334,15,0,15,0.5681872349796873,0.41054267820083734,0.1730900497147531,0.1862729462710294,0.03881124153055928,0.0,success,C:\Users\YAN_SHU_YU\Desktop\Generative-CD\Q_GNCDM\results\weak_q_lambda_sweep\lq_0p7_ls_0p05_lb_0p7,C:\Users\YAN_SHU_YU\Desktop\Generative-CD\Q_GNCDM\results\weak_q_lambda_sweep\lq_0p7_ls_0p05_lb_0p7\seed_2026\noise_0.20\weak-q_lq_0p7_ls_0p05_lb_0p7\metrics.json
0.7,0.05,0.8,0.0,0.6333333333333333,0.6869412693470912,0.4945222542976602,0.6483333333333333,0.6950223214285713,0.4935672136085567,0.9416666666666667,0.9772727272727273,0.7678571428571429,0.86,0.9754464285714285,0.058333333333333334,0.0,0.8333333333333334,15,0,15,0.5691088596076677,0.408775759917317,0.17822557191054025,0.1886946978894147,0.03267557890803525,0.0,success,C:\Users\YAN_SHU_YU\Desktop\Generative-CD\Q_GNCDM\results\weak_q_lambda_sweep\lq_0p7_ls_0p05_lb_0p8,C:\Users\YAN_SHU_YU\Desktop\Generative-CD\Q_GNCDM\results\weak_q_lambda_sweep\lq_0p7_ls_0p05_lb_0p8\seed_2026\noise_0.20\weak-q_lq_0p7_ls_0p05_lb_0p8\metrics.json
0.7,0.05,0.9,0.0,0.6316666666666667,0.6843088418430884,0.49546367449302914,0.6533333333333333,0.6968080357142856,0.49142260710301006,0.9416666666666667,0.9565217391304348,0.7857142857142857,0.8627450980392157,0.9744759316770186,0.058333333333333334,0.0,0.6666666666666666,14,1,13,0.5749742212620649,0.4128146027073716,0.18170470270243558,0.19703828724044742,0.027904903403285778,0.0,success,C:\Users\YAN_SHU_YU\Desktop\Generative-CD\Q_GNCDM\results\weak_q_lambda_sweep\lq_0p7_ls_0p05_lb_0p9,C:\Users\YAN_SHU_YU\Desktop\Generative-CD\Q_GNCDM\results\weak_q_lambda_sweep\lq_0p7_ls_0p05_lb_0p9\seed_2026\noise_0.20\weak-q_lq_0p7_ls_0p05_lb_0p9\metrics.json
0.7,0.1,0.05,0.0,0.6383333333333333,0.6815624444049102,0.47563073332791517,0.6266666666666667,0.6730803571428572,0.47791462632511716,0.8791666666666667,0.7872340425531915,0.6607142857142857,0.7184466019417476,0.8961568322981367,0.12083333333333333,0.0,0.8333333333333334,19,2,17,0.6653095998547294,0.6061529183026516,0.012624721889468756,0.3895011508103573,0.22738507773840066,0.0,success,C:\Users\YAN_SHU_YU\Desktop\Generative-CD\Q_GNCDM\results\weak_q_lambda_sweep\lq_0p7_ls_0p1_lb_0p05,C:\Users\YAN_SHU_YU\Desktop\Generative-CD\Q_GNCDM\results\weak_q_lambda_sweep\lq_0p7_ls_0p1_lb_0p05\seed_2026\noise_0.20\weak-q_lq_0p7_ls_0p1_lb_0p05\metrics.json
0.7,0.1,0.1,0.0,0.6383333333333333,0.6819432707703256,0.475504181358283,0.6283333333333333,0.6738616071428573,0.4778283878683228,0.875,0.7708333333333334,0.6607142857142857,0.7115384615384616,0.9011063664596273,0.125,0.0,0.6666666666666666,19,2,17,0.6761786486163284,0.6047099756472039,0.015934144965175426,0.3804921620722973,0.22265551713379947,0.0,success,C:\Users\YAN_SHU_YU\Desktop\Generative-CD\Q_GNCDM\results\weak_q_lambda_sweep\lq_0p7_ls_0p1_lb_0p1,C:\Users\YAN_SHU_YU\Desktop\Generative-CD\Q_GNCDM\results\weak_q_lambda_sweep\lq_0p7_ls_0p1_lb_0p1\seed_2026\noise_0.20\weak-q_lq_0p7_ls_0p1_lb_0p1\metrics.json
0.7,0.1,0.2,0.0,0.6366666666666667,0.6798890322006761,0.4898210733529342,0.6433333333333333,0.6946205357142857,0.4839297344863524,0.9208333333333333,0.9302325581395349,0.7142857142857143,0.8080808080808081,0.9521545031055901,0.07916666666666666,0.0,0.6666666666666666,16,1,15,0.6056701549977968,0.4796717460408355,0.11805586245926944,0.23163883297732382,0.10097711160779,0.0,success,C:\Users\YAN_SHU_YU\Desktop\Generative-CD\Q_GNCDM\results\weak_q_lambda_sweep\lq_0p7_ls_0p1_lb_0p2,C:\Users\YAN_SHU_YU\Desktop\Generative-CD\Q_GNCDM\results\weak_q_lambda_sweep\lq_0p7_ls_0p1_lb_0p2\seed_2026\noise_0.20\weak-q_lq_0p7_ls_0p1_lb_0p2\metrics.json
0.7,0.1,0.3,0.0,0.6316666666666667,0.6833053504714464,0.4912972316360332,0.6333333333333333,0.6953683035714286,0.48828523663172246,0.9166666666666666,0.9285714285714286,0.6964285714285714,0.7959183673469388,0.9573951863354038,0.08333333333333333,0.0,0.6666666666666666,18,1,17,0.5872354453260248,0.44615142905350885,0.13943605915163504,0.2022637225913279,0.07750801674344322,0.0,success,C:\Users\YAN_SHU_YU\Desktop\Generative-CD\Q_GNCDM\results\weak_q_lambda_sweep\lq_0p7_ls_0p1_lb_0p3,C:\Users\YAN_SHU_YU\Desktop\Generative-CD\Q_GNCDM\results\weak_q_lambda_sweep\lq_0p7_ls_0p1_lb_0p3\seed_2026\noise_0.20\weak-q_lq_0p7_ls_0p1_lb_0p3\metrics.json
0.7,0.1,0.4,0.0,0.6325,0.6842727050346914,0.492705051915518,0.625,0.6942522321428571,0.48934459832486904,0.9125,0.9487179487179487,0.6607142857142857,0.7789473684210526,0.9621506211180124,0.0875,0.0,0.6666666666666666,19,0,19,0.5830112822128065,0.4324648276422963,0.15297826063452344,0.18558669203158581,0.062257506574193634,0.0,success,C:\Users\YAN_SHU_YU\Desktop\Generative-CD\Q_GNCDM\results\weak_q_lambda_sweep\lq_0p7_ls_0p1_lb_0p4,C:\Users\YAN_SHU_YU\Desktop\Generative-CD\Q_GNCDM\results\weak_q_lambda_sweep\lq_0p7_ls_0p1_lb_0p4\seed_2026\noise_0.20\weak-q_lq_0p7_ls_0p1_lb_0p4\metrics.json
0.7,0.1,0.5,0.0,0.6275,0.6856848203166697,0.49123046080979627,0.6366666666666667,0.6968638392857144,0.4860506553119218,0.9125,0.9487179487179487,0.6607142857142857,0.7789473684210526,0.9709821428571428,0.0875,0.0,0.6666666666666666,18,0,18,0.5926851855986046,0.4354940183234937,0.15794206726731677,0.18504839142163595,0.05625376788278421,0.0,success,C:\Users\YAN_SHU_YU\Desktop\Generative-CD\Q_GNCDM\results\weak_q_lambda_sweep\lq_0p7_ls_0p1_lb_0p5,C:\Users\YAN_SHU_YU\Desktop\Generative-CD\Q_GNCDM\results\weak_q_lambda_sweep\lq_0p7_ls_0p1_lb_0p5\seed_2026\noise_0.20\weak-q_lq_0p7_ls_0p1_lb_0p5\metrics.json
0.7,0.1,0.6,0.0,0.6341666666666667,0.6845812577833126,0.4896979472609708,0.635,0.6960825892857143,0.49107040289731885,0.9125,0.9487179487179487,0.6607142857142857,0.7789473684210526,0.9748641304347825,0.0875,0.0,0.6666666666666666,18,0,18,0.5951833490169409,0.432542443727002,0.16200862395944018,0.18395450395165067,0.05139902815448515,0.0,success,C:\Users\YAN_SHU_YU\Desktop\Generative-CD\Q_GNCDM\results\weak_q_lambda_sweep\lq_0p7_ls_0p1_lb_0p6,C:\Users\YAN_SHU_YU\Desktop\Generative-CD\Q_GNCDM\results\weak_q_lambda_sweep\lq_0p7_ls_0p1_lb_0p6\seed_2026\noise_0.20\weak-q_lq_0p7_ls_0p1_lb_0p6\metrics.json
0.7,0.1,0.7,0.0,0.6325,0.6838001467710371,0.49081817589451815,0.6366666666666667,0.6956026785714285,0.49184891367347067,0.9125,0.9487179487179487,0.6607142857142857,0.7789473684210526,0.9749611801242236,0.0875,0.0,0.6666666666666666,19,0,19,0.5931122262369503,0.42624126690806763,0.1674115818106767,0.17923199611179758,0.0453709378612764,0.0,success,C:\Users\YAN_SHU_YU\Desktop\Generative-CD\Q_GNCDM\results\weak_q_lambda_sweep\lq_0p7_ls_0p1_lb_0p7,C:\Users\YAN_SHU_YU\Desktop\Generative-CD\Q_GNCDM\results\weak_q_lambda_sweep\lq_0p7_ls_0p1_lb_0p7\seed_2026\noise_0.20\weak-q_lq_0p7_ls_0p1_lb_0p7\metrics.json
0.7,0.1,0.8,0.0,0.6416666666666667,0.6844728473581214,0.4926792227419995,0.6433333333333333,0.6991071428571429,0.4864764593861717,0.9125,0.926829268292683,0.6785714285714286,0.7835051546391752,0.9748641304347827,0.0875,0.0,0.5,18,0,18,0.6015181410493273,0.4304794172445933,0.16928827356208453,0.18284735309355188,0.042815241567564735,0.0,success,C:\Users\YAN_SHU_YU\Desktop\Generative-CD\Q_GNCDM\results\weak_q_lambda_sweep\lq_0p7_ls_0p1_lb_0p8,C:\Users\YAN_SHU_YU\Desktop\Generative-CD\Q_GNCDM\results\weak_q_lambda_sweep\lq_0p7_ls_0p1_lb_0p8\seed_2026\noise_0.20\weak-q_lq_0p7_ls_0p1_lb_0p8\metrics.json
0.7,0.1,0.9,0.0,0.6341666666666667,0.6833887431062089,0.4939740087808126,0.6483333333333333,0.7007142857142857,0.4861459638883449,0.9125,0.926829268292683,0.6785714285714286,0.7835051546391752,0.9740877329192547,0.0875,0.0,0.5,16,0,16,0.6030469216180571,0.4292372045191852,0.1739103254495245,0.18422705657554395,0.037388659844344314,0.0,success,C:\Users\YAN_SHU_YU\Desktop\Generative-CD\Q_GNCDM\results\weak_q_lambda_sweep\lq_0p7_ls_0p1_lb_0p9,C:\Users\YAN_SHU_YU\Desktop\Generative-CD\Q_GNCDM\results\weak_q_lambda_sweep\lq_0p7_ls_0p1_lb_0p9\seed_2026\noise_0.20\weak-q_lq_0p7_ls_0p1_lb_0p9\metrics.json
0.7,0.2,0.05,0.0,0.6408333333333334,0.6843449786514856,0.4746257926336971,0.635,0.6754017857142858,0.47734132962631287,0.8083333333333333,0.7777777777777778,0.25,0.3783783783783784,0.8985830745341613,0.19166666666666668,0.0,0.8333333333333334,31,1,30,0.6981841804403247,0.6022219594680902,0.03130926694156545,0.3192439345699368,0.2039389197121967,0.0,success,C:\Users\YAN_SHU_YU\Desktop\Generative-CD\Q_GNCDM\results\weak_q_lambda_sweep\lq_0p7_ls_0p2_lb_0p05,C:\Users\YAN_SHU_YU\Desktop\Generative-CD\Q_GNCDM\results\weak_q_lambda_sweep\lq_0p7_ls_0p2_lb_0p05\seed_2026\noise_0.20\weak-q_lq_0p7_ls_0p2_lb_0p05\metrics.json
0.7,0.2,0.1,0.0,0.6408333333333334,0.6846868884540117,0.4744017122611562,0.6383333333333333,0.6768805803571427,0.4770787614537836,0.8166666666666667,0.8,0.2857142857142857,0.42105263157894735,0.9029503105590062,0.18333333333333332,0.0,0.8333333333333334,30,1,29,0.7064056974468809,0.5989513284329212,0.037901431886535705,0.306834107095545,0.19556545985467505,0.0,success,C:\Users\YAN_SHU_YU\Desktop\Generative-CD\Q_GNCDM\results\weak_q_lambda_sweep\lq_0p7_ls_0p2_lb_0p1,C:\Users\YAN_SHU_YU\Desktop\Generative-CD\Q_GNCDM\results\weak_q_lambda_sweep\lq_0p7_ls_0p2_lb_0p1\seed_2026\noise_0.20\weak-q_lq_0p7_ls_0p2_lb_0p1\metrics.json
0.7,0.2,0.2,0.0,0.6316666666666667,0.6837278731542431,0.4873439526236601,0.6266666666666667,0.6948772321428571,0.4867093613121554,0.8958333333333334,0.918918918918919,0.6071428571428571,0.7311827956989247,0.9524456521739131,0.10416666666666667,0.0,0.6666666666666666,24,1,23,0.6000261934417667,0.4512322590206609,0.1373319842598655,0.1827126612717455,0.080595059489662,0.0,success,C:\Users\YAN_SHU_YU\Desktop\Generative-CD\Q_GNCDM\results\weak_q_lambda_sweep\lq_0p7_ls_0p2_lb_0p2,C:\Users\YAN_SHU_YU\Desktop\Generative-CD\Q_GNCDM\results\weak_q_lambda_sweep\lq_0p7_ls_0p2_lb_0p2\seed_2026\noise_0.20\weak-q_lq_0p7_ls_0p2_lb_0p2\metrics.json
0.7,0.2,0.3,0.0,0.6333333333333333,0.6843866749688666,0.48925263955760084,0.6266666666666667,0.6939062500000001,0.48826026004049206,0.9041666666666667,0.9459459459459459,0.625,0.7526881720430108,0.9585597826086956,0.09583333333333334,0.0,0.6666666666666666,24,0,24,0.5952589371890733,0.4370825042327245,0.14839990278988174,0.16889667781916531,0.068390526893464,0.0,success,C:\Users\YAN_SHU_YU\Desktop\Generative-CD\Q_GNCDM\results\weak_q_lambda_sweep\lq_0p7_ls_0p2_lb_0p3,C:\Users\YAN_SHU_YU\Desktop\Generative-CD\Q_GNCDM\results\weak_q_lambda_sweep\lq_0p7_ls_0p2_lb_0p3\seed_2026\noise_0.20\weak-q_lq_0p7_ls_0p2_lb_0p3\metrics.json
0.7,0.2,0.4,0.0,0.6375,0.6849092688133783,0.4870993020658938,0.6316666666666667,0.6935714285714285,0.49166487648736196,0.9041666666666667,0.9459459459459459,0.625,0.7526881720430108,0.9648680124223601,0.09583333333333334,0.0,0.6666666666666666,20,0,20,0.6108145664135615,0.445357133493279,0.15011618083173578,0.16986103536504688,0.06600975301681143,0.0,success,C:\Users\YAN_SHU_YU\Desktop\Generative-CD\Q_GNCDM\results\weak_q_lambda_sweep\lq_0p7_ls_0p2_lb_0p4,C:\Users\YAN_SHU_YU\Desktop\Generative-CD\Q_GNCDM\results\weak_q_lambda_sweep\lq_0p7_ls_0p2_lb_0p4\seed_2026\noise_0.20\weak-q_lq_0p7_ls_0p2_lb_0p4\metrics.json
0.7,0.2,0.5,0.0,0.6433333333333333,0.6843672166874221,0.48851639996257906,0.63,0.6927566964285714,0.4925000413529855,0.9041666666666667,0.9459459459459459,0.625,0.7526881720430108,0.9704968944099379,0.09583333333333334,0.0,0.6666666666666666,24,0,24,0.6073693127343149,0.4360308313008511,0.15701659475312088,0.1609851842125257,0.058459668279145706,0.0,success,C:\Users\YAN_SHU_YU\Desktop\Generative-CD\Q_GNCDM\results\weak_q_lambda_sweep\lq_0p7_ls_0p2_lb_0p5,C:\Users\YAN_SHU_YU\Desktop\Generative-CD\Q_GNCDM\results\weak_q_lambda_sweep\lq_0p7_ls_0p2_lb_0p5\seed_2026\noise_0.20\weak-q_lq_0p7_ls_0p2_lb_0p5\metrics.json
0.7,0.2,0.6,0.0,0.6383333333333333,0.6906772593844512,0.4839902968688447,0.6233333333333333,0.6960044642857143,0.48562136443530557,0.8875,0.9393939393939394,0.5535714285714286,0.6966292134831461,0.9671972049689441,0.1125,0.0,0.6666666666666666,21,0,21,0.6352226111021909,0.4571671621365981,0.15023422354098523,0.1682071349386013,0.06541676751591942,0.0,success,C:\Users\YAN_SHU_YU\Desktop\Generative-CD\Q_GNCDM\results\weak_q_lambda_sweep\lq_0p7_ls_0p2_lb_0p6,C:\Users\YAN_SHU_YU\Desktop\Generative-CD\Q_GNCDM\results\weak_q_lambda_sweep\lq_0p7_ls_0p2_lb_0p6\seed_2026\noise_0.20\weak-q_lq_0p7_ls_0p2_lb_0p6\metrics.json
0.7,0.2,0.7,0.0,0.6375,0.6911220201031846,0.4843410748860402,0.63,0.6946986607142857,0.48733474761479295,0.8833333333333333,0.9375,0.5357142857142857,0.6818181818181818,0.968555900621118,0.11666666666666667,0.0,0.6666666666666666,23,0,23,0.6328708692030474,0.45042043924331665,0.15522114819649493,0.15724696918870462,0.06049461504726699,3.6765529027131074e-06,success,C:\Users\YAN_SHU_YU\Desktop\Generative-CD\Q_GNCDM\results\weak_q_lambda_sweep\lq_0p7_ls_0p2_lb_0p7,C:\Users\YAN_SHU_YU\Desktop\Generative-CD\Q_GNCDM\results\weak_q_lambda_sweep\lq_0p7_ls_0p2_lb_0p7\seed_2026\noise_0.20\weak-q_lq_0p7_ls_0p2_lb_0p7\metrics.json
0.7,0.2,0.8,0.0,0.6375,0.6910525262408823,0.4835068386977738,0.6366666666666667,0.6855133928571429,0.4923067751855784,0.8791666666666667,1.0,0.48214285714285715,0.6506024096385542,0.9672942546583851,0.12083333333333333,0.0,1.0,29,0,29,0.6330368582046393,0.44676558086366364,0.15791338456399512,0.14411905588525714,0.058635122114510246,0.00964744801096844,success,C:\Users\YAN_SHU_YU\Desktop\Generative-CD\Q_GNCDM\results\weak_q_lambda_sweep\lq_0p7_ls_0p2_lb_0p8,C:\Users\YAN_SHU_YU\Desktop\Generative-CD\Q_GNCDM\results\weak_q_lambda_sweep\lq_0p7_ls_0p2_lb_0p8\seed_2026\noise_0.20\weak-q_lq_0p7_ls_0p2_lb_0p8\metrics.json
0.7,0.2,0.9,0.0,0.6333333333333333,0.6905855274862123,0.4835659674071714,0.6316666666666667,0.6754129464285714,0.4997338470949047,0.8583333333333333,1.0,0.39285714285714285,0.5641025641025641,0.9587538819875777,0.14166666666666666,0.0,1.0,34,0,34,0.6259430475307234,0.43766670109647693,0.16476655412803998,0.1258725000150276,0.053072509496952545,0.04609587619250471,success,C:\Users\YAN_SHU_YU\Desktop\Generative-CD\Q_GNCDM\results\weak_q_lambda_sweep\lq_0p7_ls_0p2_lb_0p9,C:\Users\YAN_SHU_YU\Desktop\Generative-CD\Q_GNCDM\results\weak_q_lambda_sweep\lq_0p7_ls_0p2_lb_0p9\seed_2026\noise_0.20\weak-q_lq_0p7_ls_0p2_lb_0p9\metrics.json
0.7,0.3,0.05,0.0,0.6375,0.6872915184130938,0.47342081262179747,0.6383333333333333,0.6795870535714286,0.4764868585799903,0.7833333333333333,0.8333333333333334,0.08928571428571429,0.16129032258064516,0.9003299689440993,0.21666666666666667,0.0,1.0,43,1,42,0.7209576946316343,0.5953119293306813,0.055576054492231575,0.25987923190449225,0.1755750531500036,0.0,success,C:\Users\YAN_SHU_YU\Desktop\Generative-CD\Q_GNCDM\results\weak_q_lambda_sweep\lq_0p7_ls_0p3_lb_0p05,C:\Users\YAN_SHU_YU\Desktop\Generative-CD\Q_GNCDM\results\weak_q_lambda_sweep\lq_0p7_ls_0p3_lb_0p05\seed_2026\noise_0.20\weak-q_lq_0p7_ls_0p3_lb_0p05\metrics.json
0.7,0.3,0.1,0.0,0.6341666666666667,0.6845868172922968,0.48606355096735493,0.6266666666666667,0.6942410714285714,0.48634026755348214,0.8833333333333333,0.9117647058823529,0.5535714285714286,0.6888888888888889,0.9502135093167702,0.11666666666666667,0.0,0.6666666666666666,28,1,27,0.6088006035848097,0.4546627686782317,0.13738143782724033,0.16608622986258884,0.08144956669121077,0.0,success,C:\Users\YAN_SHU_YU\Desktop\Generative-CD\Q_GNCDM\results\weak_q_lambda_sweep\lq_0p7_ls_0p3_lb_0p1,C:\Users\YAN_SHU_YU\Desktop\Generative-CD\Q_GNCDM\results\weak_q_lambda_sweep\lq_0p7_ls_0p3_lb_0p1\seed_2026\noise_0.20\weak-q_lq_0p7_ls_0p3_lb_0p1\metrics.json
0.7,0.3,0.2,0.0,0.635,0.684995441202633,0.4879965441034942,0.6283333333333333,0.6935714285714286,0.48788924764339753,0.8833333333333333,0.9375,0.5357142857142857,0.6818181818181818,0.95409549689441,0.11666666666666667,0.0,0.6666666666666666,27,0,27,0.6038780126607779,0.4405729133974422,0.14685819072253775,0.15427736960577243,0.07110576444503033,0.001038283643235142,success,C:\Users\YAN_SHU_YU\Desktop\Generative-CD\Q_GNCDM\results\weak_q_lambda_sweep\lq_0p7_ls_0p3_lb_0p2,C:\Users\YAN_SHU_YU\Desktop\Generative-CD\Q_GNCDM\results\weak_q_lambda_sweep\lq_0p7_ls_0p3_lb_0p2\seed_2026\noise_0.20\weak-q_lq_0p7_ls_0p3_lb_0p2\metrics.json
0.7,0.3,0.3,0.0,0.6375,0.6845812577833125,0.48946281763089167,0.6283333333333333,0.6917522321428572,0.4890377547513417,0.8875,0.9393939393939394,0.5535714285714286,0.6966292134831461,0.9595302795031055,0.1125,0.0,0.6666666666666666,26,0,26,0.601990950830055,0.43151201127153455,0.1537508363976623,0.14596503882697134,0.06354615126143802,0.0027313948552491088,success,C:\Users\YAN_SHU_YU\Desktop\Generative-CD\Q_GNCDM\results\weak_q_lambda_sweep\lq_0p7_ls_0p3_lb_0p3,C:\Users\YAN_SHU_YU\Desktop\Generative-CD\Q_GNCDM\results\weak_q_lambda_sweep\lq_0p7_ls_0p3_lb_0p3\seed_2026\noise_0.20\weak-q_lq_0p7_ls_0p3_lb_0p3\metrics.json
0.7,0.3,0.4,0.0,0.6383333333333333,0.6870858165806795,0.48847801491394716,0.62,0.6920870535714285,0.48999938653414055,0.8833333333333333,0.9375,0.5357142857142857,0.6818181818181818,0.9649650621118012,0.11666666666666667,0.0,0.6666666666666666,27,0,27,0.6056450727311048,0.42905574946692493,0.15589104547645105,0.14344213857795252,0.06108236945036686,0.003519354652698067,success,C:\Users\YAN_SHU_YU\Desktop\Generative-CD\Q_GNCDM\results\weak_q_lambda_sweep\lq_0p7_ls_0p3_lb_0p4,C:\Users\YAN_SHU_YU\Desktop\Generative-CD\Q_GNCDM\results\weak_q_lambda_sweep\lq_0p7_ls_0p3_lb_0p4\seed_2026\noise_0.20\weak-q_lq_0p7_ls_0p3_lb_0p4\metrics.json
0.7,0.3,0.5,0.0,0.64,0.6871080546166162,0.4890929293177936,0.625,0.6925446428571428,0.49045569839452,0.8791666666666667,0.9354838709677419,0.5178571428571429,0.6666666666666666,0.968555900621118,0.12083333333333333,0.0,0.6666666666666666,26,0,26,0.6057818419102466,0.4243797885649132,0.16010707526495963,0.13661454888907346,0.05668548071248965,0.010139494442917181,success,C:\Users\YAN_SHU_YU\Desktop\Generative-CD\Q_GNCDM\results\weak_q_lambda_sweep\lq_0p7_ls_0p3_lb_0p5,C:\Users\YAN_SHU_YU\Desktop\Generative-CD\Q_GNCDM\results\weak_q_lambda_sweep\lq_0p7_ls_0p3_lb_0p5\seed_2026\noise_0.20\weak-q_lq_0p7_ls_0p3_lb_0p5\metrics.json
0.7,0.3,0.6,0.0,0.6316666666666667,0.6910080501690091,0.4804013543281902,0.6466666666666666,0.6963504464285715,0.48314929714301963,0.8625,0.96,0.42857142857142855,0.5925925925925926,0.9645768633540373,0.1375,0.0,0.8333333333333334,28,0,28,0.6506550564910426,0.46285449781201105,0.15195915419043918,0.13995156279115967,0.06573947315866296,0.008341526386864258,success,C:\Users\YAN_SHU_YU\Desktop\Generative-CD\Q_GNCDM\results\weak_q_lambda_sweep\lq_0p7_ls_0p3_lb_0p6,C:\Users\YAN_SHU_YU\Desktop\Generative-CD\Q_GNCDM\results\weak_q_lambda_sweep\lq_0p7_ls_0p3_lb_0p6\seed_2026\noise_0.20\weak-q_lq_0p7_ls_0p3_lb_0p6\metrics.json
0.7,0.3,0.7,0.0,0.6358333333333334,0.6908857409713574,0.47930618279540677,0.6466666666666666,0.6930580357142857,0.4851871486040694,0.8375,1.0,0.30357142857142855,0.4657534246575342,0.9652562111801242,0.1625,0.0,1.0,35,0,35,0.6557140070380587,0.46480697348262323,0.15675568422584824,0.12645865909077905,0.06177207229263855,0.04459859498522498,success,C:\Users\YAN_SHU_YU\Desktop\Generative-CD\Q_GNCDM\results\weak_q_lambda_sweep\lq_0p7_ls_0p3_lb_0p7,C:\Users\YAN_SHU_YU\Desktop\Generative-CD\Q_GNCDM\results\weak_q_lambda_sweep\lq_0p7_ls_0p3_lb_0p7\seed_2026\noise_0.20\weak-q_lq_0p7_ls_0p3_lb_0p7\metrics.json
0.7,0.3,0.8,0.0,0.64,0.6910664250133428,0.4760243347478212,0.6416666666666667,0.6851897321428572,0.4881838342875917,0.8166666666666667,1.0,0.21428571428571427,0.35294117647058826,0.9480784161490683,0.18333333333333332,0.0,1.0,39,0,39,0.6677840397213445,0.4748801277442412,0.1629879829106909,0.11126124057354349,0.056792439497781524,0.1384682325702725,success,C:\Users\YAN_SHU_YU\Desktop\Generative-CD\Q_GNCDM\results\weak_q_lambda_sweep\lq_0p7_ls_0p3_lb_0p8,C:\Users\YAN_SHU_YU\Desktop\Generative-CD\Q_GNCDM\results\weak_q_lambda_sweep\lq_0p7_ls_0p3_lb_0p8\seed_2026\noise_0.20\weak-q_lq_0p7_ls_0p3_lb_0p8\metrics.json
0.7,0.3,0.9,0.0,0.6258333333333334,0.6800975137875822,0.48412809270557766,0.6416666666666667,0.6887834821428571,0.49259091146671213,0.8083333333333333,1.0,0.17857142857142858,0.30303030303030304,0.9132375776397516,0.19166666666666668,0.0,1.0,43,0,43,0.6780473612474672,0.48622193435827893,0.17218345426248782,0.09142108758290608,0.048745208673856476,0.2754421830177307,success,C:\Users\YAN_SHU_YU\Desktop\Generative-CD\Q_GNCDM\results\weak_q_lambda_sweep\lq_0p7_ls_0p3_lb_0p9,C:\Users\YAN_SHU_YU\Desktop\Generative-CD\Q_GNCDM\results\weak_q_lambda_sweep\lq_0p7_ls_0p3_lb_0p9\seed_2026\noise_0.20\weak-q_lq_0p7_ls_0p3_lb_0p9\metrics.json
0.7,0.4,0.05,0.0,0.6333333333333333,0.6852094822985234,0.4859866416576804,0.6333333333333333,0.6942299107142857,0.4866001261049136,0.8708333333333333,0.9310344827586207,0.48214285714285715,0.6352941176470588,0.9482725155279503,0.12916666666666668,0.0,0.6666666666666666,30,1,29,0.6153682167782928,0.4527189948342063,0.14200701519395365,0.14845573721509991,0.07724028171011896,0.0020687956694570003,success,C:\Users\YAN_SHU_YU\Desktop\Generative-CD\Q_GNCDM\results\weak_q_lambda_sweep\lq_0p7_ls_0p4_lb_0p05,C:\Users\YAN_SHU_YU\Desktop\Generative-CD\Q_GNCDM\results\weak_q_lambda_sweep\lq_0p7_ls_0p4_lb_0p05\seed_2026\noise_0.20\weak-q_lq_0p7_ls_0p4_lb_0p05\metrics.json
0.7,0.4,0.1,0.0,0.6308333333333334,0.6853206724782068,0.48686270597349984,0.6333333333333333,0.6942187500000001,0.48722017011576124,0.8708333333333333,0.9310344827586207,0.48214285714285715,0.6352941176470588,0.9487577639751552,0.12916666666666668,0.0,0.6666666666666666,29,0,29,0.613170071533232,0.44633959956241376,0.14590021019632166,0.1434902221415982,0.07304238234505508,0.0053336725457373895,success,C:\Users\YAN_SHU_YU\Desktop\Generative-CD\Q_GNCDM\results\weak_q_lambda_sweep\lq_0p7_ls_0p4_lb_0p1,C:\Users\YAN_SHU_YU\Desktop\Generative-CD\Q_GNCDM\results\weak_q_lambda_sweep\lq_0p7_ls_0p4_lb_0p1\seed_2026\noise_0.20\weak-q_lq_0p7_ls_0p4_lb_0p1\metrics.json
0.7,0.4,0.2,0.0,0.6341666666666667,0.6847174657534246,0.4882147045996559,0.6266666666666667,0.6935379464285715,0.4880019082871021,0.8708333333333333,0.9310344827586207,0.48214285714285715,0.6352941176470588,0.953513198757764,0.12916666666666668,0.0,0.6666666666666666,29,0,29,0.612338876633933,0.4383991839307727,0.1520279160503185,0.13559509407390247,0.0664105878183336,0.01442124257146409,success,C:\Users\YAN_SHU_YU\Desktop\Generative-CD\Q_GNCDM\results\weak_q_lambda_sweep\lq_0p7_ls_0p4_lb_0p2,C:\Users\YAN_SHU_YU\Desktop\Generative-CD\Q_GNCDM\results\weak_q_lambda_sweep\lq_0p7_ls_0p4_lb_0p2\seed_2026\noise_0.20\weak-q_lq_0p7_ls_0p4_lb_0p2\metrics.json
0.7,0.4,0.3,0.0,0.6366666666666667,0.6858849626400996,0.48462352076864695,0.6266666666666667,0.6915513392857142,0.4915962578729606,0.8791666666666667,0.9655172413793104,0.5,0.6588235294117647,0.9557453416149069,0.12083333333333333,0.0,0.8333333333333334,28,0,28,0.6361265539219885,0.4557915767936995,0.15048062507853363,0.13653527629194837,0.06794810927275455,0.012478052398585009,success,C:\Users\YAN_SHU_YU\Desktop\Generative-CD\Q_GNCDM\results\weak_q_lambda_sweep\lq_0p7_ls_0p4_lb_0p3,C:\Users\YAN_SHU_YU\Desktop\Generative-CD\Q_GNCDM\results\weak_q_lambda_sweep\lq_0p7_ls_0p4_lb_0p3\seed_2026\noise_0.20\weak-q_lq_0p7_ls_0p4_lb_0p3\metrics.json
0.7,0.4,0.4,0.0,0.645,0.6921560887742395,0.477756425504104,0.6433333333333333,0.6959375000000001,0.4800010855926236,0.8375,0.9473684210526315,0.32142857142857145,0.48,0.9575892857142858,0.1625,0.0,0.8333333333333334,31,0,31,0.6682052738738783,0.48165536468679254,0.1454387909986756,0.13805377280170267,0.07380311168504483,0.012222528048424107,success,C:\Users\YAN_SHU_YU\Desktop\Generative-CD\Q_GNCDM\results\weak_q_lambda_sweep\lq_0p7_ls_0p4_lb_0p4,C:\Users\YAN_SHU_YU\Desktop\Generative-CD\Q_GNCDM\results\weak_q_lambda_sweep\lq_0p7_ls_0p4_lb_0p4\seed_2026\noise_0.20\weak-q_lq_0p7_ls_0p4_lb_0p4\metrics.json
0.7,0.4,0.5,0.0,0.6441666666666667,0.6925508139121153,0.4769829402374925,0.64,0.6950892857142857,0.4808006473373868,0.8125,0.9230769230769231,0.21428571428571427,0.34782608695652173,0.9589479813664596,0.1875,0.0,0.8333333333333334,35,0,35,0.6725107196605566,0.48175928990046185,0.15106872672384436,0.12691045620224692,0.06847827509045601,0.044178299605846405,success,C:\Users\YAN_SHU_YU\Desktop\Generative-CD\Q_GNCDM\results\weak_q_lambda_sweep\lq_0p7_ls_0p4_lb_0p5,C:\Users\YAN_SHU_YU\Desktop\Generative-CD\Q_GNCDM\results\weak_q_lambda_sweep\lq_0p7_ls_0p4_lb_0p5\seed_2026\noise_0.20\weak-q_lq_0p7_ls_0p4_lb_0p5\metrics.json
0.7,0.4,0.6,0.0,0.64,0.6920643568760008,0.47605630088049683,0.6416666666666667,0.6941741071428571,0.48100351411374426,0.8083333333333333,1.0,0.17857142857142858,0.30303030303030304,0.9586568322981366,0.19166666666666668,0.0,1.0,39,0,39,0.679164985815684,0.48574515003146546,0.1572003276510672,0.11382853928388971,0.06308031048287045,0.12197050000682022,success,C:\Users\YAN_SHU_YU\Desktop\Generative-CD\Q_GNCDM\results\weak_q_lambda_sweep\lq_0p7_ls_0p4_lb_0p6,C:\Users\YAN_SHU_YU\Desktop\Generative-CD\Q_GNCDM\results\weak_q_lambda_sweep\lq_0p7_ls_0p4_lb_0p6\seed_2026\noise_0.20\weak-q_lq_0p7_ls_0p4_lb_0p6\metrics.json
0.7,0.4,0.7,0.0,0.6458333333333334,0.6909510652019214,0.4750818299216496,0.63,0.688125,0.4821384116611694,0.7916666666666666,1.0,0.10714285714285714,0.1935483870967742,0.9425465838509317,0.20833333333333334,0.0,1.0,47,0,47,0.6951649649576708,0.500697826797312,0.16433776689298224,0.09869550303979353,0.05707499842074784,0.235803110807231,success,C:\Users\YAN_SHU_YU\Desktop\Generative-CD\Q_GNCDM\results\weak_q_lambda_sweep\lq_0p7_ls_0p4_lb_0p7,C:\Users\YAN_SHU_YU\Desktop\Generative-CD\Q_GNCDM\results\weak_q_lambda_sweep\lq_0p7_ls_0p4_lb_0p7\seed_2026\noise_0.20\weak-q_lq_0p7_ls_0p4_lb_0p7\metrics.json
0.7,0.4,0.8,0.0,0.6358333333333334,0.6829161848425547,0.48109623525794926,0.6333333333333333,0.685345982142857,0.4925364748293388,0.7916666666666666,1.0,0.10714285714285714,0.1935483870967742,0.9099378881987578,0.20833333333333334,0.0,1.0,48,0,48,0.6809170620911049,0.4876838344516176,0.17491608067895426,0.08296980663682475,0.04700505744778749,0.3473534972378702,success,C:\Users\YAN_SHU_YU\Desktop\Generative-CD\Q_GNCDM\results\weak_q_lambda_sweep\lq_0p7_ls_0p4_lb_0p8,C:\Users\YAN_SHU_YU\Desktop\Generative-CD\Q_GNCDM\results\weak_q_lambda_sweep\lq_0p7_ls_0p4_lb_0p8\seed_2026\noise_0.20\weak-q_lq_0p7_ls_0p4_lb_0p8\metrics.json
0.7,0.4,0.9,0.0,0.6408333333333334,0.6875389165628891,0.4757516007483042,0.65,0.6897879464285714,0.4839072030941133,0.7833333333333333,1.0,0.07142857142857142,0.13333333333333333,0.8590838509316769,0.21666666666666667,0.0,1.0,53,0,53,0.7382214249986591,0.5480757400845037,0.18203000792048193,0.062244261248093666,0.042029977183450355,0.5085135996341705,success,C:\Users\YAN_SHU_YU\Desktop\Generative-CD\Q_GNCDM\results\weak_q_lambda_sweep\lq_0p7_ls_0p4_lb_0p9,C:\Users\YAN_SHU_YU\Desktop\Generative-CD\Q_GNCDM\results\weak_q_lambda_sweep\lq_0p7_ls_0p4_lb_0p9\seed_2026\noise_0.20\weak-q_lq_0p7_ls_0p4_lb_0p9\metrics.json
0.7,0.5,0.05,0.0,0.6316666666666667,0.6851872442625867,0.49079385768834827,0.63,0.6919754464285716,0.4913649943974476,0.8541666666666666,0.9565217391304348,0.39285714285714285,0.5569620253164557,0.9466226708074534,0.14583333333333334,0.0,0.8333333333333334,34,0,34,0.6130209718689774,0.4399262924085964,0.15207990484707284,0.1265370197819941,0.06740472556063623,0.03996478546072136,success,C:\Users\YAN_SHU_YU\Desktop\Generative-CD\Q_GNCDM\results\weak_q_lambda_sweep\lq_0p7_ls_0p5_lb_0p05,C:\Users\YAN_SHU_YU\Desktop\Generative-CD\Q_GNCDM\results\weak_q_lambda_sweep\lq_0p7_ls_0p5_lb_0p05\seed_2026\noise_0.20\weak-q_lq_0p7_ls_0p5_lb_0p05\metrics.json
0.7,0.5,0.1,0.0,0.6333333333333333,0.6852067025440313,0.48682896118012653,0.63,0.6937723214285714,0.48713800835527776,0.8583333333333333,0.9583333333333334,0.4107142857142857,0.575,0.9475931677018633,0.14166666666666666,0.0,0.8333333333333334,35,0,35,0.6217562745917927,0.44541736127752246,0.15131123025308957,0.12721614900863532,0.06812985692963455,0.03649477677589113,success,C:\Users\YAN_SHU_YU\Desktop\Generative-CD\Q_GNCDM\results\weak_q_lambda_sweep\lq_0p7_ls_0p5_lb_0p1,C:\Users\YAN_SHU_YU\Desktop\Generative-CD\Q_GNCDM\results\weak_q_lambda_sweep\lq_0p7_ls_0p5_lb_0p1\seed_2026\noise_0.20\weak-q_lq_0p7_ls_0p5_lb_0p1\metrics.json
0.7,0.5,0.2,0.0,0.6383333333333333,0.6853595890410957,0.4833647460450902,0.6366666666666667,0.6901004464285714,0.49102928459987055,0.8458333333333333,0.9523809523809523,0.35714285714285715,0.5194805194805194,0.9493400621118012,0.15416666666666667,0.0,0.8333333333333334,36,0,36,0.6500583571014982,0.4676595285083308,0.14939482442357324,0.12754788385196167,0.07024256535100215,0.035461775732762886,success,C:\Users\YAN_SHU_YU\Desktop\Generative-CD\Q_GNCDM\results\weak_q_lambda_sweep\lq_0p7_ls_0p5_lb_0p2,C:\Users\YAN_SHU_YU\Desktop\Generative-CD\Q_GNCDM\results\weak_q_lambda_sweep\lq_0p7_ls_0p5_lb_0p2\seed_2026\noise_0.20\weak-q_lq_0p7_ls_0p5_lb_0p2\metrics.json
0.7,0.5,0.3,0.0,0.6375,0.6862796877779754,0.48238409173660585,0.6366666666666667,0.6894642857142856,0.4843643501754231,0.8166666666666667,0.9285714285714286,0.23214285714285715,0.37142857142857144,0.9503105590062112,0.18333333333333332,0.0,0.8333333333333334,37,0,37,0.6679965853691101,0.4801729240200736,0.1508816040375016,0.12292654496250731,0.0691442210791689,0.05751493973939708,success,C:\Users\YAN_SHU_YU\Desktop\Generative-CD\Q_GNCDM\results\weak_q_lambda_sweep\lq_0p7_ls_0p5_lb_0p3,C:\Users\YAN_SHU_YU\Desktop\Generative-CD\Q_GNCDM\results\weak_q_lambda_sweep\lq_0p7_ls_0p5_lb_0p3\seed_2026\noise_0.20\weak-q_lq_0p7_ls_0p5_lb_0p3\metrics.json
0.7,0.5,0.4,0.0,0.6416666666666667,0.6929594378224516,0.4753499589103347,0.6366666666666667,0.6937053571428571,0.47886952887863304,0.8,0.9,0.16071428571428573,0.2727272727272727,0.9569099378881988,0.2,0.0,0.8333333333333334,43,0,43,0.688208955706972,0.49591303819959814,0.15252358443809277,0.1163408960582632,0.06839740140871568,0.10881008975433581,success,C:\Users\YAN_SHU_YU\Desktop\Generative-CD\Q_GNCDM\results\weak_q_lambda_sweep\lq_0p7_ls_0p5_lb_0p4,C:\Users\YAN_SHU_YU\Desktop\Generative-CD\Q_GNCDM\results\weak_q_lambda_sweep\lq_0p7_ls_0p5_lb_0p4\seed_2026\noise_0.20\weak-q_lq_0p7_ls_0p5_lb_0p4\metrics.json
0.7,0.5,0.5,0.0,0.6425,0.6917697028998397,0.4750346364211654,0.6516666666666666,0.6929575892857143,0.4786819721214338,0.8,1.0,0.14285714285714285,0.25,0.953125,0.2,0.0,1.0,45,0,45,0.6966367400053776,0.5018406293608926,0.15943407876925034,0.10430951822887767,0.06207500065140652,0.19514315033500845,success,C:\Users\YAN_SHU_YU\Desktop\Generative-CD\Q_GNCDM\results\weak_q_lambda_sweep\lq_0p7_ls_0p5_lb_0p5,C:\Users\YAN_SHU_YU\Desktop\Generative-CD\Q_GNCDM\results\weak_q_lambda_sweep\lq_0p7_ls_0p5_lb_0p5\seed_2026\noise_0.20\weak-q_lq_0p7_ls_0p5_lb_0p5\metrics.json
0.7,0.5,0.6,0.0,0.65,0.6909802526240882,0.4746915117079479,0.6333333333333333,0.6898102678571428,0.4788274016329107,0.7916666666666666,1.0,0.10714285714285714,0.1935483870967742,0.9371118012422359,0.20833333333333334,0.0,1.0,50,0,50,0.7124695732738032,0.5169698212182883,0.16697228135484637,0.09074652578794595,0.05540982893470562,0.2969883486176982,success,C:\Users\YAN_SHU_YU\Desktop\Generative-CD\Q_GNCDM\results\weak_q_lambda_sweep\lq_0p7_ls_0p5_lb_0p6,C:\Users\YAN_SHU_YU\Desktop\Generative-CD\Q_GNCDM\results\weak_q_lambda_sweep\lq_0p7_ls_0p5_lb_0p6\seed_2026\noise_0.20\weak-q_lq_0p7_ls_0p5_lb_0p6\metrics.json
0.7,0.5,0.7,0.0,0.6375,0.6855069160291762,0.47962447862496926,0.6433333333333333,0.6869866071428571,0.4892482746582836,0.7916666666666666,1.0,0.10714285714285714,0.1935483870967742,0.9024650621118012,0.20833333333333334,0.0,1.0,50,0,50,0.6959801054362095,0.5017632842063904,0.1774151756456404,0.0768989168784835,0.045109634710983795,0.39401527607079706,success,C:\Users\YAN_SHU_YU\Desktop\Generative-CD\Q_GNCDM\results\weak_q_lambda_sweep\lq_0p7_ls_0p5_lb_0p7,C:\Users\YAN_SHU_YU\Desktop\Generative-CD\Q_GNCDM\results\weak_q_lambda_sweep\lq_0p7_ls_0p5_lb_0p7\seed_2026\noise_0.20\weak-q_lq_0p7_ls_0p5_lb_0p7\metrics.json
0.7,0.5,0.8,0.0,0.6466666666666666,0.6864214552570718,0.4765361425416665,0.6516666666666666,0.685814732142857,0.4854790470410836,0.7833333333333333,1.0,0.07142857142857142,0.13333333333333333,0.8662655279503105,0.21666666666666667,0.0,1.0,52,0,52,0.7357348185597044,0.5438869681322214,0.18365958016930203,0.06206515747489351,0.04031695910927021,0.5118926510666356,success,C:\Users\YAN_SHU_YU\Desktop\Generative-CD\Q_GNCDM\results\weak_q_lambda_sweep\lq_0p7_ls_0p5_lb_0p8,C:\Users\YAN_SHU_YU\Desktop\Generative-CD\Q_GNCDM\results\weak_q_lambda_sweep\lq_0p7_ls_0p5_lb_0p8\seed_2026\noise_0.20\weak-q_lq_0p7_ls_0p5_lb_0p8\metrics.json
0.7,0.5,0.9,0.0,0.6433333333333333,0.6871997865148549,0.4767808830605213,0.645,0.6873325892857143,0.4771130953920429,0.7791666666666667,1.0,0.05357142857142857,0.1016949152542373,0.8141498447204969,0.22083333333333333,0.0,1.0,53,0,53,0.7538522788972566,0.5662367100065405,0.19241241884954047,0.047208662681055794,0.03258060601850351,0.626998329704458,success,C:\Users\YAN_SHU_YU\Desktop\Generative-CD\Q_GNCDM\results\weak_q_lambda_sweep\lq_0p7_ls_0p5_lb_0p9,C:\Users\YAN_SHU_YU\Desktop\Generative-CD\Q_GNCDM\results\weak_q_lambda_sweep\lq_0p7_ls_0p5_lb_0p9\seed_2026\noise_0.20\weak-q_lq_0p7_ls_0p5_lb_0p9\metrics.json
0.7,0.6,0.05,0.0,0.6375,0.6836806173278775,0.49103544111107345,0.6316666666666667,0.6897098214285714,0.4920694185682431,0.8416666666666667,0.95,0.3392857142857143,0.5,0.9440993788819876,0.15833333333333333,0.0,0.8333333333333334,37,0,37,0.6232690666661118,0.44236902170109027,0.1563473343849182,0.11378173868764531,0.06375727249365865,0.09983270784670656,success,C:\Users\YAN_SHU_YU\Desktop\Generative-CD\Q_GNCDM\results\weak_q_lambda_sweep\lq_0p7_ls_0p6_lb_0p05,C:\Users\YAN_SHU_YU\Desktop\Generative-CD\Q_GNCDM\results\weak_q_lambda_sweep\lq_0p7_ls_0p6_lb_0p05\seed_2026\noise_0.20\weak-q_lq_0p7_ls_0p6_lb_0p05\metrics.json
0.7,0.6,0.1,0.0,0.635,0.684294943070628,0.4826424215706353,0.64,0.6884821428571428,0.4903100327576199,0.8166666666666667,0.9285714285714286,0.23214285714285715,0.37142857142857144,0.9463315217391305,0.18333333333333332,0.0,0.8333333333333334,37,0,37,0.6626438688148152,0.4790369069034403,0.14958691777605,0.11965076546325829,0.07105665450746362,0.07092597279133218,success,C:\Users\YAN_SHU_YU\Desktop\Generative-CD\Q_GNCDM\results\weak_q_lambda_sweep\lq_0p7_ls_0p6_lb_0p1,C:\Users\YAN_SHU_YU\Desktop\Generative-CD\Q_GNCDM\results\weak_q_lambda_sweep\lq_0p7_ls_0p6_lb_0p1\seed_2026\noise_0.20\weak-q_lq_0p7_ls_0p6_lb_0p1\metrics.json
0.7,0.6,0.2,0.0,0.6441666666666667,0.6922867372353675,0.4748297563249687,0.6383333333333333,0.6934933035714285,0.4775213940847692,0.7958333333333333,0.8888888888888888,0.14285714285714285,0.24615384615384617,0.9542895962732919,0.20416666666666666,0.0,0.8333333333333334,45,0,45,0.6941487888495127,0.5046354261311617,0.14774326596296194,0.11885578546560172,0.07389802158330426,0.096761509889003,success,C:\Users\YAN_SHU_YU\Desktop\Generative-CD\Q_GNCDM\results\weak_q_lambda_sweep\lq_0p7_ls_0p6_lb_0p2,C:\Users\YAN_SHU_YU\Desktop\Generative-CD\Q_GNCDM\results\weak_q_lambda_sweep\lq_0p7_ls_0p6_lb_0p2\seed_2026\noise_0.20\weak-q_lq_0p7_ls_0p6_lb_0p2\metrics.json
0.7,0.6,0.3,0.0,0.6416666666666667,0.6923256537982566,0.4745900348915633,0.6516666666666666,0.6925558035714285,0.47776076408146834,0.8,1.0,0.14285714285714285,0.25,0.953513198757764,0.2,0.0,1.0,46,0,46,0.7001182762059298,0.5067188220493721,0.15461539815772662,0.10831251954942038,0.06727056137540123,0.16554956318754138,success,C:\Users\YAN_SHU_YU\Desktop\Generative-CD\Q_GNCDM\results\weak_q_lambda_sweep\lq_0p7_ls_0p6_lb_0p3,C:\Users\YAN_SHU_YU\Desktop\Generative-CD\Q_GNCDM\results\weak_q_lambda_sweep\lq_0p7_ls_0p6_lb_0p3\seed_2026\noise_0.20\weak-q_lq_0p7_ls_0p6_lb_0p3\metrics.json
0.7,0.6,0.4,0.0,0.6516666666666666,0.6926536648283225,0.47424988632927895,0.6416666666666667,0.6872544642857142,0.4798604040663522,0.8,1.0,0.14285714285714285,0.25,0.9481754658385093,0.2,0.0,1.0,49,0,49,0.7092184036067037,0.513416437940164,0.16194097268762012,0.0971846432622635,0.06033124018347624,0.24776060743765396,success,C:\Users\YAN_SHU_YU\Desktop\Generative-CD\Q_GNCDM\results\weak_q_lambda_sweep\lq_0p7_ls_0p6_lb_0p4,C:\Users\YAN_SHU_YU\Desktop\Generative-CD\Q_GNCDM\results\weak_q_lambda_sweep\lq_0p7_ls_0p6_lb_0p4\seed_2026\noise_0.20\weak-q_lq_0p7_ls_0p6_lb_0p4\metrics.json
0.7,0.6,0.5,0.0,0.635,0.6851705657356342,0.4805107459290618,0.645,0.6850669642857145,0.49022415510114015,0.7958333333333333,1.0,0.125,0.2222222222222222,0.9227484472049688,0.20416666666666666,0.0,1.0,50,0,50,0.6900841566649351,0.49430812127662427,0.1725385236469182,0.08365109201633569,0.04961682127957994,0.3384565169161016,success,C:\Users\YAN_SHU_YU\Desktop\Generative-CD\Q_GNCDM\results\weak_q_lambda_sweep\lq_0p7_ls_0p6_lb_0p5,C:\Users\YAN_SHU_YU\Desktop\Generative-CD\Q_GNCDM\results\weak_q_lambda_sweep\lq_0p7_ls_0p6_lb_0p5\seed_2026\noise_0.20\weak-q_lq_0p7_ls_0p6_lb_0p5\metrics.json
0.7,0.6,0.6,0.0,0.6466666666666666,0.6877640766767479,0.4760683746357983,0.6316666666666667,0.6913839285714285,0.475798373793127,0.7875,1.0,0.08928571428571429,0.16393442622950818,0.906832298136646,0.2125,0.0,1.0,50,0,50,0.7280199870918737,0.5320843060811361,0.17707928744229404,0.07352359491315755,0.046443361563212944,0.42541680417277594,success,C:\Users\YAN_SHU_YU\Desktop\Generative-CD\Q_GNCDM\results\weak_q_lambda_sweep\lq_0p7_ls_0p6_lb_0p6,C:\Users\YAN_SHU_YU\Desktop\Generative-CD\Q_GNCDM\results\weak_q_lambda_sweep\lq_0p7_ls_0p6_lb_0p6\seed_2026\noise_0.20\weak-q_lq_0p7_ls_0p6_lb_0p6\metrics.json
0.7,0.6,0.7,0.0,0.65,0.6868106208859633,0.4766538734538622,0.6433333333333333,0.684720982142857,0.4856141415868458,0.7833333333333333,1.0,0.07142857142857142,0.13333333333333333,0.8704386645962732,0.21666666666666667,0.0,1.0,51,0,51,0.7276971340179443,0.5338894598411791,0.1855611035769636,0.06189818860906543,0.0382514281029051,0.5145702000820276,success,C:\Users\YAN_SHU_YU\Desktop\Generative-CD\Q_GNCDM\results\weak_q_lambda_sweep\lq_0p7_ls_0p6_lb_0p7,C:\Users\YAN_SHU_YU\Desktop\Generative-CD\Q_GNCDM\results\weak_q_lambda_sweep\lq_0p7_ls_0p6_lb_0p7\seed_2026\noise_0.20\weak-q_lq_0p7_ls_0p6_lb_0p7\metrics.json
0.7,0.6,0.8,0.0,0.645,0.6865104074008183,0.4752201255058422,0.65,0.6857254464285714,0.48273748407529865,0.7791666666666667,1.0,0.05357142857142857,0.1016949152542373,0.8282220496894411,0.22083333333333333,0.0,1.0,53,0,53,0.7642858479962205,0.5745418491688642,0.1914662357532617,0.048034970902583816,0.03362080996686762,0.6208181209636457,success,C:\Users\YAN_SHU_YU\Desktop\Generative-CD\Q_GNCDM\results\weak_q_lambda_sweep\lq_0p7_ls_0p6_lb_0p8,C:\Users\YAN_SHU_YU\Desktop\Generative-CD\Q_GNCDM\results\weak_q_lambda_sweep\lq_0p7_ls_0p6_lb_0p8\seed_2026\noise_0.20\weak-q_lq_0p7_ls_0p6_lb_0p8\metrics.json
0.7,0.6,0.9,0.0,0.6366666666666667,0.6853707080590643,0.48056271626161556,0.635,0.6842633928571429,0.4835810997553429,0.7791666666666667,1.0,0.05357142857142857,0.1016949152542373,0.7747476708074534,0.22083333333333333,0.0,1.0,54,0,54,0.7599535846348965,0.5734760223916082,0.19922101926622968,0.03910531843024673,0.026177398747566975,0.6910834077632788,success,C:\Users\YAN_SHU_YU\Desktop\Generative-CD\Q_GNCDM\results\weak_q_lambda_sweep\lq_0p7_ls_0p6_lb_0p9,C:\Users\YAN_SHU_YU\Desktop\Generative-CD\Q_GNCDM\results\weak_q_lambda_sweep\lq_0p7_ls_0p6_lb_0p9\seed_2026\noise_0.20\weak-q_lq_0p7_ls_0p6_lb_0p9\metrics.json
0.7,0.7,0.05,0.0,0.63,0.6841448363280555,0.4816394467801,0.6383333333333333,0.6866406249999999,0.4895803806084321,0.8083333333333333,0.9166666666666666,0.19642857142857142,0.3235294117647059,0.9430318322981366,0.19166666666666668,0.0,0.8333333333333334,44,0,44,0.675755780303117,0.48886101173632074,0.15338435430418362,0.10874168687697613,0.06813073192130435,0.14081656661900607,success,C:\Users\YAN_SHU_YU\Desktop\Generative-CD\Q_GNCDM\results\weak_q_lambda_sweep\lq_0p7_ls_0p7_lb_0p05,C:\Users\YAN_SHU_YU\Desktop\Generative-CD\Q_GNCDM\results\weak_q_lambda_sweep\lq_0p7_ls_0p7_lb_0p05\seed_2026\noise_0.20\weak-q_lq_0p7_ls_0p7_lb_0p05\metrics.json
0.7,0.7,0.1,0.0,0.6316666666666667,0.6836750578188935,0.481700498868605,0.6416666666666667,0.6856808035714285,0.4900036206904761,0.8041666666666667,0.9090909090909091,0.17857142857142858,0.29850746268656714,0.9429347826086957,0.19583333333333333,0.0,0.8333333333333334,45,0,45,0.6781189875169233,0.4888908000606479,0.15632013434713538,0.1046821844171394,0.06526570259170099,0.1718402522982973,success,C:\Users\YAN_SHU_YU\Desktop\Generative-CD\Q_GNCDM\results\weak_q_lambda_sweep\lq_0p7_ls_0p7_lb_0p1,C:\Users\YAN_SHU_YU\Desktop\Generative-CD\Q_GNCDM\results\weak_q_lambda_sweep\lq_0p7_ls_0p7_lb_0p1\seed_2026\noise_0.20\weak-q_lq_0p7_ls_0p7_lb_0p1\metrics.json
0.7,0.7,0.2,0.0,0.645,0.6931595801458816,0.4739218704698158,0.64,0.6869531249999999,0.47955011550459953,0.8,1.0,0.14285714285714285,0.25,0.9503105590062111,0.2,0.0,1.0,48,0,48,0.7104368950381423,0.5162346773978436,0.15698109634897925,0.10172092892003781,0.06555401782194774,0.21305241548653805,success,C:\Users\YAN_SHU_YU\Desktop\Generative-CD\Q_GNCDM\results\weak_q_lambda_sweep\lq_0p7_ls_0p7_lb_0p2,C:\Users\YAN_SHU_YU\Desktop\Generative-CD\Q_GNCDM\results\weak_q_lambda_sweep\lq_0p7_ls_0p7_lb_0p2\seed_2026\noise_0.20\weak-q_lq_0p7_ls_0p7_lb_0p2\metrics.json
0.7,0.7,0.3,0.0,0.6491666666666667,0.6920977139299057,0.4740263587078372,0.6283333333333333,0.6871763392857142,0.4784373189162677,0.7958333333333333,1.0,0.125,0.2222222222222222,0.9448757763975155,0.20416666666666666,0.0,1.0,49,0,49,0.7193677398291501,0.5227161343350555,0.16367620726426443,0.09188524769111113,0.05919532156126066,0.2863072351072774,success,C:\Users\YAN_SHU_YU\Desktop\Generative-CD\Q_GNCDM\results\weak_q_lambda_sweep\lq_0p7_ls_0p7_lb_0p3,C:\Users\YAN_SHU_YU\Desktop\Generative-CD\Q_GNCDM\results\weak_q_lambda_sweep\lq_0p7_ls_0p7_lb_0p3\seed_2026\noise_0.20\weak-q_lq_0p7_ls_0p7_lb_0p3\metrics.json
0.7,0.7,0.4,0.0,0.6366666666666667,0.6873971490837929,0.4790098792200496,0.645,0.6850111607142857,0.48862455392760623,0.7958333333333333,1.0,0.125,0.2222222222222222,0.9154697204968945,0.20416666666666666,0.0,1.0,50,0,50,0.6998401744799181,0.5031750549872717,0.17398267442529852,0.07915915379470045,0.048664611115148575,0.37323939529332245,success,C:\Users\YAN_SHU_YU\Desktop\Generative-CD\Q_GNCDM\results\weak_q_lambda_sweep\lq_0p7_ls_0p7_lb_0p4,C:\Users\YAN_SHU_YU\Desktop\Generative-CD\Q_GNCDM\results\weak_q_lambda_sweep\lq_0p7_ls_0p7_lb_0p4\seed_2026\noise_0.20\weak-q_lq_0p7_ls_0p7_lb_0p4\metrics.json
0.7,0.7,0.5,0.0,0.645,0.6881393435331792,0.47579022452553515,0.63,0.6910714285714286,0.4752108056537689,0.7875,1.0,0.08928571428571429,0.16393442622950818,0.9069293478260869,0.2125,0.0,1.0,50,0,50,0.7338570600206201,0.5367395679155985,0.17811836144237808,0.07084870259418632,0.04568109672629472,0.4457227528998346,success,C:\Users\YAN_SHU_YU\Desktop\Generative-CD\Q_GNCDM\results\weak_q_lambda_sweep\lq_0p7_ls_0p7_lb_0p5,C:\Users\YAN_SHU_YU\Desktop\Generative-CD\Q_GNCDM\results\weak_q_lambda_sweep\lq_0p7_ls_0p7_lb_0p5\seed_2026\noise_0.20\weak-q_lq_0p7_ls_0p7_lb_0p5\metrics.json
0.7,0.7,0.6,0.0,0.6408333333333334,0.6872011763921011,0.47476527646546474,0.65,0.6904129464285714,0.4753817098873633,0.775,1.0,0.03571428571428571,0.06896551724137931,0.8772321428571428,0.225,0.0,1.0,51,0,51,0.7533318030111718,0.557513409040191,0.18365014412186362,0.06106481977710218,0.04086320661008358,0.5193851057327155,success,C:\Users\YAN_SHU_YU\Desktop\Generative-CD\Q_GNCDM\results\weak_q_lambda_sweep\lq_0p7_ls_0p7_lb_0p6,C:\Users\YAN_SHU_YU\Desktop\Generative-CD\Q_GNCDM\results\weak_q_lambda_sweep\lq_0p7_ls_0p7_lb_0p6\seed_2026\noise_0.20\weak-q_lq_0p7_ls_0p7_lb_0p6\metrics.json
0.7,0.7,0.7,0.0,0.6416666666666667,0.6865548834726917,0.47563082575550464,0.6466666666666666,0.6835491071428572,0.48456701025758425,0.7791666666666667,1.0,0.05357142857142857,0.1016949152542373,0.8380240683229814,0.22083333333333333,0.0,1.0,52,0,52,0.7586044551748218,0.5662038705565713,0.19090128870624484,0.05002289350059899,0.03393380089916966,0.6041232546170553,success,C:\Users\YAN_SHU_YU\Desktop\Generative-CD\Q_GNCDM\results\weak_q_lambda_sweep\lq_0p7_ls_0p7_lb_0p7,C:\Users\YAN_SHU_YU\Desktop\Generative-CD\Q_GNCDM\results\weak_q_lambda_sweep\lq_0p7_ls_0p7_lb_0p7\seed_2026\noise_0.20\weak-q_lq_0p7_ls_0p7_lb_0p7\metrics.json
0.7,0.7,0.8,0.0,0.6433333333333333,0.6858821828856075,0.4769191066590931,0.6483333333333333,0.6867075892857143,0.47677464908826767,0.7791666666666667,1.0,0.05357142857142857,0.1016949152542373,0.7909549689440993,0.22083333333333333,0.0,1.0,54,0,54,0.7647716005643209,0.5762741068998972,0.19799814666762497,0.039970860054547135,0.02739898818121715,0.6839286025726434,success,C:\Users\YAN_SHU_YU\Desktop\Generative-CD\Q_GNCDM\results\weak_q_lambda_sweep\lq_0p7_ls_0p7_lb_0p8,C:\Users\YAN_SHU_YU\Desktop\Generative-CD\Q_GNCDM\results\weak_q_lambda_sweep\lq_0p7_ls_0p7_lb_0p8\seed_2026\noise_0.20\weak-q_lq_0p7_ls_0p7_lb_0p8\metrics.json
0.7,0.7,0.9,0.0,0.6283333333333333,0.6841142590286426,0.48007348669608496,0.6416666666666667,0.687265625,0.48131520242707104,0.7791666666666667,1.0,0.05357142857142857,0.1016949152542373,0.7517468944099379,0.22083333333333333,0.0,1.0,54,0,54,0.7678086522853735,0.5816122451514909,0.20305384763262488,0.03391545034493461,0.02257544631985101,0.7315243888985027,success,C:\Users\YAN_SHU_YU\Desktop\Generative-CD\Q_GNCDM\results\weak_q_lambda_sweep\lq_0p7_ls_0p7_lb_0p9,C:\Users\YAN_SHU_YU\Desktop\Generative-CD\Q_GNCDM\results\weak_q_lambda_sweep\lq_0p7_ls_0p7_lb_0p9\seed_2026\noise_0.20\weak-q_lq_0p7_ls_0p7_lb_0p9\metrics.json
0.7,0.8,0.05,0.0,0.6425,0.6927676347624978,0.4744303007500006,0.64,0.6855022321428572,0.4810943254094142,0.7958333333333333,1.0,0.125,0.2222222222222222,0.9492430124223603,0.20416666666666666,0.0,1.0,48,0,48,0.7143191541686202,0.5212416856577902,0.15551837962685208,0.10105367603175568,0.06743323611039104,0.21442070219552878,success,C:\Users\YAN_SHU_YU\Desktop\Generative-CD\Q_GNCDM\results\weak_q_lambda_sweep\lq_0p7_ls_0p8_lb_0p05,C:\Users\YAN_SHU_YU\Desktop\Generative-CD\Q_GNCDM\results\weak_q_lambda_sweep\lq_0p7_ls_0p8_lb_0p05\seed_2026\noise_0.20\weak-q_lq_0p7_ls_0p8_lb_0p05\metrics.json
0.7,0.8,0.1,0.0,0.6458333333333334,0.692609188756449,0.47382088479488554,0.6283333333333333,0.6872767857142857,0.47846365211393904,0.7958333333333333,1.0,0.125,0.2222222222222222,0.9482725155279503,0.20416666666666666,0.0,1.0,49,0,49,0.7196952538056807,0.5248781374909661,0.15857309780337595,0.09670527776082356,0.06451732010552377,0.2489066683884823,success,C:\Users\YAN_SHU_YU\Desktop\Generative-CD\Q_GNCDM\results\weak_q_lambda_sweep\lq_0p7_ls_0p8_lb_0p1,C:\Users\YAN_SHU_YU\Desktop\Generative-CD\Q_GNCDM\results\weak_q_lambda_sweep\lq_0p7_ls_0p8_lb_0p1\seed_2026\noise_0.20\weak-q_lq_0p7_ls_0p8_lb_0p1\metrics.json
0.7,0.8,0.2,0.0,0.6433333333333333,0.6897265833481587,0.47602311850212736,0.6333333333333333,0.6859040178571428,0.4786492795546858,0.8,1.0,0.14285714285714285,0.25,0.9354619565217391,0.2,0.0,1.0,50,0,50,0.7157924175262451,0.5187036367979917,0.16665785579067288,0.08642559092153203,0.056439069071502396,0.3221577017596274,success,C:\Users\YAN_SHU_YU\Desktop\Generative-CD\Q_GNCDM\results\weak_q_lambda_sweep\lq_0p7_ls_0p8_lb_0p2,C:\Users\YAN_SHU_YU\Desktop\Generative-CD\Q_GNCDM\results\weak_q_lambda_sweep\lq_0p7_ls_0p8_lb_0p2\seed_2026\noise_0.20\weak-q_lq_0p7_ls_0p8_lb_0p2\metrics.json
0.7,0.8,0.3,0.0,0.6391666666666667,0.6888398416651842,0.47785258788203966,0.6383333333333333,0.6843080357142857,0.4875890863252957,0.7958333333333333,1.0,0.125,0.2222222222222222,0.9103260869565216,0.20416666666666666,0.0,1.0,50,0,50,0.7071378032366434,0.5096497278321873,0.17525896633213217,0.07559747531106978,0.04776273024353114,0.4010843124353524,success,C:\Users\YAN_SHU_YU\Desktop\Generative-CD\Q_GNCDM\results\weak_q_lambda_sweep\lq_0p7_ls_0p8_lb_0p3,C:\Users\YAN_SHU_YU\Desktop\Generative-CD\Q_GNCDM\results\weak_q_lambda_sweep\lq_0p7_ls_0p8_lb_0p3\seed_2026\noise_0.20\weak-q_lq_0p7_ls_0p8_lb_0p3\metrics.json
0.7,0.8,0.4,0.0,0.6425,0.6888148238747555,0.47727398171910546,0.6366666666666667,0.6843080357142857,0.48557517335725064,0.7916666666666666,1.0,0.10714285714285714,0.1935483870967742,0.8940217391304348,0.20833333333333334,0.0,1.0,50,0,50,0.7185462306846272,0.5210836678743362,0.18102838934370966,0.06717648673238176,0.04250375779740738,0.4696365468429797,success,C:\Users\YAN_SHU_YU\Desktop\Generative-CD\Q_GNCDM\results\weak_q_lambda_sweep\lq_0p7_ls_0p8_lb_0p4,C:\Users\YAN_SHU_YU\Desktop\Generative-CD\Q_GNCDM\results\weak_q_lambda_sweep\lq_0p7_ls_0p8_lb_0p4\seed_2026\noise_0.20\weak-q_lq_0p7_ls_0p8_lb_0p4\metrics.json
0.7,0.8,0.5,0.0,0.645,0.6872053460238392,0.4748084920861175,0.65,0.6905245535714285,0.4749511919562566,0.775,1.0,0.03571428571428571,0.06896551724137931,0.8790760869565217,0.225,0.0,1.0,52,0,52,0.7552113659454115,0.5581280661351753,0.1841973481756268,0.059920957989313385,0.04041676793360349,0.5282056051673312,success,C:\Users\YAN_SHU_YU\Desktop\Generative-CD\Q_GNCDM\results\weak_q_lambda_sweep\lq_0p7_ls_0p8_lb_0p5,C:\Users\YAN_SHU_YU\Desktop\Generative-CD\Q_GNCDM\results\weak_q_lambda_sweep\lq_0p7_ls_0p8_lb_0p5\seed_2026\noise_0.20\weak-q_lq_0p7_ls_0p8_lb_0p5\metrics.json
0.7,0.8,0.6,0.0,0.6416666666666667,0.6866605141433909,0.4758227359915014,0.64,0.6806249999999999,0.48629875458023936,0.7791666666666667,1.0,0.05357142857142857,0.1016949152542373,0.844138198757764,0.22083333333333333,0.0,1.0,51,0,51,0.7520097611528455,0.557044065359867,0.1913695940465638,0.05131100411667968,0.03326361547365333,0.5942685396382303,success,C:\Users\YAN_SHU_YU\Desktop\Generative-CD\Q_GNCDM\results\weak_q_lambda_sweep\lq_0p7_ls_0p8_lb_0p6,C:\Users\YAN_SHU_YU\Desktop\Generative-CD\Q_GNCDM\results\weak_q_lambda_sweep\lq_0p7_ls_0p8_lb_0p6\seed_2026\noise_0.20\weak-q_lq_0p7_ls_0p8_lb_0p6\metrics.json
0.7,0.8,0.7,0.0,0.6441666666666667,0.6858265877957659,0.47744184750974433,0.6483333333333333,0.6848883928571429,0.4782036495500111,0.7791666666666667,1.0,0.05357142857142857,0.1016949152542373,0.8018245341614907,0.22083333333333333,0.0,1.0,53,0,53,0.7605895083962064,0.5696899823167108,0.1968511539426717,0.041551879748250496,0.02837459576513731,0.6706195284019817,success,C:\Users\YAN_SHU_YU\Desktop\Generative-CD\Q_GNCDM\results\weak_q_lambda_sweep\lq_0p7_ls_0p8_lb_0p7,C:\Users\YAN_SHU_YU\Desktop\Generative-CD\Q_GNCDM\results\weak_q_lambda_sweep\lq_0p7_ls_0p8_lb_0p7\seed_2026\noise_0.20\weak-q_lq_0p7_ls_0p8_lb_0p7\metrics.json
0.7,0.8,0.8,0.0,0.63,0.6842615860167229,0.4809327105184253,0.6416666666666667,0.6873772321428571,0.4817205816507821,0.7791666666666667,1.0,0.05357142857142857,0.1016949152542373,0.7640722049689441,0.22083333333333333,0.0,1.0,54,0,54,0.7669315735499064,0.5790149276003693,0.20234171842986887,0.034601260823282326,0.023245553344939694,0.7257828965331569,success,C:\Users\YAN_SHU_YU\Desktop\Generative-CD\Q_GNCDM\results\weak_q_lambda_sweep\lq_0p7_ls_0p8_lb_0p8,C:\Users\YAN_SHU_YU\Desktop\Generative-CD\Q_GNCDM\results\weak_q_lambda_sweep\lq_0p7_ls_0p8_lb_0p8\seed_2026\noise_0.20\weak-q_lq_0p7_ls_0p8_lb_0p8\metrics.json
0.7,0.8,0.9,0.0,0.6341666666666667,0.6831163271659846,0.4798589721584416,0.6533333333333333,0.6921093749999999,0.4790651007228559,0.775,1.0,0.03571428571428571,0.06896551724137931,0.7322399068322981,0.225,0.0,1.0,54,0,54,0.7732735258160215,0.587190742745544,0.20572258148229483,0.03005335321932128,0.02003811105069789,0.7607240369825652,success,C:\Users\YAN_SHU_YU\Desktop\Generative-CD\Q_GNCDM\results\weak_q_lambda_sweep\lq_0p7_ls_0p8_lb_0p9,C:\Users\YAN_SHU_YU\Desktop\Generative-CD\Q_GNCDM\results\weak_q_lambda_sweep\lq_0p7_ls_0p8_lb_0p9\seed_2026\noise_0.20\weak-q_lq_0p7_ls_0p8_lb_0p9\metrics.json
0.7,0.9,0.05,0.0,0.6425,0.6903409090909091,0.4754905508863177,0.6266666666666667,0.6852343750000001,0.4783036051542749,0.8,1.0,0.14285714285714285,0.25,0.9359472049689441,0.2,0.0,1.0,50,0,50,0.7195365745009799,0.5231068287834977,0.1648125583023736,0.08681328684994669,0.05858004725340641,0.3171070570295507,success,C:\Users\YAN_SHU_YU\Desktop\Generative-CD\Q_GNCDM\results\weak_q_lambda_sweep\lq_0p7_ls_0p9_lb_0p05,C:\Users\YAN_SHU_YU\Desktop\Generative-CD\Q_GNCDM\results\weak_q_lambda_sweep\lq_0p7_ls_0p9_lb_0p05\seed_2026\noise_0.20\weak-q_lq_0p7_ls_0p9_lb_0p05\metrics.json
0.7,0.9,0.1,0.0,0.6466666666666666,0.6898488925458104,0.47560208497153184,0.6316666666666667,0.6855580357142856,0.47794773516175443,0.7958333333333333,1.0,0.125,0.2222222222222222,0.9301242236024845,0.20416666666666666,0.0,1.0,51,0,51,0.7236513540600286,0.52609068561684,0.1678542774735075,0.08277539931463473,0.05564814653586258,0.34864357746008673,success,C:\Users\YAN_SHU_YU\Desktop\Generative-CD\Q_GNCDM\results\weak_q_lambda_sweep\lq_0p7_ls_0p9_lb_0p1,C:\Users\YAN_SHU_YU\Desktop\Generative-CD\Q_GNCDM\results\weak_q_lambda_sweep\lq_0p7_ls_0p9_lb_0p1\seed_2026\noise_0.20\weak-q_lq_0p7_ls_0p9_lb_0p1\metrics.json
0.7,0.9,0.2,0.0,0.6391666666666667,0.6897293631026508,0.47709927778230365,0.64,0.683392857142857,0.4869266481153697,0.7958333333333333,1.0,0.125,0.2222222222222222,0.9071234472049688,0.20416666666666666,0.0,1.0,51,0,51,0.7127762879386093,0.5145718157291412,0.1762587841261517,0.07268515387267778,0.04703348265452818,0.4227371233882326,success,C:\Users\YAN_SHU_YU\Desktop\Generative-CD\Q_GNCDM\results\weak_q_lambda_sweep\lq_0p7_ls_0p9_lb_0p2,C:\Users\YAN_SHU_YU\Desktop\Generative-CD\Q_GNCDM\results\weak_q_lambda_sweep\lq_0p7_ls_0p9_lb_0p2\seed_2026\noise_0.20\weak-q_lq_0p7_ls_0p9_lb_0p2\metrics.json
0.7,0.9,0.3,0.0,0.6433333333333333,0.6892985011563778,0.4767075562523231,0.635,0.6843303571428571,0.48490785845445217,0.7875,1.0,0.08928571428571429,0.16393442622950818,0.8914984472049691,0.2125,0.0,1.0,51,0,51,0.7237290676796075,0.5251906189051542,0.18185885973048932,0.06519377807324583,0.041876177049495956,0.4843135169058135,success,C:\Users\YAN_SHU_YU\Desktop\Generative-CD\Q_GNCDM\results\weak_q_lambda_sweep\lq_0p7_ls_0p9_lb_0p3,C:\Users\YAN_SHU_YU\Desktop\Generative-CD\Q_GNCDM\results\weak_q_lambda_sweep\lq_0p7_ls_0p9_lb_0p3\seed_2026\noise_0.20\weak-q_lq_0p7_ls_0p9_lb_0p3\metrics.json
0.7,0.9,0.4,0.0,0.6458333333333334,0.6869607276285358,0.47480430359505393,0.65,0.691328125,0.4745878314213178,0.775,1.0,0.03571428571428571,0.06896551724137931,0.8811141304347826,0.225,0.0,1.0,52,0,52,0.7584214436285424,0.5603234795006838,0.1844553125627113,0.05873648861818241,0.040291027815052956,0.5360367262002194,success,C:\Users\YAN_SHU_YU\Desktop\Generative-CD\Q_GNCDM\results\weak_q_lambda_sweep\lq_0p7_ls_0p9_lb_0p4,C:\Users\YAN_SHU_YU\Desktop\Generative-CD\Q_GNCDM\results\weak_q_lambda_sweep\lq_0p7_ls_0p9_lb_0p4\seed_2026\noise_0.20\weak-q_lq_0p7_ls_0p9_lb_0p4\metrics.json
0.7,0.9,0.5,0.0,0.6433333333333333,0.6867939423590109,0.475867137803796,0.6416666666666667,0.6820647321428571,0.48589074228026896,0.7791666666666667,1.0,0.05357142857142857,0.1016949152542373,0.8482142857142857,0.22083333333333333,0.0,1.0,53,0,53,0.7510972926110933,0.5545223788781599,0.1918294723286773,0.05099324362747597,0.03280072760852901,0.5962158080303308,success,C:\Users\YAN_SHU_YU\Desktop\Generative-CD\Q_GNCDM\results\weak_q_lambda_sweep\lq_0p7_ls_0p9_lb_0p5,C:\Users\YAN_SHU_YU\Desktop\Generative-CD\Q_GNCDM\results\weak_q_lambda_sweep\lq_0p7_ls_0p9_lb_0p5\seed_2026\noise_0.20\weak-q_lq_0p7_ls_0p9_lb_0p5\metrics.json
0.7,0.9,0.6,0.0,0.6458333333333334,0.6860350693826721,0.47771203929586303,0.6383333333333333,0.6842857142857143,0.47901571047221264,0.7791666666666667,1.0,0.05357142857142857,0.1016949152542373,0.8095885093167702,0.22083333333333333,0.0,1.0,53,0,53,0.755641601302407,0.5621716660080534,0.19620318507606332,0.04314955538420966,0.028821838906768597,0.6571344019788684,success,C:\Users\YAN_SHU_YU\Desktop\Generative-CD\Q_GNCDM\results\weak_q_lambda_sweep\lq_0p7_ls_0p9_lb_0p6,C:\Users\YAN_SHU_YU\Desktop\Generative-CD\Q_GNCDM\results\weak_q_lambda_sweep\lq_0p7_ls_0p9_lb_0p6\seed_2026\noise_0.20\weak-q_lq_0p7_ls_0p9_lb_0p6\metrics.json
0.7,0.9,0.7,0.0,0.6341666666666667,0.6845340019569471,0.48151689882997845,0.645,0.687466517857143,0.48196560887008155,0.7791666666666667,1.0,0.05357142857142857,0.1016949152542373,0.7729037267080746,0.22083333333333333,0.0,1.0,54,0,54,0.7660353815916813,0.5765661136670546,0.20157407427375967,0.03509751430740862,0.023970937299909012,0.721233173753276,success,C:\Users\YAN_SHU_YU\Desktop\Generative-CD\Q_GNCDM\results\weak_q_lambda_sweep\lq_0p7_ls_0p9_lb_0p7,C:\Users\YAN_SHU_YU\Desktop\Generative-CD\Q_GNCDM\results\weak_q_lambda_sweep\lq_0p7_ls_0p9_lb_0p7\seed_2026\noise_0.20\weak-q_lq_0p7_ls_0p9_lb_0p7\metrics.json
0.7,0.9,0.8,0.0,0.6333333333333333,0.6827799768724427,0.4804522386751377,0.65,0.6905133928571429,0.4796343976624035,0.7791666666666667,1.0,0.05357142857142857,0.1016949152542373,0.7440799689440993,0.22083333333333333,0.0,1.0,54,0,54,0.7725999481750258,0.584864206386335,0.20499600515221106,0.03071803447197784,0.020740378930261642,0.755042626099153,success,C:\Users\YAN_SHU_YU\Desktop\Generative-CD\Q_GNCDM\results\weak_q_lambda_sweep\lq_0p7_ls_0p9_lb_0p8,C:\Users\YAN_SHU_YU\Desktop\Generative-CD\Q_GNCDM\results\weak_q_lambda_sweep\lq_0p7_ls_0p9_lb_0p8\seed_2026\noise_0.20\weak-q_lq_0p7_ls_0p9_lb_0p8\metrics.json
0.7,0.9,0.9,0.0,0.6408333333333334,0.6849648639032201,0.47646508485801786,0.66,0.6890066964285715,0.4746862392028861,0.7791666666666667,1.0,0.05357142857142857,0.1016949152542373,0.7152562111801243,0.22083333333333333,0.0,1.0,54,0,54,0.7756172283129259,0.5896330141659939,0.2082361247051846,0.027204463060832386,0.017483245412057095,0.7826798675638257,success,C:\Users\YAN_SHU_YU\Desktop\Generative-CD\Q_GNCDM\results\weak_q_lambda_sweep\lq_0p7_ls_0p9_lb_0p9,C:\Users\YAN_SHU_YU\Desktop\Generative-CD\Q_GNCDM\results\weak_q_lambda_sweep\lq_0p7_ls_0p9_lb_0p9\seed_2026\noise_0.20\weak-q_lq_0p7_ls_0p9_lb_0p9\metrics.json
0.8,0.05,0.05,0.0,0.6358333333333334,0.6833526062978118,0.47637751476700013,0.6216666666666667,0.6698995535714285,0.4794272125613477,0.9333333333333333,0.8703703703703703,0.8392857142857143,0.8545454545454545,0.952833850931677,0.06666666666666667,0.0,0.5,9,2,7,0.6429211673411456,0.6046628807530259,0.00627797971140932,0.42871198329058563,0.2360061915083365,0.0,success,C:\Users\YAN_SHU_YU\Desktop\Generative-CD\Q_GNCDM\results\weak_q_lambda_sweep\lq_0p8_ls_0p05_lb_0p05,C:\Users\YAN_SHU_YU\Desktop\Generative-CD\Q_GNCDM\results\weak_q_lambda_sweep\lq_0p8_ls_0p05_lb_0p05\seed_2026\noise_0.20\weak-q_lq_0p8_ls_0p05_lb_0p05\metrics.json
0.8,0.05,0.1,0.0,0.635,0.6834915940224158,0.47638599958905803,0.6216666666666667,0.6706584821428572,0.4793233345574402,0.9333333333333333,0.8703703703703703,0.8392857142857143,0.8545454545454545,0.9544836956521738,0.06666666666666667,0.0,0.5,9,2,7,0.6543414439215804,0.6030947421536301,0.008713770601333994,0.42115801798574853,0.23217782400774234,0.0,success,C:\Users\YAN_SHU_YU\Desktop\Generative-CD\Q_GNCDM\results\weak_q_lambda_sweep\lq_0p8_ls_0p05_lb_0p1,C:\Users\YAN_SHU_YU\Desktop\Generative-CD\Q_GNCDM\results\weak_q_lambda_sweep\lq_0p8_ls_0p05_lb_0p1\seed_2026\noise_0.20\weak-q_lq_0p8_ls_0p05_lb_0p1\metrics.json
0.8,0.05,0.2,0.0,0.6375,0.6843199608610567,0.4763037351166067,0.6266666666666667,0.6734151785714285,0.47922000015406635,0.9333333333333333,0.8703703703703703,0.8392857142857143,0.8545454545454545,0.9581715838509317,0.06666666666666667,0.0,0.5,8,2,6,0.6742464331063357,0.5947668290499485,0.02073119699277661,0.3959416358759909,0.21548784930597653,0.0,success,C:\Users\YAN_SHU_YU\Desktop\Generative-CD\Q_GNCDM\results\weak_q_lambda_sweep\lq_0p8_ls_0p05_lb_0p2,C:\Users\YAN_SHU_YU\Desktop\Generative-CD\Q_GNCDM\results\weak_q_lambda_sweep\lq_0p8_ls_0p05_lb_0p2\seed_2026\noise_0.20\weak-q_lq_0p8_ls_0p05_lb_0p2\metrics.json
0.8,0.05,0.3,0.0,0.6283333333333333,0.6747520458993062,0.4862860297036321,0.64,0.6862053571428571,0.48233411944821314,0.9291666666666667,0.8979591836734694,0.7857142857142857,0.8380952380952381,0.9607919254658385,0.07083333333333333,0.0,0.5,12,1,11,0.6422566816662297,0.5151758686159597,0.09310689354033182,0.28115028684789484,0.128459262351195,0.0,success,C:\Users\YAN_SHU_YU\Desktop\Generative-CD\Q_GNCDM\results\weak_q_lambda_sweep\lq_0p8_ls_0p05_lb_0p3,C:\Users\YAN_SHU_YU\Desktop\Generative-CD\Q_GNCDM\results\weak_q_lambda_sweep\lq_0p8_ls_0p05_lb_0p3\seed_2026\noise_0.20\weak-q_lq_0p8_ls_0p05_lb_0p3\metrics.json
0.8,0.05,0.4,0.0,0.6325,0.6830301547767301,0.4907881114007621,0.6366666666666667,0.6964285714285714,0.485979078852161,0.925,0.9318181818181818,0.7321428571428571,0.82,0.9587538819875776,0.075,0.0,0.6666666666666666,15,1,14,0.6084826082894297,0.45690804810235,0.13380833647467874,0.22745417893835992,0.08288794699491876,0.0,success,C:\Users\YAN_SHU_YU\Desktop\Generative-CD\Q_GNCDM\results\weak_q_lambda_sweep\lq_0p8_ls_0p05_lb_0p4,C:\Users\YAN_SHU_YU\Desktop\Generative-CD\Q_GNCDM\results\weak_q_lambda_sweep\lq_0p8_ls_0p05_lb_0p4\seed_2026\noise_0.20\weak-q_lq_0p8_ls_0p05_lb_0p4\metrics.json
0.8,0.05,0.5,0.0,0.6341666666666667,0.6854513209393347,0.49112790470104123,0.6333333333333333,0.6977008928571429,0.4876712555573142,0.925,0.9318181818181818,0.7321428571428571,0.82,0.9643827639751553,0.075,0.0,0.6666666666666666,15,1,14,0.601356133367076,0.43859173222021625,0.15032255378636447,0.20623531328006225,0.06438919608340118,0.0,success,C:\Users\YAN_SHU_YU\Desktop\Generative-CD\Q_GNCDM\results\weak_q_lambda_sweep\lq_0p8_ls_0p05_lb_0p5,C:\Users\YAN_SHU_YU\Desktop\Generative-CD\Q_GNCDM\results\weak_q_lambda_sweep\lq_0p8_ls_0p05_lb_0p5\seed_2026\noise_0.20\weak-q_lq_0p8_ls_0p05_lb_0p5\metrics.json
0.8,0.05,0.6,0.0,0.6425,0.6859544565024016,0.49307371822892027,0.645,0.6975669642857142,0.48910482044020426,0.9291666666666667,0.9534883720930233,0.7321428571428571,0.8282828282828283,0.9712732919254659,0.07083333333333333,0.0,0.6666666666666666,15,0,15,0.5947961409886678,0.4247630527525237,0.16226270501360748,0.19342196168321552,0.05091970148637439,0.0,success,C:\Users\YAN_SHU_YU\Desktop\Generative-CD\Q_GNCDM\results\weak_q_lambda_sweep\lq_0p8_ls_0p05_lb_0p6,C:\Users\YAN_SHU_YU\Desktop\Generative-CD\Q_GNCDM\results\weak_q_lambda_sweep\lq_0p8_ls_0p05_lb_0p6\seed_2026\noise_0.20\weak-q_lq_0p8_ls_0p05_lb_0p6\metrics.json
0.8,0.05,0.7,0.0,0.6425,0.6875972914072228,0.4935272836566976,0.6383333333333333,0.696953125,0.4911245878094337,0.9291666666666667,0.9534883720930233,0.7321428571428571,0.8282828282828283,0.9729231366459626,0.07083333333333333,0.0,0.6666666666666666,16,0,16,0.5890624631534923,0.41408597519903473,0.16946303076816327,0.18710864267565988,0.042929475167483994,0.0,success,C:\Users\YAN_SHU_YU\Desktop\Generative-CD\Q_GNCDM\results\weak_q_lambda_sweep\lq_0p8_ls_0p05_lb_0p7,C:\Users\YAN_SHU_YU\Desktop\Generative-CD\Q_GNCDM\results\weak_q_lambda_sweep\lq_0p8_ls_0p05_lb_0p7\seed_2026\noise_0.20\weak-q_lq_0p8_ls_0p05_lb_0p7\metrics.json
0.8,0.05,0.8,0.0,0.6341666666666667,0.6883144680661805,0.4937875473049065,0.65,0.6952678571428572,0.4931799671971693,0.9416666666666667,0.9772727272727273,0.7678571428571429,0.86,0.9741847826086956,0.058333333333333334,0.0,0.8333333333333334,15,0,15,0.5877710580825806,0.4091515830068877,0.17424854929700043,0.18688242476094852,0.03734563697468151,0.0,success,C:\Users\YAN_SHU_YU\Desktop\Generative-CD\Q_GNCDM\results\weak_q_lambda_sweep\lq_0p8_ls_0p05_lb_0p8,C:\Users\YAN_SHU_YU\Desktop\Generative-CD\Q_GNCDM\results\weak_q_lambda_sweep\lq_0p8_ls_0p05_lb_0p8\seed_2026\noise_0.20\weak-q_lq_0p8_ls_0p05_lb_0p8\metrics.json
0.8,0.05,0.9,0.0,0.6308333333333334,0.686599359544565,0.494716673814447,0.6466666666666666,0.6944531250000001,0.49362518637534547,0.9416666666666667,0.9772727272727273,0.7678571428571429,0.86,0.9746700310559007,0.058333333333333334,0.0,0.8333333333333334,15,0,15,0.5902960341085087,0.40907684736179584,0.178550739179958,0.1906174522909251,0.03205302273007957,0.0,success,C:\Users\YAN_SHU_YU\Desktop\Generative-CD\Q_GNCDM\results\weak_q_lambda_sweep\lq_0p8_ls_0p05_lb_0p9,C:\Users\YAN_SHU_YU\Desktop\Generative-CD\Q_GNCDM\results\weak_q_lambda_sweep\lq_0p8_ls_0p05_lb_0p9\seed_2026\noise_0.20\weak-q_lq_0p8_ls_0p05_lb_0p9\metrics.json
0.8,0.1,0.05,0.0,0.6391666666666667,0.6808508272549368,0.4758267148215789,0.625,0.6719308035714285,0.4781788033069771,0.8833333333333333,0.7916666666666666,0.6785714285714286,0.7307692307692307,0.9051824534161491,0.11666666666666667,0.0,0.6666666666666666,19,2,17,0.6665429238117102,0.6072859285455762,0.009607314894145185,0.3999304956558979,0.2315619093450633,0.0,success,C:\Users\YAN_SHU_YU\Desktop\Generative-CD\Q_GNCDM\results\weak_q_lambda_sweep\lq_0p8_ls_0p1_lb_0p05,C:\Users\YAN_SHU_YU\Desktop\Generative-CD\Q_GNCDM\results\weak_q_lambda_sweep\lq_0p8_ls_0p1_lb_0p05\seed_2026\noise_0.20\weak-q_lq_0p8_ls_0p1_lb_0p05\metrics.json
0.8,0.1,0.1,0.0,0.6391666666666667,0.6812205346023839,0.47572402558401744,0.625,0.6723995535714287,0.4780885449562497,0.8833333333333333,0.7916666666666666,0.6785714285714286,0.7307692307692307,0.9082880434782609,0.11666666666666667,0.0,0.6666666666666666,17,2,15,0.6778814593950907,0.6063636144002279,0.011772159882115595,0.3927006378318324,0.22830051296588147,0.0,success,C:\Users\YAN_SHU_YU\Desktop\Generative-CD\Q_GNCDM\results\weak_q_lambda_sweep\lq_0p8_ls_0p1_lb_0p1,C:\Users\YAN_SHU_YU\Desktop\Generative-CD\Q_GNCDM\results\weak_q_lambda_sweep\lq_0p8_ls_0p1_lb_0p1\seed_2026\noise_0.20\weak-q_lq_0p8_ls_0p1_lb_0p1\metrics.json
0.8,0.1,0.2,0.0,0.625,0.6761947384806974,0.4842390898796964,0.635,0.6845200892857143,0.4814302122104944,0.925,0.9318181818181818,0.7321428571428571,0.82,0.9595302795031055,0.075,0.0,0.6666666666666666,13,0,13,0.650061079046943,0.5280710702592676,0.08250111815604297,0.277728230212674,0.141081468399727,0.0,success,C:\Users\YAN_SHU_YU\Desktop\Generative-CD\Q_GNCDM\results\weak_q_lambda_sweep\lq_0p8_ls_0p1_lb_0p2,C:\Users\YAN_SHU_YU\Desktop\Generative-CD\Q_GNCDM\results\weak_q_lambda_sweep\lq_0p8_ls_0p1_lb_0p2\seed_2026\noise_0.20\weak-q_lq_0p8_ls_0p1_lb_0p2\metrics.json
0.8,0.1,0.3,0.0,0.6325,0.6821739903931685,0.49006056503854195,0.6433333333333333,0.6957924107142857,0.4851215984741596,0.9208333333333333,0.9302325581395349,0.7142857142857143,0.8080808080808081,0.9548718944099379,0.07916666666666666,0.0,0.6666666666666666,16,1,15,0.617270911281759,0.4668688462539153,0.12574982394774756,0.22105825873035373,0.09232126943992847,0.0,success,C:\Users\YAN_SHU_YU\Desktop\Generative-CD\Q_GNCDM\results\weak_q_lambda_sweep\lq_0p8_ls_0p1_lb_0p3,C:\Users\YAN_SHU_YU\Desktop\Generative-CD\Q_GNCDM\results\weak_q_lambda_sweep\lq_0p8_ls_0p1_lb_0p3\seed_2026\noise_0.20\weak-q_lq_0p8_ls_0p1_lb_0p3\metrics.json
0.8,0.1,0.4,0.0,0.6316666666666667,0.6854374221668741,0.49046956521930457,0.6366666666666667,0.6956026785714285,0.48853948214811554,0.9208333333333333,0.9302325581395349,0.7142857142857143,0.8080808080808081,0.9602096273291927,0.07916666666666666,0.0,0.6666666666666666,18,1,17,0.6051298822417404,0.44163978867458575,0.1430893468134331,0.1972633884711699,0.07323069080258861,0.0,success,C:\Users\YAN_SHU_YU\Desktop\Generative-CD\Q_GNCDM\results\weak_q_lambda_sweep\lq_0p8_ls_0p1_lb_0p4,C:\Users\YAN_SHU_YU\Desktop\Generative-CD\Q_GNCDM\results\weak_q_lambda_sweep\lq_0p8_ls_0p1_lb_0p4\seed_2026\noise_0.20\weak-q_lq_0p8_ls_0p1_lb_0p4\metrics.json
0.8,0.1,0.5,0.0,0.6358333333333334,0.6838335038249421,0.4903586291035834,0.6366666666666667,0.6965848214285715,0.48761201980652963,0.925,0.9523809523809523,0.7142857142857143,0.8163265306122449,0.9679736024844721,0.075,0.0,0.6666666666666666,18,0,18,0.6056428294290196,0.43350650821671344,0.15302818674932828,0.18846445620963068,0.061734643002802674,0.0,success,C:\Users\YAN_SHU_YU\Desktop\Generative-CD\Q_GNCDM\results\weak_q_lambda_sweep\lq_0p8_ls_0p1_lb_0p5,C:\Users\YAN_SHU_YU\Desktop\Generative-CD\Q_GNCDM\results\weak_q_lambda_sweep\lq_0p8_ls_0p1_lb_0p5\seed_2026\noise_0.20\weak-q_lq_0p8_ls_0p1_lb_0p5\metrics.json
0.8,0.1,0.6,0.0,0.6391666666666667,0.6849398461127912,0.48883457210402265,0.635,0.6963839285714286,0.49046389130084633,0.9208333333333333,0.9512195121951219,0.6964285714285714,0.8041237113402062,0.9739906832298136,0.07916666666666666,0.0,0.6666666666666666,18,0,18,0.6177000493714304,0.43906426565213635,0.1565090727173921,0.19025530824155518,0.05733832101704496,0.0,success,C:\Users\YAN_SHU_YU\Desktop\Generative-CD\Q_GNCDM\results\weak_q_lambda_sweep\lq_0p8_ls_0p1_lb_0p6,C:\Users\YAN_SHU_YU\Desktop\Generative-CD\Q_GNCDM\results\weak_q_lambda_sweep\lq_0p8_ls_0p1_lb_0p6\seed_2026\noise_0.20\weak-q_lq_0p8_ls_0p1_lb_0p6\metrics.json
0.8,0.1,0.7,0.0,0.6333333333333333,0.6846702099270593,0.48997055434103587,0.635,0.6963392857142856,0.491378049558057,0.9166666666666666,0.95,0.6785714285714286,0.7916666666666666,0.9759316770186335,0.08333333333333333,0.0,0.6666666666666666,18,0,18,0.614021415511767,0.43015492007587897,0.1633476996512124,0.18375633837598743,0.0497324327853593,0.0,success,C:\Users\YAN_SHU_YU\Desktop\Generative-CD\Q_GNCDM\results\weak_q_lambda_sweep\lq_0p8_ls_0p1_lb_0p7,C:\Users\YAN_SHU_YU\Desktop\Generative-CD\Q_GNCDM\results\weak_q_lambda_sweep\lq_0p8_ls_0p1_lb_0p7\seed_2026\noise_0.20\weak-q_lq_0p8_ls_0p1_lb_0p7\metrics.json
0.8,0.1,0.8,0.0,0.6358333333333334,0.6844700676036293,0.4909546039645249,0.64,0.6967857142857143,0.4923839057536773,0.9208333333333333,0.9512195121951219,0.6964285714285714,0.8041237113402062,0.9758346273291927,0.07916666666666666,0.0,0.6666666666666666,20,0,20,0.6123167393785535,0.42430857410936645,0.1684563114787593,0.1802923482927409,0.044017342229684196,0.0,success,C:\Users\YAN_SHU_YU\Desktop\Generative-CD\Q_GNCDM\results\weak_q_lambda_sweep\lq_0p8_ls_0p1_lb_0p8,C:\Users\YAN_SHU_YU\Desktop\Generative-CD\Q_GNCDM\results\weak_q_lambda_sweep\lq_0p8_ls_0p1_lb_0p8\seed_2026\noise_0.20\weak-q_lq_0p8_ls_0p1_lb_0p8\metrics.json
0.8,0.1,0.9,0.0,0.6366666666666667,0.6837584504536559,0.4918472694979813,0.6416666666666667,0.6973772321428572,0.49282557014181405,0.9291666666666667,0.9534883720930233,0.7321428571428571,0.8282828282828283,0.9746700310559007,0.07083333333333333,0.0,0.6666666666666666,18,0,18,0.6125077442689375,0.42120553891767154,0.1730292450749513,0.18003796898957455,0.038750018924474716,0.0,success,C:\Users\YAN_SHU_YU\Desktop\Generative-CD\Q_GNCDM\results\weak_q_lambda_sweep\lq_0p8_ls_0p1_lb_0p9,C:\Users\YAN_SHU_YU\Desktop\Generative-CD\Q_GNCDM\results\weak_q_lambda_sweep\lq_0p8_ls_0p1_lb_0p9\seed_2026\noise_0.20\weak-q_lq_0p8_ls_0p1_lb_0p9\metrics.json
0.8,0.2,0.05,0.0,0.64,0.6832775529265255,0.4749667726930367,0.63,0.67421875,0.4776664778046134,0.8208333333333333,0.8095238095238095,0.30357142857142855,0.44155844155844154,0.9042119565217391,0.17916666666666667,0.0,0.8333333333333334,31,1,30,0.7020168575373563,0.6047343747182325,0.024174941562567696,0.33650114048611035,0.2128461470658129,0.0,success,C:\Users\YAN_SHU_YU\Desktop\Generative-CD\Q_GNCDM\results\weak_q_lambda_sweep\lq_0p8_ls_0p2_lb_0p05,C:\Users\YAN_SHU_YU\Desktop\Generative-CD\Q_GNCDM\results\weak_q_lambda_sweep\lq_0p8_ls_0p2_lb_0p05\seed_2026\noise_0.20\weak-q_lq_0p8_ls_0p2_lb_0p05\metrics.json
0.8,0.2,0.1,0.0,0.64,0.6838223848069738,0.4747816552466199,0.635,0.6750223214285713,0.4775144349039659,0.8333333333333334,0.8333333333333334,0.35714285714285715,0.5,0.9079968944099379,0.16666666666666666,0.0,0.8333333333333334,29,1,28,0.7117168334397402,0.6028129494551456,0.0288043101741509,0.32591652463782916,0.20677128863154035,0.0,success,C:\Users\YAN_SHU_YU\Desktop\Generative-CD\Q_GNCDM\results\weak_q_lambda_sweep\lq_0p8_ls_0p2_lb_0p1,C:\Users\YAN_SHU_YU\Desktop\Generative-CD\Q_GNCDM\results\weak_q_lambda_sweep\lq_0p8_ls_0p2_lb_0p1\seed_2026\noise_0.20\weak-q_lq_0p8_ls_0p2_lb_0p1\metrics.json
0.8,0.2,0.2,0.0,0.6325,0.6842560265077389,0.48685723076206383,0.6416666666666667,0.6953013392857144,0.48657229843157607,0.8958333333333334,0.918918918918919,0.6071428571428571,0.7311827956989247,0.954386645962733,0.10416666666666667,0.0,0.6666666666666666,23,1,22,0.6193700315374316,0.45942422476681793,0.13005243354674542,0.19091546987042282,0.08860380857279807,0.0,success,C:\Users\YAN_SHU_YU\Desktop\Generative-CD\Q_GNCDM\results\weak_q_lambda_sweep\lq_0p8_ls_0p2_lb_0p2,C:\Users\YAN_SHU_YU\Desktop\Generative-CD\Q_GNCDM\results\weak_q_lambda_sweep\lq_0p8_ls_0p2_lb_0p2\seed_2026\noise_0.20\weak-q_lq_0p8_ls_0p2_lb_0p2\metrics.json
0.8,0.2,0.3,0.0,0.6325,0.6837751289806084,0.4881610788155363,0.625,0.6952678571428572,0.4870450779588705,0.9041666666666667,0.9230769230769231,0.6428571428571429,0.7578947368421053,0.9578804347826088,0.09583333333333334,0.0,0.6666666666666666,23,1,22,0.6172402523683779,0.4459645978429101,0.14052596123832645,0.178993219453277,0.07685411992398175,0.0,success,C:\Users\YAN_SHU_YU\Desktop\Generative-CD\Q_GNCDM\results\weak_q_lambda_sweep\lq_0p8_ls_0p2_lb_0p3,C:\Users\YAN_SHU_YU\Desktop\Generative-CD\Q_GNCDM\results\weak_q_lambda_sweep\lq_0p8_ls_0p2_lb_0p3\seed_2026\noise_0.20\weak-q_lq_0p8_ls_0p2_lb_0p3\metrics.json
0.8,0.2,0.4,0.0,0.6358333333333334,0.6843977939868351,0.489689740634686,0.625,0.6935491071428572,0.48844928114408187,0.9041666666666667,0.9459459459459459,0.625,0.7526881720430108,0.9628299689440994,0.09583333333333334,0.0,0.6666666666666666,23,0,23,0.613709731535478,0.4335494917450529,0.15057294702891147,0.16703340140256015,0.06573801916657072,0.0,success,C:\Users\YAN_SHU_YU\Desktop\Generative-CD\Q_GNCDM\results\weak_q_lambda_sweep\lq_0p8_ls_0p2_lb_0p4,C:\Users\YAN_SHU_YU\Desktop\Generative-CD\Q_GNCDM\results\weak_q_lambda_sweep\lq_0p8_ls_0p2_lb_0p4\seed_2026\noise_0.20\weak-q_lq_0p8_ls_0p2_lb_0p4\metrics.json
0.8,0.2,0.5,0.0,0.64,0.6848759117594734,0.48772523930988193,0.6333333333333333,0.6937388392857142,0.4916123704233409,0.9041666666666667,0.9459459459459459,0.625,0.7526881720430108,0.9691381987577639,0.09583333333333334,0.0,0.6666666666666666,22,0,22,0.6288258781035742,0.4416495800921411,0.15202048037088278,0.16862620684233579,0.0636693499982357,0.0,success,C:\Users\YAN_SHU_YU\Desktop\Generative-CD\Q_GNCDM\results\weak_q_lambda_sweep\lq_0p8_ls_0p2_lb_0p5,C:\Users\YAN_SHU_YU\Desktop\Generative-CD\Q_GNCDM\results\weak_q_lambda_sweep\lq_0p8_ls_0p2_lb_0p5\seed_2026\noise_0.20\weak-q_lq_0p8_ls_0p2_lb_0p5\metrics.json
0.8,0.2,0.6,0.0,0.6433333333333333,0.6854513209393346,0.48904744295998176,0.6183333333333333,0.6941741071428571,0.48715784687188635,0.9041666666666667,0.9459459459459459,0.625,0.7526881720430108,0.9711762422360248,0.09583333333333334,0.0,0.6666666666666666,20,0,20,0.6351906765591014,0.44186861496983154,0.15435584182992126,0.16654996325572333,0.06087898513810201,0.0,success,C:\Users\YAN_SHU_YU\Desktop\Generative-CD\Q_GNCDM\results\weak_q_lambda_sweep\lq_0p8_ls_0p2_lb_0p6,C:\Users\YAN_SHU_YU\Desktop\Generative-CD\Q_GNCDM\results\weak_q_lambda_sweep\lq_0p8_ls_0p2_lb_0p6\seed_2026\noise_0.20\weak-q_lq_0p8_ls_0p2_lb_0p6\metrics.json
0.8,0.2,0.7,0.0,0.64,0.6840058486034513,0.4897040002503733,0.6283333333333333,0.6930133928571429,0.49370575508884834,0.9,0.9444444444444444,0.6071428571428571,0.7391304347826086,0.9754464285714286,0.1,0.0,0.6666666666666666,24,0,24,0.6239989277991381,0.4265321572170113,0.16328423221906027,0.1537029483553135,0.051569700692639206,0.0,success,C:\Users\YAN_SHU_YU\Desktop\Generative-CD\Q_GNCDM\results\weak_q_lambda_sweep\lq_0p8_ls_0p2_lb_0p7,C:\Users\YAN_SHU_YU\Desktop\Generative-CD\Q_GNCDM\results\weak_q_lambda_sweep\lq_0p8_ls_0p2_lb_0p7\seed_2026\noise_0.20\weak-q_lq_0p8_ls_0p2_lb_0p7\metrics.json
0.8,0.2,0.8,0.0,0.645,0.6897377023661271,0.48502434036993386,0.6266666666666667,0.6996651785714286,0.4839100441924693,0.8958333333333334,0.9428571428571428,0.5892857142857143,0.7252747252747253,0.9704968944099379,0.10416666666666667,0.0,0.6666666666666666,23,0,23,0.6442669891949856,0.44084877091826813,0.158608387817036,0.1563493593624144,0.05657704264828653,0.0,success,C:\Users\YAN_SHU_YU\Desktop\Generative-CD\Q_GNCDM\results\weak_q_lambda_sweep\lq_0p8_ls_0p2_lb_0p8,C:\Users\YAN_SHU_YU\Desktop\Generative-CD\Q_GNCDM\results\weak_q_lambda_sweep\lq_0p8_ls_0p2_lb_0p8\seed_2026\noise_0.20\weak-q_lq_0p8_ls_0p2_lb_0p8\metrics.json
0.8,0.2,0.9,0.0,0.6325,0.6910664250133428,0.48463497184411336,0.625,0.6891071428571429,0.4912968023673333,0.8833333333333333,0.9666666666666667,0.5178571428571429,0.6744186046511628,0.968944099378882,0.11666666666666667,0.0,0.8333333333333334,27,0,27,0.6506417700738618,0.4429345171559941,0.15944980829954147,0.14624565613992285,0.05655363580268441,0.006422064789203983,success,C:\Users\YAN_SHU_YU\Desktop\Generative-CD\Q_GNCDM\results\weak_q_lambda_sweep\lq_0p8_ls_0p2_lb_0p9,C:\Users\YAN_SHU_YU\Desktop\Generative-CD\Q_GNCDM\results\weak_q_lambda_sweep\lq_0p8_ls_0p2_lb_0p9\seed_2026\noise_0.20\weak-q_lq_0p8_ls_0p2_lb_0p9\metrics.json
0.8,0.3,0.05,0.0,0.6375,0.6858710638676393,0.4738929530096326,0.6383333333333333,0.6768526785714286,0.47706353339534824,0.7833333333333333,0.8333333333333334,0.08928571428571429,0.16129032258064516,0.906638198757764,0.21666666666666667,0.0,1.0,41,1,40,0.7291411369135885,0.6000768280390537,0.04476355371827429,0.27945134630708984,0.18836123022166165,0.0,success,C:\Users\YAN_SHU_YU\Desktop\Generative-CD\Q_GNCDM\results\weak_q_lambda_sweep\lq_0p8_ls_0p3_lb_0p05,C:\Users\YAN_SHU_YU\Desktop\Generative-CD\Q_GNCDM\results\weak_q_lambda_sweep\lq_0p8_ls_0p3_lb_0p05\seed_2026\noise_0.20\weak-q_lq_0p8_ls_0p3_lb_0p05\metrics.json
0.8,0.3,0.1,0.0,0.6366666666666667,0.6866493951254224,0.47364343439792994,0.64,0.6786160714285714,0.4767547071302134,0.7833333333333333,0.8333333333333334,0.08928571428571429,0.16129032258064516,0.9096467391304348,0.21666666666666667,0.0,1.0,39,1,38,0.736128032207489,0.596482388900988,0.051638639334476356,0.26781747151504864,0.17989490226362692,0.0,success,C:\Users\YAN_SHU_YU\Desktop\Generative-CD\Q_GNCDM\results\weak_q_lambda_sweep\lq_0p8_ls_0p3_lb_0p1,C:\Users\YAN_SHU_YU\Desktop\Generative-CD\Q_GNCDM\results\weak_q_lambda_sweep\lq_0p8_ls_0p3_lb_0p1\seed_2026\noise_0.20\weak-q_lq_0p8_ls_0p3_lb_0p1\metrics.json
0.8,0.3,0.2,0.0,0.6333333333333333,0.6846702099270594,0.48698758750297655,0.63,0.6948883928571429,0.4866820385875509,0.8833333333333333,0.9117647058823529,0.5535714285714286,0.6888888888888889,0.9555512422360248,0.11666666666666667,0.0,0.6666666666666666,28,1,27,0.6253535183090152,0.4485907577203982,0.14027708114096613,0.16312187390797067,0.07802263827938022,0.0,success,C:\Users\YAN_SHU_YU\Desktop\Generative-CD\Q_GNCDM\results\weak_q_lambda_sweep\lq_0p8_ls_0p3_lb_0p2,C:\Users\YAN_SHU_YU\Desktop\Generative-CD\Q_GNCDM\results\weak_q_lambda_sweep\lq_0p8_ls_0p3_lb_0p2\seed_2026\noise_0.20\weak-q_lq_0p8_ls_0p3_lb_0p2\metrics.json
0.8,0.3,0.3,0.0,0.6375,0.6849148283223625,0.48867195087829807,0.6266666666666667,0.6931473214285715,0.48808128235176623,0.8875,0.9393939393939394,0.5535714285714286,0.6966292134831461,0.9598214285714285,0.1125,0.0,0.6666666666666666,26,0,26,0.6224114086591837,0.4369438629258763,0.1487232196060094,0.1528429596713095,0.06878691979429939,0.001090961008396169,success,C:\Users\YAN_SHU_YU\Desktop\Generative-CD\Q_GNCDM\results\weak_q_lambda_sweep\lq_0p8_ls_0p3_lb_0p3,C:\Users\YAN_SHU_YU\Desktop\Generative-CD\Q_GNCDM\results\weak_q_lambda_sweep\lq_0p8_ls_0p3_lb_0p3\seed_2026\noise_0.20\weak-q_lq_0p8_ls_0p3_lb_0p3\metrics.json
0.8,0.3,0.4,0.0,0.6291666666666667,0.6852789761608256,0.48620450318635816,0.6366666666666667,0.6937834821428572,0.4912952158632916,0.8958333333333334,0.9428571428571428,0.5892857142857143,0.7252747252747253,0.9636063664596273,0.10416666666666667,0.0,0.6666666666666666,26,0,26,0.6408502143440824,0.44820683246309106,0.14859854655735422,0.1545402452801213,0.0685061736766136,0.0,success,C:\Users\YAN_SHU_YU\Desktop\Generative-CD\Q_GNCDM\results\weak_q_lambda_sweep\lq_0p8_ls_0p3_lb_0p4,C:\Users\YAN_SHU_YU\Desktop\Generative-CD\Q_GNCDM\results\weak_q_lambda_sweep\lq_0p8_ls_0p3_lb_0p4\seed_2026\noise_0.20\weak-q_lq_0p8_ls_0p3_lb_0p4\metrics.json
0.8,0.3,0.5,0.0,0.6375,0.6905910869951966,0.48059567902052686,0.6283333333333333,0.6945982142857143,0.48401122133452634,0.8875,0.967741935483871,0.5357142857142857,0.6896551724137931,0.9624417701863354,0.1125,0.0,0.8333333333333334,25,0,25,0.674931009610494,0.47510164885809925,0.14096462749170535,0.16266674322612357,0.07651526650244539,0.0,success,C:\Users\YAN_SHU_YU\Desktop\Generative-CD\Q_GNCDM\results\weak_q_lambda_sweep\lq_0p8_ls_0p3_lb_0p5,C:\Users\YAN_SHU_YU\Desktop\Generative-CD\Q_GNCDM\results\weak_q_lambda_sweep\lq_0p8_ls_0p3_lb_0p5\seed_2026\noise_0.20\weak-q_lq_0p8_ls_0p3_lb_0p5\metrics.json
0.8,0.3,0.6,0.0,0.64,0.6870663582992349,0.4897483916377168,0.6283333333333333,0.6922879464285714,0.4909820788459525,0.875,0.9333333333333333,0.5,0.6511627906976745,0.9713703416149068,0.125,0.0,0.6666666666666666,26,0,26,0.6243736170458071,0.42122666086211347,0.16119232976978476,0.136801373100642,0.05525446084864212,0.009165005264521547,success,C:\Users\YAN_SHU_YU\Desktop\Generative-CD\Q_GNCDM\results\weak_q_lambda_sweep\lq_0p8_ls_0p3_lb_0p6,C:\Users\YAN_SHU_YU\Desktop\Generative-CD\Q_GNCDM\results\weak_q_lambda_sweep\lq_0p8_ls_0p3_lb_0p6\seed_2026\noise_0.20\weak-q_lq_0p8_ls_0p3_lb_0p6\metrics.json
0.8,0.3,0.7,0.0,0.635,0.6908218066180396,0.48138098566223664,0.64,0.6976674107142856,0.4832306928629981,0.8708333333333333,0.9629629629629629,0.4642857142857143,0.6265060240963856,0.967197204968944,0.12916666666666668,0.0,0.8333333333333334,27,0,27,0.6671115178050417,0.4574775980277495,0.1532708736080112,0.1409003075325128,0.0639244717630473,0.00685465419100541,success,C:\Users\YAN_SHU_YU\Desktop\Generative-CD\Q_GNCDM\results\weak_q_lambda_sweep\lq_0p8_ls_0p3_lb_0p7,C:\Users\YAN_SHU_YU\Desktop\Generative-CD\Q_GNCDM\results\weak_q_lambda_sweep\lq_0p8_ls_0p3_lb_0p7\seed_2026\noise_0.20\weak-q_lq_0p8_ls_0p3_lb_0p7\metrics.json
0.8,0.3,0.8,0.0,0.6483333333333333,0.6932624310620886,0.47912747104038095,0.6433333333333333,0.6888616071428572,0.4884305923326663,0.8416666666666667,1.0,0.32142857142857145,0.4864864864864865,0.967876552795031,0.15833333333333333,0.0,1.0,35,0,35,0.6811588207880656,0.467872472875046,0.15593692637754208,0.12911491118597263,0.06225291509745699,0.03686522935150248,success,C:\Users\YAN_SHU_YU\Desktop\Generative-CD\Q_GNCDM\results\weak_q_lambda_sweep\lq_0p8_ls_0p3_lb_0p8,C:\Users\YAN_SHU_YU\Desktop\Generative-CD\Q_GNCDM\results\weak_q_lambda_sweep\lq_0p8_ls_0p3_lb_0p8\seed_2026\noise_0.20\weak-q_lq_0p8_ls_0p3_lb_0p8\metrics.json
0.8,0.3,0.9,0.0,0.64,0.6907022771748799,0.4770463213813845,0.64,0.6830803571428571,0.49043978553238166,0.8208333333333333,1.0,0.23214285714285715,0.37681159420289856,0.9590450310559006,0.17916666666666667,0.0,1.0,38,0,38,0.6827629614960063,0.4676979306069287,0.16319566265200125,0.11348933941035559,0.056068542102972664,0.12027112970297987,success,C:\Users\YAN_SHU_YU\Desktop\Generative-CD\Q_GNCDM\results\weak_q_lambda_sweep\lq_0p8_ls_0p3_lb_0p9,C:\Users\YAN_SHU_YU\Desktop\Generative-CD\Q_GNCDM\results\weak_q_lambda_sweep\lq_0p8_ls_0p3_lb_0p9\seed_2026\noise_0.20\weak-q_lq_0p8_ls_0p3_lb_0p9\metrics.json
0.8,0.4,0.05,0.0,0.6358333333333334,0.6889009962640099,0.47274260276342106,0.6416666666666667,0.6807254464285714,0.47612015083507997,0.7625,0.0,0.0,0.0,0.9086762422360248,0.2375,0.0,1.0,44,0,44,0.749083956082662,0.5944609407222632,0.06673821592421243,0.23267195170575922,0.16327321845473666,0.0,success,C:\Users\YAN_SHU_YU\Desktop\Generative-CD\Q_GNCDM\results\weak_q_lambda_sweep\lq_0p8_ls_0p4_lb_0p05,C:\Users\YAN_SHU_YU\Desktop\Generative-CD\Q_GNCDM\results\weak_q_lambda_sweep\lq_0p8_ls_0p4_lb_0p05\seed_2026\noise_0.20\weak-q_lq_0p8_ls_0p4_lb_0p05\metrics.json
0.8,0.4,0.1,0.0,0.6333333333333333,0.6846563111545987,0.4861656751497128,0.6333333333333333,0.6950669642857144,0.4859735677544836,0.8791666666666667,0.9354838709677419,0.5178571428571429,0.6666666666666666,0.9537072981366459,0.12083333333333333,0.0,0.6666666666666666,29,0,29,0.6343939521095969,0.4537764150987972,0.14004960272348288,0.1516796492717483,0.07905993791240634,0.0008198131805384588,success,C:\Users\YAN_SHU_YU\Desktop\Generative-CD\Q_GNCDM\results\weak_q_lambda_sweep\lq_0p8_ls_0p4_lb_0p1,C:\Users\YAN_SHU_YU\Desktop\Generative-CD\Q_GNCDM\results\weak_q_lambda_sweep\lq_0p8_ls_0p4_lb_0p1\seed_2026\noise_0.20\weak-q_lq_0p8_ls_0p4_lb_0p1\metrics.json
0.8,0.4,0.2,0.0,0.635,0.684862012987013,0.48782142644884163,0.6316666666666667,0.6942410714285714,0.48743251477485605,0.8708333333333333,0.9310344827586207,0.48214285714285715,0.6352941176470588,0.9546777950310559,0.12916666666666668,0.0,0.6666666666666666,29,0,29,0.6312910264188593,0.44212088846799097,0.14765271296103796,0.14219698400208444,0.07084585252133282,0.006614767473586129,success,C:\Users\YAN_SHU_YU\Desktop\Generative-CD\Q_GNCDM\results\weak_q_lambda_sweep\lq_0p8_ls_0p4_lb_0p2,C:\Users\YAN_SHU_YU\Desktop\Generative-CD\Q_GNCDM\results\weak_q_lambda_sweep\lq_0p8_ls_0p4_lb_0p2\seed_2026\noise_0.20\weak-q_lq_0p8_ls_0p4_lb_0p2\metrics.json
0.8,0.4,0.3,0.0,0.6325,0.685292874933286,0.48489651861705513,0.6366666666666667,0.6929687499999999,0.4906528005860619,0.875,0.9642857142857143,0.48214285714285715,0.6428571428571429,0.9571040372670808,0.125,0.0,0.8333333333333334,28,0,28,0.6532969303203352,0.45705532440633484,0.14650165808923316,0.1437414801030448,0.07181227432959007,0.003936656436770026,success,C:\Users\YAN_SHU_YU\Desktop\Generative-CD\Q_GNCDM\results\weak_q_lambda_sweep\lq_0p8_ls_0p4_lb_0p3,C:\Users\YAN_SHU_YU\Desktop\Generative-CD\Q_GNCDM\results\weak_q_lambda_sweep\lq_0p8_ls_0p4_lb_0p3\seed_2026\noise_0.20\weak-q_lq_0p8_ls_0p4_lb_0p3\metrics.json
0.8,0.4,0.4,0.0,0.64,0.6869384895925992,0.4875650575977212,0.6266666666666667,0.6928794642857143,0.4896051870173211,0.8833333333333333,0.9666666666666667,0.5178571428571429,0.6744186046511628,0.9620535714285715,0.11666666666666667,0.0,0.8333333333333334,30,0,30,0.6366151056506417,0.4344312846660614,0.15469435105721155,0.13290207675009064,0.06316876783967018,0.017869185289424477,success,C:\Users\YAN_SHU_YU\Desktop\Generative-CD\Q_GNCDM\results\weak_q_lambda_sweep\lq_0p8_ls_0p4_lb_0p4,C:\Users\YAN_SHU_YU\Desktop\Generative-CD\Q_GNCDM\results\weak_q_lambda_sweep\lq_0p8_ls_0p4_lb_0p4\seed_2026\noise_0.20\weak-q_lq_0p8_ls_0p4_lb_0p4\metrics.json
0.8,0.4,0.5,0.0,0.64,0.6873498932574276,0.48770369390352053,0.635,0.6926897321428571,0.49016777539935247,0.8625,0.96,0.42857142857142855,0.5925925925925926,0.9650621118012422,0.1375,0.0,0.8333333333333334,32,0,32,0.6388032264781721,0.43168099089102313,0.15840016215136557,0.12672225069819074,0.0594263838773424,0.03421565444406235,success,C:\Users\YAN_SHU_YU\Desktop\Generative-CD\Q_GNCDM\results\weak_q_lambda_sweep\lq_0p8_ls_0p4_lb_0p5,C:\Users\YAN_SHU_YU\Desktop\Generative-CD\Q_GNCDM\results\weak_q_lambda_sweep\lq_0p8_ls_0p4_lb_0p5\seed_2026\noise_0.20\weak-q_lq_0p8_ls_0p4_lb_0p5\metrics.json
0.8,0.4,0.6,0.0,0.6425,0.6927509562355454,0.4777947467333574,0.645,0.6953571428571429,0.48117822579639774,0.825,0.9375,0.26785714285714285,0.4166666666666667,0.9615683229813665,0.175,0.0,0.8333333333333334,33,0,33,0.6895401866147013,0.4765047092329372,0.1516642500505303,0.12829063245744415,0.0673130363451712,0.03596837271117803,success,C:\Users\YAN_SHU_YU\Desktop\Generative-CD\Q_GNCDM\results\weak_q_lambda_sweep\lq_0p8_ls_0p4_lb_0p6,C:\Users\YAN_SHU_YU\Desktop\Generative-CD\Q_GNCDM\results\weak_q_lambda_sweep\lq_0p8_ls_0p4_lb_0p6\seed_2026\noise_0.20\weak-q_lq_0p8_ls_0p4_lb_0p6\metrics.json
0.8,0.4,0.7,0.0,0.6416666666666667,0.6920977139299058,0.47670300525105286,0.6433333333333333,0.6946651785714286,0.48172171741029746,0.8125,1.0,0.19642857142857142,0.3283582089552239,0.9633152173913043,0.1875,0.0,1.0,36,0,36,0.6960476871692773,0.4801786031686898,0.1571586915489399,0.11588711833411997,0.06255325708876956,0.10483706257108485,success,C:\Users\YAN_SHU_YU\Desktop\Generative-CD\Q_GNCDM\results\weak_q_lambda_sweep\lq_0p8_ls_0p4_lb_0p7,C:\Users\YAN_SHU_YU\Desktop\Generative-CD\Q_GNCDM\results\weak_q_lambda_sweep\lq_0p8_ls_0p4_lb_0p7\seed_2026\noise_0.20\weak-q_lq_0p8_ls_0p4_lb_0p7\metrics.json
0.8,0.4,0.8,0.0,0.6441666666666667,0.6911136808397083,0.4753446207314656,0.6383333333333333,0.687734375,0.48372427114697814,0.8041666666666667,1.0,0.16071428571428573,0.27692307692307694,0.9523486024844721,0.19583333333333333,0.0,1.0,46,0,46,0.7102630355141379,0.49310559260122705,0.16385616903955286,0.10118763747088837,0.056996801416530754,0.2151154548381314,success,C:\Users\YAN_SHU_YU\Desktop\Generative-CD\Q_GNCDM\results\weak_q_lambda_sweep\lq_0p8_ls_0p4_lb_0p8,C:\Users\YAN_SHU_YU\Desktop\Generative-CD\Q_GNCDM\results\weak_q_lambda_sweep\lq_0p8_ls_0p4_lb_0p8\seed_2026\noise_0.20\weak-q_lq_0p8_ls_0p4_lb_0p8\metrics.json
0.8,0.4,0.9,0.0,0.63,0.6808146904465397,0.48284031696206314,0.6333333333333333,0.683236607142857,0.49463315351446424,0.7958333333333333,1.0,0.125,0.2222222222222222,0.9200310559006212,0.20416666666666666,0.0,1.0,45,0,45,0.6967814862728119,0.480824637593645,0.17410568915533298,0.08503346890211105,0.04739878230699987,0.3298935330275333,success,C:\Users\YAN_SHU_YU\Desktop\Generative-CD\Q_GNCDM\results\weak_q_lambda_sweep\lq_0p8_ls_0p4_lb_0p9,C:\Users\YAN_SHU_YU\Desktop\Generative-CD\Q_GNCDM\results\weak_q_lambda_sweep\lq_0p8_ls_0p4_lb_0p9\seed_2026\noise_0.20\weak-q_lq_0p8_ls_0p4_lb_0p9\metrics.json
0.8,0.5,0.05,0.0,0.6333333333333333,0.6852483988614125,0.4858057745491789,0.6333333333333333,0.6948995535714285,0.4860310435075573,0.8666666666666667,0.9615384615384616,0.44642857142857145,0.6097560975609756,0.951669254658385,0.13333333333333333,0.0,0.8333333333333334,30,0,30,0.6412504974639777,0.4533870324040904,0.1438628419330626,0.13797616145827554,0.07570232699314754,0.011001131271548344,success,C:\Users\YAN_SHU_YU\Desktop\Generative-CD\Q_GNCDM\results\weak_q_lambda_sweep\lq_0p8_ls_0p5_lb_0p05,C:\Users\YAN_SHU_YU\Desktop\Generative-CD\Q_GNCDM\results\weak_q_lambda_sweep\lq_0p8_ls_0p5_lb_0p05\seed_2026\noise_0.20\weak-q_lq_0p8_ls_0p5_lb_0p05\metrics.json
0.8,0.5,0.1,0.0,0.6316666666666667,0.6852261608254758,0.4866294667277064,0.6333333333333333,0.6951227678571428,0.4866213493394004,0.8666666666666667,0.9615384615384616,0.44642857142857145,0.6097560975609756,0.9515722049689441,0.13333333333333333,0.0,0.8333333333333334,31,0,31,0.6401181577733068,0.4482756442192829,0.14719018204645676,0.13375051003513913,0.07215118645267053,0.018868605832033085,success,C:\Users\YAN_SHU_YU\Desktop\Generative-CD\Q_GNCDM\results\weak_q_lambda_sweep\lq_0p8_ls_0p5_lb_0p1,C:\Users\YAN_SHU_YU\Desktop\Generative-CD\Q_GNCDM\results\weak_q_lambda_sweep\lq_0p8_ls_0p5_lb_0p1\seed_2026\noise_0.20\weak-q_lq_0p8_ls_0p5_lb_0p1\metrics.json
0.8,0.5,0.2,0.0,0.635,0.684995441202633,0.4837268511224173,0.64,0.6919754464285715,0.4898572801663356,0.8666666666666667,0.9615384615384616,0.44642857142857145,0.6097560975609756,0.9515722049689441,0.13333333333333333,0.0,0.8333333333333334,32,0,32,0.6653185590650096,0.4667088868040027,0.14547847911263956,0.13489521204522162,0.0738964309972344,0.014701362614604559,success,C:\Users\YAN_SHU_YU\Desktop\Generative-CD\Q_GNCDM\results\weak_q_lambda_sweep\lq_0p8_ls_0p5_lb_0p2,C:\Users\YAN_SHU_YU\Desktop\Generative-CD\Q_GNCDM\results\weak_q_lambda_sweep\lq_0p8_ls_0p5_lb_0p2\seed_2026\noise_0.20\weak-q_lq_0p8_ls_0p5_lb_0p2\metrics.json
0.8,0.5,0.3,0.0,0.6333333333333333,0.6854374221668743,0.48411534328079975,0.6383333333333333,0.6913169642857142,0.4908821094608923,0.8625,0.96,0.42857142857142855,0.5925925925925926,0.9543866459627328,0.1375,0.0,0.8333333333333334,34,0,34,0.6669621232784155,0.46219359293128504,0.1505119466420376,0.127539441892595,0.06863082787304213,0.035560190734086616,success,C:\Users\YAN_SHU_YU\Desktop\Generative-CD\Q_GNCDM\results\weak_q_lambda_sweep\lq_0p8_ls_0p5_lb_0p3,C:\Users\YAN_SHU_YU\Desktop\Generative-CD\Q_GNCDM\results\weak_q_lambda_sweep\lq_0p8_ls_0p5_lb_0p3\seed_2026\noise_0.20\weak-q_lq_0p8_ls_0p5_lb_0p3\metrics.json
0.8,0.5,0.4,0.0,0.6375,0.685359589041096,0.4840991982233304,0.6366666666666667,0.6886830357142857,0.4922926588002441,0.8375,0.9473684210526315,0.32142857142857145,0.48,0.9562305900621118,0.1625,0.0,0.8333333333333334,35,0,35,0.6709919720888138,0.461150894110853,0.15491161201939438,0.12039423801682213,0.0642866724819848,0.06367294857222022,success,C:\Users\YAN_SHU_YU\Desktop\Generative-CD\Q_GNCDM\results\weak_q_lambda_sweep\lq_0p8_ls_0p5_lb_0p4,C:\Users\YAN_SHU_YU\Desktop\Generative-CD\Q_GNCDM\results\weak_q_lambda_sweep\lq_0p8_ls_0p5_lb_0p4\seed_2026\noise_0.20\weak-q_lq_0p8_ls_0p5_lb_0p4\metrics.json
0.8,0.5,0.5,0.0,0.6391666666666667,0.6931998865860167,0.47578028864503674,0.6366666666666667,0.6951674107142858,0.4792387219477942,0.8,0.9,0.16071428571428573,0.2727272727272727,0.9590450310559006,0.2,0.0,0.8333333333333334,41,0,41,0.706144190195835,0.49133509307196643,0.15249222313815897,0.11772994098789764,0.06790068756901857,0.09606262906031175,success,C:\Users\YAN_SHU_YU\Desktop\Generative-CD\Q_GNCDM\results\weak_q_lambda_sweep\lq_0p8_ls_0p5_lb_0p5,C:\Users\YAN_SHU_YU\Desktop\Generative-CD\Q_GNCDM\results\weak_q_lambda_sweep\lq_0p8_ls_0p5_lb_0p5\seed_2026\noise_0.20\weak-q_lq_0p8_ls_0p5_lb_0p5\metrics.json
0.8,0.5,0.6,0.0,0.64,0.6920198808041275,0.4753738252808661,0.645,0.6941741071428571,0.47900840428422514,0.8,1.0,0.14285714285714285,0.25,0.9576863354037267,0.2,0.0,1.0,45,0,45,0.7142568149349906,0.4968425225127827,0.1589755883271044,0.10601173397718054,0.06204657804108027,0.1809304582350182,success,C:\Users\YAN_SHU_YU\Desktop\Generative-CD\Q_GNCDM\results\weak_q_lambda_sweep\lq_0p8_ls_0p5_lb_0p6,C:\Users\YAN_SHU_YU\Desktop\Generative-CD\Q_GNCDM\results\weak_q_lambda_sweep\lq_0p8_ls_0p5_lb_0p6\seed_2026\noise_0.20\weak-q_lq_0p8_ls_0p5_lb_0p6\metrics.json
0.8,0.5,0.7,0.0,0.6475,0.6912443293008361,0.4748548671875483,0.64,0.6893638392857142,0.4798807416178506,0.7916666666666666,1.0,0.10714285714285714,0.1935483870967742,0.9452639751552795,0.20833333333333334,0.0,1.0,49,0,49,0.7292608672922308,0.5110107863491232,0.1664042795697848,0.09247962848255128,0.055552625012668694,0.28289304357586487,success,C:\Users\YAN_SHU_YU\Desktop\Generative-CD\Q_GNCDM\results\weak_q_lambda_sweep\lq_0p8_ls_0p5_lb_0p7,C:\Users\YAN_SHU_YU\Desktop\Generative-CD\Q_GNCDM\results\weak_q_lambda_sweep\lq_0p8_ls_0p5_lb_0p7\seed_2026\noise_0.20\weak-q_lq_0p8_ls_0p5_lb_0p7\metrics.json
0.8,0.5,0.8,0.0,0.6383333333333333,0.6847035669809642,0.48045678298508077,0.6433333333333333,0.6858482142857143,0.49069855341490026,0.7958333333333333,1.0,0.125,0.2222222222222222,0.9136257763975155,0.20416666666666666,0.0,1.0,50,0,50,0.7124793610789559,0.4954386290275689,0.17675222659652884,0.07857399749936479,0.045439934132225586,0.37960625597924896,success,C:\Users\YAN_SHU_YU\Desktop\Generative-CD\Q_GNCDM\results\weak_q_lambda_sweep\lq_0p8_ls_0p5_lb_0p8,C:\Users\YAN_SHU_YU\Desktop\Generative-CD\Q_GNCDM\results\weak_q_lambda_sweep\lq_0p8_ls_0p5_lb_0p8\seed_2026\noise_0.20\weak-q_lq_0p8_ls_0p5_lb_0p8\metrics.json
0.8,0.5,0.9,0.0,0.645,0.6863797589396904,0.4769737981070696,0.6433333333333333,0.6860044642857143,0.48667118686498384,0.7833333333333333,1.0,0.07142857142857142,0.13333333333333333,0.8814052795031055,0.21666666666666667,0.0,1.0,51,0,51,0.7471529940764109,0.532117047996232,0.18333466870315146,0.06433900694052379,0.0402207849265048,0.4938003768523534,success,C:\Users\YAN_SHU_YU\Desktop\Generative-CD\Q_GNCDM\results\weak_q_lambda_sweep\lq_0p8_ls_0p5_lb_0p9,C:\Users\YAN_SHU_YU\Desktop\Generative-CD\Q_GNCDM\results\weak_q_lambda_sweep\lq_0p8_ls_0p5_lb_0p9\seed_2026\noise_0.20\weak-q_lq_0p8_ls_0p5_lb_0p9\metrics.json
0.8,0.6,0.05,0.0,0.6316666666666667,0.6853734878135563,0.4907513433058827,0.6316666666666667,0.6923772321428571,0.4910317191590022,0.8458333333333333,0.9523809523809523,0.35714285714285715,0.5194805194805194,0.9490489130434783,0.15416666666666667,0.0,0.8333333333333334,36,0,36,0.6395334727836378,0.44214943818973773,0.15310341842246777,0.1192772641326442,0.06669871813871643,0.0662482160736214,success,C:\Users\YAN_SHU_YU\Desktop\Generative-CD\Q_GNCDM\results\weak_q_lambda_sweep\lq_0p8_ls_0p6_lb_0p05,C:\Users\YAN_SHU_YU\Desktop\Generative-CD\Q_GNCDM\results\weak_q_lambda_sweep\lq_0p8_ls_0p6_lb_0p05\seed_2026\noise_0.20\weak-q_lq_0p8_ls_0p6_lb_0p05\metrics.json
0.8,0.6,0.1,0.0,0.6316666666666667,0.6847230252624089,0.49116860956150254,0.6283333333333333,0.6913392857142857,0.49148725713351965,0.8458333333333333,0.9523809523809523,0.35714285714285715,0.5194805194805194,0.9498253105590062,0.15416666666666667,0.0,0.8333333333333334,36,0,36,0.6405781209468842,0.4401165766246391,0.1552294585289377,0.116382217994242,0.06448645178567279,0.0823160062233607,success,C:\Users\YAN_SHU_YU\Desktop\Generative-CD\Q_GNCDM\results\weak_q_lambda_sweep\lq_0p8_ls_0p6_lb_0p1,C:\Users\YAN_SHU_YU\Desktop\Generative-CD\Q_GNCDM\results\weak_q_lambda_sweep\lq_0p8_ls_0p6_lb_0p1\seed_2026\noise_0.20\weak-q_lq_0p8_ls_0p6_lb_0p1\metrics.json
0.8,0.6,0.2,0.0,0.6408333333333334,0.6836722780644013,0.4915722900279002,0.6266666666666667,0.689654017857143,0.4924877681127559,0.8458333333333333,0.9523809523809523,0.35714285714285715,0.5194805194805194,0.951766304347826,0.15416666666666667,0.0,0.8333333333333334,36,0,36,0.6439310646418369,0.4380887435241179,0.15875282296628662,0.11110035386500937,0.06089920211922039,0.11797966841946948,success,C:\Users\YAN_SHU_YU\Desktop\Generative-CD\Q_GNCDM\results\weak_q_lambda_sweep\lq_0p8_ls_0p6_lb_0p2,C:\Users\YAN_SHU_YU\Desktop\Generative-CD\Q_GNCDM\results\weak_q_lambda_sweep\lq_0p8_ls_0p6_lb_0p2\seed_2026\noise_0.20\weak-q_lq_0p8_ls_0p6_lb_0p2\metrics.json
0.8,0.6,0.3,0.0,0.6408333333333334,0.6927287181996087,0.4751797295954701,0.6383333333333333,0.6940401785714286,0.4777724833606575,0.7958333333333333,0.8888888888888888,0.14285714285714285,0.24615384615384617,0.9562305900621118,0.20416666666666666,0.0,0.8333333333333334,44,0,44,0.7128739880793022,0.5008307252869462,0.14780210206906,0.11966690635590842,0.0733381077421434,0.08792476502783371,success,C:\Users\YAN_SHU_YU\Desktop\Generative-CD\Q_GNCDM\results\weak_q_lambda_sweep\lq_0p8_ls_0p6_lb_0p3,C:\Users\YAN_SHU_YU\Desktop\Generative-CD\Q_GNCDM\results\weak_q_lambda_sweep\lq_0p8_ls_0p6_lb_0p3\seed_2026\noise_0.20\weak-q_lq_0p8_ls_0p6_lb_0p3\metrics.json
0.8,0.6,0.4,0.0,0.6391666666666667,0.6926342065468778,0.47487486913824045,0.6433333333333333,0.6934486607142858,0.47790732342111986,0.8,1.0,0.14285714285714285,0.25,0.9566187888198757,0.2,0.0,1.0,46,0,46,0.7187667416803765,0.5027885640209372,0.15429434157682187,0.10948676051515521,0.0671266137876294,0.15504334279985138,success,C:\Users\YAN_SHU_YU\Desktop\Generative-CD\Q_GNCDM\results\weak_q_lambda_sweep\lq_0p8_ls_0p6_lb_0p4,C:\Users\YAN_SHU_YU\Desktop\Generative-CD\Q_GNCDM\results\weak_q_lambda_sweep\lq_0p8_ls_0p6_lb_0p4\seed_2026\noise_0.20\weak-q_lq_0p8_ls_0p6_lb_0p4\metrics.json
0.8,0.6,0.5,0.0,0.645,0.691269347091265,0.4747371592001822,0.6483333333333333,0.6931808035714285,0.4775235618742039,0.8,1.0,0.14285714285714285,0.25,0.9542895962732918,0.2,0.0,1.0,48,0,48,0.7273772367925355,0.5088582422697183,0.16113751110705463,0.098692079836672,0.06078746435091351,0.23598596476244205,success,C:\Users\YAN_SHU_YU\Desktop\Generative-CD\Q_GNCDM\results\weak_q_lambda_sweep\lq_0p8_ls_0p6_lb_0p5,C:\Users\YAN_SHU_YU\Desktop\Generative-CD\Q_GNCDM\results\weak_q_lambda_sweep\lq_0p8_ls_0p6_lb_0p5\seed_2026\noise_0.20\weak-q_lq_0p8_ls_0p6_lb_0p5\metrics.json
0.8,0.6,0.6,0.0,0.65,0.6912123621241772,0.47446292675785023,0.6316666666666667,0.6897991071428571,0.47796505942410783,0.7916666666666666,1.0,0.10714285714285714,0.1935483870967742,0.9417701863354037,0.20833333333333334,0.0,1.0,50,0,50,0.7413863331982584,0.5220449621027167,0.16839121349833228,0.08680134040839745,0.05424597193345879,0.3250253001848857,success,C:\Users\YAN_SHU_YU\Desktop\Generative-CD\Q_GNCDM\results\weak_q_lambda_sweep\lq_0p8_ls_0p6_lb_0p6,C:\Users\YAN_SHU_YU\Desktop\Generative-CD\Q_GNCDM\results\weak_q_lambda_sweep\lq_0p8_ls_0p6_lb_0p6\seed_2026\noise_0.20\weak-q_lq_0p8_ls_0p6_lb_0p6\metrics.json
0.8,0.6,0.7,0.0,0.6366666666666667,0.6865965797900729,0.4791365549348419,0.64,0.685390625,0.48855319006204967,0.7958333333333333,1.0,0.125,0.2222222222222222,0.9092585403726707,0.20416666666666666,0.0,1.0,50,0,50,0.723657514109756,0.5054173492120974,0.17825354161587628,0.07427471876144409,0.04438927222156164,0.4129596826705066,success,C:\Users\YAN_SHU_YU\Desktop\Generative-CD\Q_GNCDM\results\weak_q_lambda_sweep\lq_0p8_ls_0p6_lb_0p7,C:\Users\YAN_SHU_YU\Desktop\Generative-CD\Q_GNCDM\results\weak_q_lambda_sweep\lq_0p8_ls_0p6_lb_0p7\seed_2026\noise_0.20\weak-q_lq_0p8_ls_0p6_lb_0p7\metrics.json
0.8,0.6,0.8,0.0,0.6425,0.6885785447429283,0.4750479146940569,0.6383333333333333,0.6892522321428571,0.47655075350990744,0.7833333333333333,1.0,0.07142857142857142,0.13333333333333333,0.8834433229813664,0.21666666666666667,0.0,1.0,51,0,51,0.7616152077010183,0.5446939093597007,0.18396404950004636,0.06297353474479733,0.03995741661073583,0.5065441610235156,success,C:\Users\YAN_SHU_YU\Desktop\Generative-CD\Q_GNCDM\results\weak_q_lambda_sweep\lq_0p8_ls_0p6_lb_0p8,C:\Users\YAN_SHU_YU\Desktop\Generative-CD\Q_GNCDM\results\weak_q_lambda_sweep\lq_0p8_ls_0p6_lb_0p8\seed_2026\noise_0.20\weak-q_lq_0p8_ls_0p6_lb_0p8\metrics.json
0.8,0.6,0.9,0.0,0.6475,0.6866410558619462,0.47535470969543775,0.6516666666666666,0.6846651785714286,0.483816446377979,0.7791666666666667,1.0,0.05357142857142857,0.1016949152542373,0.8409355590062113,0.22083333333333333,0.0,1.0,52,0,52,0.7818961775664127,0.568889749772621,0.1908695695526672,0.049600149363730896,0.03394520491587393,0.6081420047716661,success,C:\Users\YAN_SHU_YU\Desktop\Generative-CD\Q_GNCDM\results\weak_q_lambda_sweep\lq_0p8_ls_0p6_lb_0p9,C:\Users\YAN_SHU_YU\Desktop\Generative-CD\Q_GNCDM\results\weak_q_lambda_sweep\lq_0p8_ls_0p6_lb_0p9\seed_2026\noise_0.20\weak-q_lq_0p8_ls_0p6_lb_0p9\metrics.json
0.8,0.7,0.05,0.0,0.6358333333333334,0.6840503246753248,0.4907863323842074,0.635,0.6904799107142858,0.4913766647219955,0.8375,0.9473684210526315,0.32142857142857145,0.48,0.9473990683229814,0.1625,0.0,0.8333333333333334,38,0,38,0.6500464578469595,0.4457054138183594,0.15690469493468603,0.10806044653961153,0.0634993849830194,0.1383919551065474,success,C:\Users\YAN_SHU_YU\Desktop\Generative-CD\Q_GNCDM\results\weak_q_lambda_sweep\lq_0p8_ls_0p7_lb_0p05,C:\Users\YAN_SHU_YU\Desktop\Generative-CD\Q_GNCDM\results\weak_q_lambda_sweep\lq_0p8_ls_0p7_lb_0p05\seed_2026\noise_0.20\weak-q_lq_0p8_ls_0p7_lb_0p05\metrics.json
0.8,0.7,0.1,0.0,0.6325,0.6844533890766769,0.4820735917220759,0.6383333333333333,0.688125,0.48914850755522576,0.8125,0.9230769230769231,0.21428571428571427,0.34782608695652173,0.9473020186335402,0.1875,0.0,0.8333333333333334,39,0,39,0.6911062706600536,0.48426988901513995,0.15074246376752853,0.11316690187562596,0.07025576349009167,0.10787947848439217,success,C:\Users\YAN_SHU_YU\Desktop\Generative-CD\Q_GNCDM\results\weak_q_lambda_sweep\lq_0p8_ls_0p7_lb_0p1,C:\Users\YAN_SHU_YU\Desktop\Generative-CD\Q_GNCDM\results\weak_q_lambda_sweep\lq_0p8_ls_0p7_lb_0p1\seed_2026\noise_0.20\weak-q_lq_0p8_ls_0p7_lb_0p1\metrics.json
0.8,0.7,0.2,0.0,0.6308333333333334,0.6834443381960505,0.48225920347296986,0.6383333333333333,0.6869419642857142,0.49020504965259865,0.8041666666666667,0.9090909090909091,0.17857142857142858,0.29850746268656714,0.9471079192546583,0.19583333333333333,0.0,0.8333333333333334,43,0,43,0.6965158672043772,0.48476552827791736,0.1561131409623406,0.10550713189172023,0.0650241756529519,0.16391104030789752,success,C:\Users\YAN_SHU_YU\Desktop\Generative-CD\Q_GNCDM\results\weak_q_lambda_sweep\lq_0p8_ls_0p7_lb_0p2,C:\Users\YAN_SHU_YU\Desktop\Generative-CD\Q_GNCDM\results\weak_q_lambda_sweep\lq_0p8_ls_0p7_lb_0p2\seed_2026\noise_0.20\weak-q_lq_0p8_ls_0p7_lb_0p2\metrics.json
0.8,0.7,0.3,0.0,0.6458333333333334,0.6933263654154065,0.47399176782071534,0.645,0.6870424107142857,0.47999428447993486,0.8,1.0,0.14285714285714285,0.25,0.95409549689441,0.2,0.0,1.0,48,0,48,0.7292632289005049,0.5124440911141309,0.15661635836868576,0.10267401215705005,0.06551412131750223,0.20444989588224527,success,C:\Users\YAN_SHU_YU\Desktop\Generative-CD\Q_GNCDM\results\weak_q_lambda_sweep\lq_0p8_ls_0p7_lb_0p3,C:\Users\YAN_SHU_YU\Desktop\Generative-CD\Q_GNCDM\results\weak_q_lambda_sweep\lq_0p8_ls_0p7_lb_0p3\seed_2026\noise_0.20\weak-q_lq_0p8_ls_0p7_lb_0p3\metrics.json
0.8,0.7,0.4,0.0,0.6483333333333333,0.6925452544031311,0.47409220059741614,0.635,0.6875111607142856,0.4789739869374254,0.8,1.0,0.14285714285714285,0.25,0.9506987577639752,0.2,0.0,1.0,49,0,49,0.7378800628763257,0.5185137463338447,0.16329320000879693,0.09291683419635802,0.05922491396918441,0.2775446885462963,success,C:\Users\YAN_SHU_YU\Desktop\Generative-CD\Q_GNCDM\results\weak_q_lambda_sweep\lq_0p8_ls_0p7_lb_0p4,C:\Users\YAN_SHU_YU\Desktop\Generative-CD\Q_GNCDM\results\weak_q_lambda_sweep\lq_0p8_ls_0p7_lb_0p4\seed_2026\noise_0.20\weak-q_lq_0p8_ls_0p7_lb_0p4\metrics.json
0.8,0.7,0.5,0.0,0.6366666666666667,0.6864965086283579,0.47967568596185306,0.6416666666666667,0.6852455357142858,0.48926256491999215,0.7958333333333333,1.0,0.125,0.2222222222222222,0.9259510869565217,0.20416666666666666,0.0,1.0,50,0,50,0.7184820437070095,0.4990725296013283,0.17347943624763779,0.08026321762890527,0.048883409944899155,0.36378274993462995,success,C:\Users\YAN_SHU_YU\Desktop\Generative-CD\Q_GNCDM\results\weak_q_lambda_sweep\lq_0p8_ls_0p7_lb_0p5,C:\Users\YAN_SHU_YU\Desktop\Generative-CD\Q_GNCDM\results\weak_q_lambda_sweep\lq_0p8_ls_0p7_lb_0p5\seed_2026\noise_0.20\weak-q_lq_0p8_ls_0p7_lb_0p5\metrics.json
0.8,0.7,0.6,0.0,0.645,0.6879503202277175,0.4760990823385876,0.625,0.6909151785714286,0.47558978661041806,0.7875,1.0,0.08928571428571429,0.16393442622950818,0.9163431677018634,0.2125,0.0,1.0,50,0,50,0.7521209915479025,0.5321724446433963,0.17771530535184976,0.07183807331955794,0.04581607940296332,0.4372836861646537,success,C:\Users\YAN_SHU_YU\Desktop\Generative-CD\Q_GNCDM\results\weak_q_lambda_sweep\lq_0p8_ls_0p7_lb_0p6,C:\Users\YAN_SHU_YU\Desktop\Generative-CD\Q_GNCDM\results\weak_q_lambda_sweep\lq_0p8_ls_0p7_lb_0p6\seed_2026\noise_0.20\weak-q_lq_0p8_ls_0p7_lb_0p6\metrics.json
0.8,0.7,0.7,0.0,0.64,0.6873749110478563,0.47489654782548846,0.6433333333333333,0.6902678571428572,0.4753472217948296,0.7791666666666667,1.0,0.05357142857142857,0.1016949152542373,0.8888781055900621,0.22083333333333333,0.0,1.0,51,0,51,0.7708788613478342,0.5521855304638544,0.18370915926767117,0.06191304935650392,0.040552672280958206,0.5144925090399656,success,C:\Users\YAN_SHU_YU\Desktop\Generative-CD\Q_GNCDM\results\weak_q_lambda_sweep\lq_0p8_ls_0p7_lb_0p7,C:\Users\YAN_SHU_YU\Desktop\Generative-CD\Q_GNCDM\results\weak_q_lambda_sweep\lq_0p8_ls_0p7_lb_0p7\seed_2026\noise_0.20\weak-q_lq_0p8_ls_0p7_lb_0p7\metrics.json
0.8,0.7,0.8,0.0,0.645,0.6866605141433909,0.4757353775463194,0.6433333333333333,0.6805915178571429,0.48618130771239676,0.7791666666666667,1.0,0.05357142857142857,0.1016949152542373,0.8504464285714286,0.22083333333333333,0.0,1.0,52,0,52,0.7738029767166484,0.5579261075366627,0.19071382916334903,0.05181053151009661,0.03379803946749731,0.590842295776714,success,C:\Users\YAN_SHU_YU\Desktop\Generative-CD\Q_GNCDM\results\weak_q_lambda_sweep\lq_0p8_ls_0p7_lb_0p8,C:\Users\YAN_SHU_YU\Desktop\Generative-CD\Q_GNCDM\results\weak_q_lambda_sweep\lq_0p8_ls_0p7_lb_0p8\seed_2026\noise_0.20\weak-q_lq_0p8_ls_0p7_lb_0p8\metrics.json
0.8,0.7,0.9,0.0,0.6433333333333333,0.6860739859455613,0.4769450329744068,0.6466666666666666,0.685390625,0.4776989717931454,0.7791666666666667,1.0,0.05357142857142857,0.1016949152542373,0.8040566770186336,0.22083333333333333,0.0,1.0,54,0,54,0.7842873425194712,0.572653157692967,0.1973178262511889,0.04096764760712782,0.0278917405415665,0.675854301813877,success,C:\Users\YAN_SHU_YU\Desktop\Generative-CD\Q_GNCDM\results\weak_q_lambda_sweep\lq_0p8_ls_0p7_lb_0p9,C:\Users\YAN_SHU_YU\Desktop\Generative-CD\Q_GNCDM\results\weak_q_lambda_sweep\lq_0p8_ls_0p7_lb_0p9\seed_2026\noise_0.20\weak-q_lq_0p8_ls_0p7_lb_0p9\metrics.json
0.8,0.8,0.05,0.0,0.63,0.6848536737235368,0.4810153878049244,0.64,0.6860379464285715,0.4887564910110243,0.7958333333333333,0.8888888888888888,0.14285714285714285,0.24615384615384617,0.9445846273291926,0.20416666666666666,0.0,0.8333333333333334,46,0,46,0.702764301589041,0.49284647856697894,0.1547139153787584,0.10349497740918939,0.06701407999251828,0.1779503860708439,success,C:\Users\YAN_SHU_YU\Desktop\Generative-CD\Q_GNCDM\results\weak_q_lambda_sweep\lq_0p8_ls_0p8_lb_0p05,C:\Users\YAN_SHU_YU\Desktop\Generative-CD\Q_GNCDM\results\weak_q_lambda_sweep\lq_0p8_ls_0p8_lb_0p05\seed_2026\noise_0.20\weak-q_lq_0p8_ls_0p8_lb_0p05\metrics.json
0.8,0.8,0.1,0.0,0.6258333333333334,0.6845145436755026,0.48096849603113967,0.645,0.6859151785714286,0.489063840959398,0.7958333333333333,0.8888888888888888,0.14285714285714285,0.24615384615384617,0.9448757763975155,0.20416666666666666,0.0,0.8333333333333334,47,0,47,0.7052201998956276,0.4929952382138281,0.15753562861319745,0.09971172768961299,0.06427071909561302,0.20755898997639166,success,C:\Users\YAN_SHU_YU\Desktop\Generative-CD\Q_GNCDM\results\weak_q_lambda_sweep\lq_0p8_ls_0p8_lb_0p1,C:\Users\YAN_SHU_YU\Desktop\Generative-CD\Q_GNCDM\results\weak_q_lambda_sweep\lq_0p8_ls_0p8_lb_0p1\seed_2026\noise_0.20\weak-q_lq_0p8_ls_0p8_lb_0p1\metrics.json
0.8,0.8,0.2,0.0,0.6458333333333334,0.6928607565379825,0.4738490827465261,0.6333333333333333,0.6877120535714285,0.47883944309741,0.8,1.0,0.14285714285714285,0.25,0.952930900621118,0.2,0.0,1.0,49,0,49,0.7384014265103773,0.5209057222713124,0.15828337881601218,0.09747550896171367,0.06444293723413438,0.24180986393581738,success,C:\Users\YAN_SHU_YU\Desktop\Generative-CD\Q_GNCDM\results\weak_q_lambda_sweep\lq_0p8_ls_0p8_lb_0p2,C:\Users\YAN_SHU_YU\Desktop\Generative-CD\Q_GNCDM\results\weak_q_lambda_sweep\lq_0p8_ls_0p8_lb_0p2\seed_2026\noise_0.20\weak-q_lq_0p8_ls_0p8_lb_0p2\metrics.json
0.8,0.8,0.3,0.0,0.64,0.6896987858032378,0.47628240148383216,0.64,0.6857589285714286,0.47925503094848226,0.8,1.0,0.14285714285714285,0.25,0.9422554347826086,0.2,0.0,1.0,49,0,49,0.7348516168016376,0.5150549646579858,0.16627341237935153,0.08727817948568951,0.05651791856595964,0.31448836985862616,success,C:\Users\YAN_SHU_YU\Desktop\Generative-CD\Q_GNCDM\results\weak_q_lambda_sweep\lq_0p8_ls_0p8_lb_0p3,C:\Users\YAN_SHU_YU\Desktop\Generative-CD\Q_GNCDM\results\weak_q_lambda_sweep\lq_0p8_ls_0p8_lb_0p3\seed_2026\noise_0.20\weak-q_lq_0p8_ls_0p8_lb_0p3\metrics.json
0.8,0.8,0.4,0.0,0.6425,0.6892290072940758,0.47612061642323983,0.6316666666666667,0.6883928571428571,0.47731261164252764,0.7958333333333333,1.0,0.125,0.2222222222222222,0.9303183229813664,0.20416666666666666,0.0,1.0,50,0,50,0.745442574674433,0.524424025055134,0.17235984901587167,0.07847494891647136,0.050876780836419624,0.38309003096638305,success,C:\Users\YAN_SHU_YU\Desktop\Generative-CD\Q_GNCDM\results\weak_q_lambda_sweep\lq_0p8_ls_0p8_lb_0p4,C:\Users\YAN_SHU_YU\Desktop\Generative-CD\Q_GNCDM\results\weak_q_lambda_sweep\lq_0p8_ls_0p8_lb_0p4\seed_2026\noise_0.20\weak-q_lq_0p8_ls_0p8_lb_0p4\metrics.json
0.8,0.8,0.5,0.0,0.6416666666666667,0.6884534557907847,0.47761106659431823,0.645,0.6846316964285715,0.4862127210702424,0.7916666666666666,1.0,0.10714285714285714,0.1935483870967742,0.9033385093167702,0.20833333333333334,0.0,1.0,50,0,50,0.7374825089266805,0.5171122970906171,0.1804716783491048,0.06823319874026558,0.04281260372337067,0.46059814682512573,success,C:\Users\YAN_SHU_YU\Desktop\Generative-CD\Q_GNCDM\results\weak_q_lambda_sweep\lq_0p8_ls_0p8_lb_0p5,C:\Users\YAN_SHU_YU\Desktop\Generative-CD\Q_GNCDM\results\weak_q_lambda_sweep\lq_0p8_ls_0p8_lb_0p5\seed_2026\noise_0.20\weak-q_lq_0p8_ls_0p8_lb_0p5\metrics.json
0.8,0.8,0.6,0.0,0.645,0.6874277263832058,0.4749169372308537,0.6433333333333333,0.690747767857143,0.4748611004229841,0.775,1.0,0.03571428571428571,0.06896551724137931,0.890819099378882,0.225,0.0,1.0,51,0,51,0.7733893033229944,0.5534046987692515,0.1842093521898443,0.06063925051553683,0.04017618913767916,0.5238352688876066,success,C:\Users\YAN_SHU_YU\Desktop\Generative-CD\Q_GNCDM\results\weak_q_lambda_sweep\lq_0p8_ls_0p8_lb_0p6,C:\Users\YAN_SHU_YU\Desktop\Generative-CD\Q_GNCDM\results\weak_q_lambda_sweep\lq_0p8_ls_0p8_lb_0p6\seed_2026\noise_0.20\weak-q_lq_0p8_ls_0p8_lb_0p6\metrics.json
0.8,0.8,0.7,0.0,0.6433333333333333,0.6868439779398683,0.4759119998969519,0.6383333333333333,0.6814397321428571,0.48615558824496813,0.7791666666666667,1.0,0.05357142857142857,0.1016949152542373,0.8546195652173914,0.22083333333333333,0.0,1.0,52,0,52,0.7692775979186549,0.5513807652574597,0.19158499958840283,0.052053421566432174,0.03283726864240386,0.5889933605988821,success,C:\Users\YAN_SHU_YU\Desktop\Generative-CD\Q_GNCDM\results\weak_q_lambda_sweep\lq_0p8_ls_0p8_lb_0p7,C:\Users\YAN_SHU_YU\Desktop\Generative-CD\Q_GNCDM\results\weak_q_lambda_sweep\lq_0p8_ls_0p8_lb_0p7\seed_2026\noise_0.20\weak-q_lq_0p8_ls_0p8_lb_0p7\metrics.json
0.8,0.8,0.8,0.0,0.6458333333333334,0.6858377068137341,0.47749850963882445,0.6433333333333333,0.6842857142857144,0.47915948873751313,0.7791666666666667,1.0,0.05357142857142857,0.1016949152542373,0.813567546583851,0.22083333333333333,0.0,1.0,53,0,53,0.7773348689079285,0.5629705615115889,0.1966940796736515,0.04297313280403614,0.02828815695124142,0.6591186577623541,success,C:\Users\YAN_SHU_YU\Desktop\Generative-CD\Q_GNCDM\results\weak_q_lambda_sweep\lq_0p8_ls_0p8_lb_0p8,C:\Users\YAN_SHU_YU\Desktop\Generative-CD\Q_GNCDM\results\weak_q_lambda_sweep\lq_0p8_ls_0p8_lb_0p8\seed_2026\noise_0.20\weak-q_lq_0p8_ls_0p8_lb_0p8\metrics.json
0.8,0.8,0.9,0.0,0.6325,0.6845062044120263,0.48099983230296156,0.64,0.6866741071428573,0.48205770239003426,0.7791666666666667,1.0,0.05357142857142857,0.1016949152542373,0.7760093167701864,0.22083333333333333,0.0,1.0,54,0,54,0.7883795581080697,0.5777273914127639,0.2020731218384974,0.034896868422175896,0.02341796263036403,0.7233614894476804,success,C:\Users\YAN_SHU_YU\Desktop\Generative-CD\Q_GNCDM\results\weak_q_lambda_sweep\lq_0p8_ls_0p8_lb_0p9,C:\Users\YAN_SHU_YU\Desktop\Generative-CD\Q_GNCDM\results\weak_q_lambda_sweep\lq_0p8_ls_0p8_lb_0p9\seed_2026\noise_0.20\weak-q_lq_0p8_ls_0p8_lb_0p9\metrics.json
0.8,0.9,0.05,0.0,0.6316666666666667,0.6865604429816758,0.4793193120482114,0.6333333333333333,0.6839285714285716,0.4884242420642627,0.7916666666666666,0.875,0.125,0.21875,0.9418672360248447,0.20833333333333334,0.0,0.8333333333333334,49,0,49,0.7148257828120029,0.5001393714637468,0.1619941174532428,0.09118904387860587,0.06041967976048137,0.2739627934766538,success,C:\Users\YAN_SHU_YU\Desktop\Generative-CD\Q_GNCDM\results\weak_q_lambda_sweep\lq_0p8_ls_0p9_lb_0p05,C:\Users\YAN_SHU_YU\Desktop\Generative-CD\Q_GNCDM\results\weak_q_lambda_sweep\lq_0p8_ls_0p9_lb_0p05\seed_2026\noise_0.20\weak-q_lq_0p8_ls_0p9_lb_0p05\metrics.json
0.8,0.9,0.1,0.0,0.6433333333333333,0.6905299323963708,0.4756708455831811,0.6333333333333333,0.6847098214285714,0.47915136318894885,0.8,1.0,0.14285714285714285,0.25,0.9476902173913044,0.2,0.0,1.0,50,0,50,0.7353515056046572,0.5176659565080296,0.1613693167314385,0.09158914976499298,0.06159859280468839,0.27905260478005267,success,C:\Users\YAN_SHU_YU\Desktop\Generative-CD\Q_GNCDM\results\weak_q_lambda_sweep\lq_0p8_ls_0p9_lb_0p1,C:\Users\YAN_SHU_YU\Desktop\Generative-CD\Q_GNCDM\results\weak_q_lambda_sweep\lq_0p8_ls_0p9_lb_0p1\seed_2026\noise_0.20\weak-q_lq_0p8_ls_0p9_lb_0p1\metrics.json
0.8,0.9,0.2,0.0,0.6425,0.6899072673901441,0.4758139641625788,0.6316666666666667,0.6856473214285714,0.478329246473532,0.8,1.0,0.14285714285714285,0.25,0.9391498447204969,0.2,0.0,1.0,50,0,50,0.7423450495257522,0.5220087423469081,0.1674997228564638,0.08354992193706108,0.05570801200740265,0.34153472248351935,success,C:\Users\YAN_SHU_YU\Desktop\Generative-CD\Q_GNCDM\results\weak_q_lambda_sweep\lq_0p8_ls_0p9_lb_0p2,C:\Users\YAN_SHU_YU\Desktop\Generative-CD\Q_GNCDM\results\weak_q_lambda_sweep\lq_0p8_ls_0p9_lb_0p2\seed_2026\noise_0.20\weak-q_lq_0p8_ls_0p9_lb_0p2\metrics.json
0.8,0.9,0.3,0.0,0.6466666666666666,0.6894847447073474,0.4757054851722957,0.6316666666666667,0.6881026785714286,0.4765228298148749,0.7916666666666666,1.0,0.10714285714285714,0.1935483870967742,0.9266304347826086,0.20833333333333334,0.0,1.0,50,0,50,0.7522268512032249,0.5305072651668028,0.1733855130997571,0.07550901005213911,0.050176878600861084,0.40416160361333325,success,C:\Users\YAN_SHU_YU\Desktop\Generative-CD\Q_GNCDM\results\weak_q_lambda_sweep\lq_0p8_ls_0p9_lb_0p3,C:\Users\YAN_SHU_YU\Desktop\Generative-CD\Q_GNCDM\results\weak_q_lambda_sweep\lq_0p8_ls_0p9_lb_0p3\seed_2026\noise_0.20\weak-q_lq_0p8_ls_0p9_lb_0p3\metrics.json
0.8,0.9,0.4,0.0,0.6425,0.6895597980786337,0.4769497639791598,0.6383333333333333,0.6841741071428572,0.4854547059077126,0.7875,1.0,0.08928571428571429,0.16393442622950818,0.9001358695652174,0.2125,0.0,1.0,51,0,51,0.7430769593426676,0.5216923496036818,0.1813678057356314,0.06603446331891147,0.042148377407680855,0.47700973983966943,success,C:\Users\YAN_SHU_YU\Desktop\Generative-CD\Q_GNCDM\results\weak_q_lambda_sweep\lq_0p8_ls_0p9_lb_0p4,C:\Users\YAN_SHU_YU\Desktop\Generative-CD\Q_GNCDM\results\weak_q_lambda_sweep\lq_0p8_ls_0p9_lb_0p4\seed_2026\noise_0.20\weak-q_lq_0p8_ls_0p9_lb_0p4\metrics.json
0.8,0.9,0.5,0.0,0.6458333333333334,0.6871858877423946,0.4748983000332411,0.6433333333333333,0.6911049107142857,0.47449116384854195,0.775,1.0,0.03571428571428571,0.06896551724137931,0.8911102484472049,0.225,0.0,1.0,52,0,52,0.7768480037197922,0.5557763012069644,0.1844870321678393,0.059402155323010505,0.04004026921183774,0.5319921284010916,success,C:\Users\YAN_SHU_YU\Desktop\Generative-CD\Q_GNCDM\results\weak_q_lambda_sweep\lq_0p8_ls_0p9_lb_0p5,C:\Users\YAN_SHU_YU\Desktop\Generative-CD\Q_GNCDM\results\weak_q_lambda_sweep\lq_0p8_ls_0p9_lb_0p5\seed_2026\noise_0.20\weak-q_lq_0p8_ls_0p9_lb_0p5\metrics.json
0.8,0.9,0.6,0.0,0.6475,0.6876362079701122,0.47472982134500097,0.64,0.6867410714285713,0.4767550265111221,0.775,1.0,0.03571428571428571,0.06896551724137931,0.8647127329192547,0.225,0.0,1.0,52,0,52,0.7862309461290186,0.5669944995280468,0.19009744940382062,0.05149647791051504,0.034686086868697945,0.5923343183416309,success,C:\Users\YAN_SHU_YU\Desktop\Generative-CD\Q_GNCDM\results\weak_q_lambda_sweep\lq_0p8_ls_0p9_lb_0p6,C:\Users\YAN_SHU_YU\Desktop\Generative-CD\Q_GNCDM\results\weak_q_lambda_sweep\lq_0p8_ls_0p9_lb_0p6\seed_2026\noise_0.20\weak-q_lq_0p8_ls_0p9_lb_0p6\metrics.json
0.8,0.9,0.7,0.0,0.645,0.6850732743284114,0.47546393149564403,0.6383333333333333,0.6871875,0.4822213433593321,0.7791666666666667,1.0,0.05357142857142857,0.1016949152542373,0.828125,0.22083333333333333,0.0,1.0,54,0,54,0.7943564310218348,0.5791650888594714,0.19546319092765,0.042178164716019775,0.02980062986413638,0.6659301853541172,success,C:\Users\YAN_SHU_YU\Desktop\Generative-CD\Q_GNCDM\results\weak_q_lambda_sweep\lq_0p8_ls_0p9_lb_0p7,C:\Users\YAN_SHU_YU\Desktop\Generative-CD\Q_GNCDM\results\weak_q_lambda_sweep\lq_0p8_ls_0p9_lb_0p7\seed_2026\noise_0.20\weak-q_lq_0p8_ls_0p9_lb_0p7\metrics.json
0.8,0.9,0.8,0.0,0.6341666666666667,0.6849148283223626,0.4815428472505546,0.6433333333333333,0.6852008928571429,0.4830935152950283,0.7791666666666667,1.0,0.05357142857142857,0.1016949152542373,0.7857142857142857,0.22083333333333333,0.0,1.0,54,0,54,0.7858088964765723,0.5731739740480076,0.20100419900634073,0.03591920604759997,0.02438033668493683,0.714618391159809,success,C:\Users\YAN_SHU_YU\Desktop\Generative-CD\Q_GNCDM\results\weak_q_lambda_sweep\lq_0p8_ls_0p9_lb_0p8,C:\Users\YAN_SHU_YU\Desktop\Generative-CD\Q_GNCDM\results\weak_q_lambda_sweep\lq_0p8_ls_0p9_lb_0p8\seed_2026\noise_0.20\weak-q_lq_0p8_ls_0p9_lb_0p8\metrics.json
0.8,0.9,0.9,0.0,0.6291666666666667,0.6830134762497775,0.4806313787550037,0.65,0.6903571428571429,0.47984369805667615,0.7791666666666667,1.0,0.05357142857142857,0.1016949152542373,0.7565993788819876,0.22083333333333333,0.0,1.0,54,0,54,0.7944072530125127,0.584009249553536,0.20493878807985422,0.030878800644793293,0.020728935826231133,0.7539539319096189,success,C:\Users\YAN_SHU_YU\Desktop\Generative-CD\Q_GNCDM\results\weak_q_lambda_sweep\lq_0p8_ls_0p9_lb_0p9,C:\Users\YAN_SHU_YU\Desktop\Generative-CD\Q_GNCDM\results\weak_q_lambda_sweep\lq_0p8_ls_0p9_lb_0p9\seed_2026\noise_0.20\weak-q_lq_0p8_ls_0p9_lb_0p9\metrics.json
0.9,0.05,0.05,0.0,0.6358333333333334,0.6832358566091443,0.4764395561283779,0.62,0.6694196428571428,0.47957639280341163,0.9375,0.8867924528301887,0.8392857142857143,0.8623853211009175,0.9530279503105591,0.0625,0.0,0.5,10,2,8,0.643523352615761,0.6057132974718556,0.004572433828743118,0.4352440165750908,0.23865335366942667,0.0,success,C:\Users\YAN_SHU_YU\Desktop\Generative-CD\Q_GNCDM\results\weak_q_lambda_sweep\lq_0p9_ls_0p05_lb_0p05,C:\Users\YAN_SHU_YU\Desktop\Generative-CD\Q_GNCDM\results\weak_q_lambda_sweep\lq_0p9_ls_0p05_lb_0p05\seed_2026\noise_0.20\weak-q_lq_0p9_ls_0p05_lb_0p05\metrics.json
0.9,0.05,0.1,0.0,0.6358333333333334,0.6832219578366839,0.4764287869599427,0.6183333333333333,0.6695982142857143,0.4795491560079271,0.9375,0.8867924528301887,0.8392857142857143,0.8623853211009175,0.954483695652174,0.0625,0.0,0.5,9,2,7,0.6552914191376079,0.6048500072775465,0.0058989597724355535,0.42990723884466925,0.23636987466703763,0.0,success,C:\Users\YAN_SHU_YU\Desktop\Generative-CD\Q_GNCDM\results\weak_q_lambda_sweep\lq_0p9_ls_0p05_lb_0p1,C:\Users\YAN_SHU_YU\Desktop\Generative-CD\Q_GNCDM\results\weak_q_lambda_sweep\lq_0p9_ls_0p05_lb_0p1\seed_2026\noise_0.20\weak-q_lq_0p9_ls_0p05_lb_0p1\metrics.json
0.9,0.05,0.2,0.0,0.6383333333333333,0.6836555995374488,0.4764211401169788,0.6233333333333333,0.6708482142857143,0.4793897659503715,0.9416666666666667,0.8888888888888888,0.8571428571428571,0.8727272727272727,0.9569099378881988,0.058333333333333334,0.0,0.5,7,2,5,0.6778058897365223,0.6011891590826439,0.011497078138883367,0.4140791247288386,0.2278269879294164,0.0,success,C:\Users\YAN_SHU_YU\Desktop\Generative-CD\Q_GNCDM\results\weak_q_lambda_sweep\lq_0p9_ls_0p05_lb_0p2,C:\Users\YAN_SHU_YU\Desktop\Generative-CD\Q_GNCDM\results\weak_q_lambda_sweep\lq_0p9_ls_0p05_lb_0p2\seed_2026\noise_0.20\weak-q_lq_0p9_ls_0p05_lb_0p2\metrics.json
0.9,0.05,0.3,0.0,0.64,0.6844895258850738,0.4764050250068474,0.625,0.6748325892857143,0.4794394111257347,0.9375,0.8867924528301887,0.8392857142857143,0.8623853211009175,0.9604037267080745,0.0625,0.0,0.3333333333333333,8,2,6,0.69470743338267,0.5883409430583318,0.02853510401804339,0.38261255260669824,0.20518087527968668,0.0,success,C:\Users\YAN_SHU_YU\Desktop\Generative-CD\Q_GNCDM\results\weak_q_lambda_sweep\lq_0p9_ls_0p05_lb_0p3,C:\Users\YAN_SHU_YU\Desktop\Generative-CD\Q_GNCDM\results\weak_q_lambda_sweep\lq_0p9_ls_0p05_lb_0p3\seed_2026\noise_0.20\weak-q_lq_0p9_ls_0p05_lb_0p3\metrics.json
0.9,0.05,0.4,0.0,0.625,0.6755248176481053,0.4894794360792966,0.6466666666666666,0.6894196428571429,0.48360635430573656,0.9208333333333333,0.8936170212765957,0.75,0.8155339805825242,0.9636063664596273,0.07916666666666666,0.0,0.5,14,2,12,0.6515271166960398,0.4965091731512185,0.10876171618248477,0.26049051411224133,0.11026968615073146,0.0,success,C:\Users\YAN_SHU_YU\Desktop\Generative-CD\Q_GNCDM\results\weak_q_lambda_sweep\lq_0p9_ls_0p05_lb_0p4,C:\Users\YAN_SHU_YU\Desktop\Generative-CD\Q_GNCDM\results\weak_q_lambda_sweep\lq_0p9_ls_0p05_lb_0p4\seed_2026\noise_0.20\weak-q_lq_0p9_ls_0p05_lb_0p4\metrics.json
0.9,0.05,0.5,0.0,0.6333333333333333,0.6830023572318092,0.4894712212496528,0.64,0.6966964285714285,0.4868133219482403,0.9291666666666667,0.9333333333333333,0.75,0.8316831683168316,0.9647709627329193,0.07083333333333333,0.0,0.6666666666666666,15,1,14,0.624721783580202,0.4503344866362485,0.1383342347813375,0.2205121171745387,0.07772177886782271,0.0,success,C:\Users\YAN_SHU_YU\Desktop\Generative-CD\Q_GNCDM\results\weak_q_lambda_sweep\lq_0p9_ls_0p05_lb_0p5,C:\Users\YAN_SHU_YU\Desktop\Generative-CD\Q_GNCDM\results\weak_q_lambda_sweep\lq_0p9_ls_0p05_lb_0p5\seed_2026\noise_0.20\weak-q_lq_0p9_ls_0p05_lb_0p5\metrics.json
0.9,0.05,0.6,0.0,0.64,0.6848814712684576,0.4925438109140546,0.6416666666666667,0.6980022321428572,0.4878728178686165,0.9291666666666667,0.9534883720930233,0.7321428571428571,0.8282828282828283,0.9691381987577639,0.07083333333333333,0.0,0.6666666666666666,14,0,14,0.619546955282038,0.4348388169751023,0.15383861710627875,0.20182552414410043,0.06027017906308174,0.0,success,C:\Users\YAN_SHU_YU\Desktop\Generative-CD\Q_GNCDM\results\weak_q_lambda_sweep\lq_0p9_ls_0p05_lb_0p6,C:\Users\YAN_SHU_YU\Desktop\Generative-CD\Q_GNCDM\results\weak_q_lambda_sweep\lq_0p9_ls_0p05_lb_0p6\seed_2026\noise_0.20\weak-q_lq_0p9_ls_0p05_lb_0p6\metrics.json
0.9,0.05,0.7,0.0,0.6425,0.6865604429816758,0.4930384146615227,0.64,0.6977232142857144,0.4896765497728218,0.9291666666666667,0.9534883720930233,0.7321428571428571,0.8282828282828283,0.9726319875776398,0.07083333333333333,0.0,0.6666666666666666,15,0,15,0.6123643978075548,0.42095719277858734,0.16400462885697684,0.19103431882280292,0.04893047187590238,0.0,success,C:\Users\YAN_SHU_YU\Desktop\Generative-CD\Q_GNCDM\results\weak_q_lambda_sweep\lq_0p9_ls_0p05_lb_0p7,C:\Users\YAN_SHU_YU\Desktop\Generative-CD\Q_GNCDM\results\weak_q_lambda_sweep\lq_0p9_ls_0p05_lb_0p7\seed_2026\noise_0.20\weak-q_lq_0p9_ls_0p05_lb_0p7\metrics.json
0.9,0.05,0.8,0.0,0.6425,0.6884756938267212,0.49316136726430576,0.6483333333333333,0.6961830357142857,0.4920213299251159,0.9333333333333333,0.9761904761904762,0.7321428571428571,0.8367346938775511,0.9737965838509317,0.06666666666666667,0.0,0.8333333333333334,15,0,15,0.6078980005148685,0.41177778668475873,0.17034421974059308,0.1863974958206668,0.041863185381799034,0.0,success,C:\Users\YAN_SHU_YU\Desktop\Generative-CD\Q_GNCDM\results\weak_q_lambda_sweep\lq_0p9_ls_0p05_lb_0p8,C:\Users\YAN_SHU_YU\Desktop\Generative-CD\Q_GNCDM\results\weak_q_lambda_sweep\lq_0p9_ls_0p05_lb_0p8\seed_2026\noise_0.20\weak-q_lq_0p9_ls_0p05_lb_0p8\metrics.json
0.9,0.05,0.9,0.0,0.6358333333333334,0.6882950097847358,0.49386421205184666,0.6516666666666666,0.6947767857142857,0.4936693025710189,0.9416666666666667,0.9772727272727273,0.7678571428571429,0.86,0.9750582298136646,0.058333333333333334,0.0,0.8333333333333334,15,0,15,0.6080338440158151,0.408451008977312,0.1753015292413307,0.18766800472230621,0.03603118358913696,0.0,success,C:\Users\YAN_SHU_YU\Desktop\Generative-CD\Q_GNCDM\results\weak_q_lambda_sweep\lq_0p9_ls_0p05_lb_0p9,C:\Users\YAN_SHU_YU\Desktop\Generative-CD\Q_GNCDM\results\weak_q_lambda_sweep\lq_0p9_ls_0p05_lb_0p9\seed_2026\noise_0.20\weak-q_lq_0p9_ls_0p05_lb_0p9\metrics.json
0.9,0.1,0.05,0.0,0.6366666666666667,0.6834221001601138,0.4763213444495332,0.62,0.6701004464285714,0.4795138373921955,0.925,0.9318181818181818,0.7321428571428571,0.82,0.953998447204969,0.075,0.0,0.8333333333333334,16,2,14,0.6642922740994077,0.604521429899967,0.008581787319571682,0.40420850930791913,0.23252775723283942,0.0,success,C:\Users\YAN_SHU_YU\Desktop\Generative-CD\Q_GNCDM\results\weak_q_lambda_sweep\lq_0p9_ls_0p1_lb_0p05,C:\Users\YAN_SHU_YU\Desktop\Generative-CD\Q_GNCDM\results\weak_q_lambda_sweep\lq_0p9_ls_0p1_lb_0p05\seed_2026\noise_0.20\weak-q_lq_0p9_ls_0p1_lb_0p05\metrics.json
0.9,0.1,0.1,0.0,0.6391666666666667,0.6806006493506493,0.4759039595356839,0.6216666666666667,0.6718526785714285,0.47826909141793983,0.8916666666666667,0.8,0.7142857142857143,0.7547169811320755,0.9140139751552795,0.10833333333333334,0.0,0.6666666666666666,19,2,17,0.6790097644834807,0.6074097897067214,0.00905694787136533,0.4023599872986476,0.23212726098118405,0.0,success,C:\Users\YAN_SHU_YU\Desktop\Generative-CD\Q_GNCDM\results\weak_q_lambda_sweep\lq_0p9_ls_0p1_lb_0p1,C:\Users\YAN_SHU_YU\Desktop\Generative-CD\Q_GNCDM\results\weak_q_lambda_sweep\lq_0p9_ls_0p1_lb_0p1\seed_2026\noise_0.20\weak-q_lq_0p9_ls_0p1_lb_0p1\metrics.json
0.9,0.1,0.2,0.0,0.6391666666666667,0.684358877423946,0.47624719644629193,0.6266666666666667,0.6732142857142857,0.47918055362653317,0.925,0.9130434782608695,0.75,0.8235294117647058,0.9594332298136646,0.075,0.0,0.6666666666666666,14,1,13,0.6953450992251887,0.595200283057762,0.022777230704598354,0.37092081389643927,0.21276614589221549,0.0,success,C:\Users\YAN_SHU_YU\Desktop\Generative-CD\Q_GNCDM\results\weak_q_lambda_sweep\lq_0p9_ls_0p1_lb_0p2,C:\Users\YAN_SHU_YU\Desktop\Generative-CD\Q_GNCDM\results\weak_q_lambda_sweep\lq_0p9_ls_0p1_lb_0p2\seed_2026\noise_0.20\weak-q_lq_0p9_ls_0p1_lb_0p2\metrics.json
0.9,0.1,0.3,0.0,0.63,0.6760251734566802,0.4858442104634825,0.6416666666666667,0.6866071428571427,0.48285807370396255,0.9291666666666667,0.9333333333333333,0.75,0.8316831683168316,0.9627329192546583,0.07083333333333333,0.0,0.5,14,1,13,0.6619755896654996,0.5118631025155386,0.09638339123039534,0.2593637140411319,0.12477022860989426,0.0,success,C:\Users\YAN_SHU_YU\Desktop\Generative-CD\Q_GNCDM\results\weak_q_lambda_sweep\lq_0p9_ls_0p1_lb_0p3,C:\Users\YAN_SHU_YU\Desktop\Generative-CD\Q_GNCDM\results\weak_q_lambda_sweep\lq_0p9_ls_0p1_lb_0p3\seed_2026\noise_0.20\weak-q_lq_0p9_ls_0p1_lb_0p3\metrics.json
0.9,0.1,0.4,0.0,0.6325,0.6841809731364525,0.48999992953878274,0.6366666666666667,0.6964620535714285,0.4859728059644613,0.9208333333333333,0.9302325581395349,0.7142857142857143,0.8080808080808081,0.9576863354037266,0.07916666666666666,0.0,0.6666666666666666,16,1,15,0.6314214332537218,0.4575587696198261,0.13114679943431506,0.21337764190905023,0.08623196929693222,0.0,success,C:\Users\YAN_SHU_YU\Desktop\Generative-CD\Q_GNCDM\results\weak_q_lambda_sweep\lq_0p9_ls_0p1_lb_0p4,C:\Users\YAN_SHU_YU\Desktop\Generative-CD\Q_GNCDM\results\weak_q_lambda_sweep\lq_0p9_ls_0p1_lb_0p4\seed_2026\noise_0.20\weak-q_lq_0p9_ls_0p1_lb_0p4\metrics.json
0.9,0.1,0.5,0.0,0.6341666666666667,0.6832719934175413,0.4893443548244327,0.6333333333333333,0.6964508928571428,0.48681932532501015,0.9208333333333333,0.9302325581395349,0.7142857142857143,0.8080808080808081,0.9662267080745341,0.07916666666666666,0.0,0.6666666666666666,16,1,15,0.6291633090286544,0.44391786374829034,0.14355704414122034,0.19946009372219894,0.07219620771480328,0.0,success,C:\Users\YAN_SHU_YU\Desktop\Generative-CD\Q_GNCDM\results\weak_q_lambda_sweep\lq_0p9_ls_0p1_lb_0p5,C:\Users\YAN_SHU_YU\Desktop\Generative-CD\Q_GNCDM\results\weak_q_lambda_sweep\lq_0p9_ls_0p1_lb_0p5\seed_2026\noise_0.20\weak-q_lq_0p9_ls_0p1_lb_0p5\metrics.json
0.9,0.1,0.6,0.0,0.6366666666666667,0.6842504669987546,0.4905574667990946,0.6416666666666667,0.696640625,0.48793690225349845,0.925,0.9523809523809523,0.7142857142857143,0.8163265306122449,0.9709821428571429,0.075,0.0,0.6666666666666666,17,0,17,0.6235743792671146,0.42972530379439844,0.15549859991579346,0.18597310397661093,0.05883837722693429,0.0,success,C:\Users\YAN_SHU_YU\Desktop\Generative-CD\Q_GNCDM\results\weak_q_lambda_sweep\lq_0p9_ls_0p1_lb_0p6,C:\Users\YAN_SHU_YU\Desktop\Generative-CD\Q_GNCDM\results\weak_q_lambda_sweep\lq_0p9_ls_0p1_lb_0p6\seed_2026\noise_0.20\weak-q_lq_0p9_ls_0p1_lb_0p6\metrics.json
0.9,0.1,0.7,0.0,0.6375,0.6850732743284114,0.48909917880183357,0.6383333333333333,0.6965625000000001,0.490706829414725,0.925,0.9523809523809523,0.7142857142857143,0.8163265306122449,0.9756405279503105,0.075,0.0,0.6666666666666666,17,0,17,0.6361746968645038,0.4361603661920085,0.15830639185327472,0.18907126423084375,0.0551877844740044,0.0,success,C:\Users\YAN_SHU_YU\Desktop\Generative-CD\Q_GNCDM\results\weak_q_lambda_sweep\lq_0p9_ls_0p1_lb_0p7,C:\Users\YAN_SHU_YU\Desktop\Generative-CD\Q_GNCDM\results\weak_q_lambda_sweep\lq_0p9_ls_0p1_lb_0p7\seed_2026\noise_0.20\weak-q_lq_0p9_ls_0p1_lb_0p7\metrics.json
0.9,0.1,0.8,0.0,0.6375,0.6851761252446185,0.4901126522859858,0.6383333333333333,0.6967522321428572,0.49181844714058237,0.925,0.9523809523809523,0.7142857142857143,0.8163265306122449,0.9767080745341614,0.075,0.0,0.6666666666666666,18,0,18,0.632879422921123,0.42780210439002875,0.16464253785935315,0.18375280070485492,0.04815469247599443,0.0,success,C:\Users\YAN_SHU_YU\Desktop\Generative-CD\Q_GNCDM\results\weak_q_lambda_sweep\lq_0p9_ls_0p1_lb_0p8,C:\Users\YAN_SHU_YU\Desktop\Generative-CD\Q_GNCDM\results\weak_q_lambda_sweep\lq_0p9_ls_0p1_lb_0p8\seed_2026\noise_0.20\weak-q_lq_0p9_ls_0p1_lb_0p8\metrics.json
0.9,0.1,0.9,0.0,0.6383333333333333,0.685095512364348,0.4908940022593018,0.6433333333333333,0.6964285714285715,0.49301371191830556,0.9291666666666667,0.9534883720930233,0.7321428571428571,0.8282828282828283,0.9761257763975155,0.07083333333333333,0.0,0.6666666666666666,17,0,17,0.6315862283562169,0.42248697917569766,0.16967443399357074,0.18164075143409497,0.042475765401666817,0.0,success,C:\Users\YAN_SHU_YU\Desktop\Generative-CD\Q_GNCDM\results\weak_q_lambda_sweep\lq_0p9_ls_0p1_lb_0p9,C:\Users\YAN_SHU_YU\Desktop\Generative-CD\Q_GNCDM\results\weak_q_lambda_sweep\lq_0p9_ls_0p1_lb_0p9\seed_2026\noise_0.20\weak-q_lq_0p9_ls_0p1_lb_0p9\metrics.json
0.9,0.2,0.05,0.0,0.64,0.6823352161537094,0.4752463766512466,0.625,0.6731473214285714,0.47791922814315296,0.8291666666666667,0.8260869565217391,0.3392857142857143,0.4810126582278481,0.9111995341614907,0.17083333333333334,0.0,0.8333333333333334,33,1,32,0.7046836415926615,0.6063256588849154,0.0191064112339959,0.3509803003433979,0.21932307946862598,0.0,success,C:\Users\YAN_SHU_YU\Desktop\Generative-CD\Q_GNCDM\results\weak_q_lambda_sweep\lq_0p9_ls_0p2_lb_0p05,C:\Users\YAN_SHU_YU\Desktop\Generative-CD\Q_GNCDM\results\weak_q_lambda_sweep\lq_0p9_ls_0p2_lb_0p05\seed_2026\noise_0.20\weak-q_lq_0p9_ls_0p2_lb_0p05\metrics.json
0.9,0.2,0.1,0.0,0.64,0.682991238213841,0.47509411262392337,0.63,0.6737946428571429,0.4777957415182501,0.8416666666666667,0.8461538461538461,0.39285714285714285,0.5365853658536586,0.9131405279503105,0.15833333333333333,0.0,0.8333333333333334,30,1,29,0.715120430245544,0.6050629091985298,0.022406241856515408,0.34203126349232416,0.21485643675833038,0.0,success,C:\Users\YAN_SHU_YU\Desktop\Generative-CD\Q_GNCDM\results\weak_q_lambda_sweep\lq_0p9_ls_0p2_lb_0p1,C:\Users\YAN_SHU_YU\Desktop\Generative-CD\Q_GNCDM\results\weak_q_lambda_sweep\lq_0p9_ls_0p2_lb_0p1\seed_2026\noise_0.20\weak-q_lq_0p9_ls_0p2_lb_0p1\metrics.json
0.9,0.2,0.2,0.0,0.6408333333333334,0.6839724915495463,0.4747387543712914,0.6333333333333333,0.6754464285714286,0.4774994098155359,0.85,0.8571428571428571,0.42857142857142855,0.5714285714285714,0.9212927018633541,0.15,0.0,0.8333333333333334,27,1,26,0.7342942185474165,0.6008881867835016,0.031872470609166405,0.32113310649539484,0.20247090923966785,0.0,success,C:\Users\YAN_SHU_YU\Desktop\Generative-CD\Q_GNCDM\results\weak_q_lambda_sweep\lq_0p9_ls_0p2_lb_0p2,C:\Users\YAN_SHU_YU\Desktop\Generative-CD\Q_GNCDM\results\weak_q_lambda_sweep\lq_0p9_ls_0p2_lb_0p2\seed_2026\noise_0.20\weak-q_lq_0p9_ls_0p2_lb_0p2\metrics.json
0.9,0.2,0.3,0.0,0.6308333333333334,0.6856014276819071,0.48914426179624376,0.6416666666666667,0.6955357142857144,0.4874023228882379,0.8958333333333334,0.918918918918919,0.6071428571428571,0.7311827956989247,0.9579774844720497,0.10416666666666667,0.0,0.6666666666666666,23,1,22,0.6349594006032655,0.4519231152353865,0.13409957131653122,0.18576069424549738,0.08398177237673239,0.0,success,C:\Users\YAN_SHU_YU\Desktop\Generative-CD\Q_GNCDM\results\weak_q_lambda_sweep\lq_0p9_ls_0p2_lb_0p3,C:\Users\YAN_SHU_YU\Desktop\Generative-CD\Q_GNCDM\results\weak_q_lambda_sweep\lq_0p9_ls_0p2_lb_0p3\seed_2026\noise_0.20\weak-q_lq_0p9_ls_0p2_lb_0p3\metrics.json
0.9,0.2,0.4,0.0,0.63,0.6860878847180216,0.4902996439357429,0.6383333333333333,0.6938392857142857,0.49001710155611855,0.9,0.9210526315789473,0.625,0.7446808510638298,0.9605978260869565,0.1,0.0,0.6666666666666666,25,1,24,0.6297285990281538,0.43572939842036273,0.14647178193836502,0.17011855632969827,0.07037721472707661,0.0,success,C:\Users\YAN_SHU_YU\Desktop\Generative-CD\Q_GNCDM\results\weak_q_lambda_sweep\lq_0p9_ls_0p2_lb_0p4,C:\Users\YAN_SHU_YU\Desktop\Generative-CD\Q_GNCDM\results\weak_q_lambda_sweep\lq_0p9_ls_0p2_lb_0p4\seed_2026\noise_0.20\weak-q_lq_0p9_ls_0p2_lb_0p4\metrics.json
0.9,0.2,0.5,0.0,0.635,0.6844283712862479,0.48996878781269465,0.6316666666666667,0.6937723214285715,0.48873136501887315,0.9041666666666667,0.9459459459459459,0.625,0.7526881720430108,0.96680900621118,0.09583333333333334,0.0,0.6666666666666666,22,0,22,0.6321652030402963,0.4300979899637627,0.15255735566218695,0.16547262036439145,0.06334214567235022,0.0,success,C:\Users\YAN_SHU_YU\Desktop\Generative-CD\Q_GNCDM\results\weak_q_lambda_sweep\lq_0p9_ls_0p2_lb_0p5,C:\Users\YAN_SHU_YU\Desktop\Generative-CD\Q_GNCDM\results\weak_q_lambda_sweep\lq_0p9_ls_0p2_lb_0p5\seed_2026\noise_0.20\weak-q_lq_0p9_ls_0p2_lb_0p5\metrics.json
0.9,0.2,0.6,0.0,0.6416666666666667,0.6847869596157268,0.48829048721828,0.6383333333333333,0.6942410714285715,0.49180901656286946,0.9041666666666667,0.9459459459459459,0.625,0.7526881720430108,0.9715644409937888,0.09583333333333334,0.0,0.6666666666666666,22,0,22,0.647129187078187,0.43830700534762757,0.15367971767078747,0.16762296291011752,0.06164306469938972,0.0,success,C:\Users\YAN_SHU_YU\Desktop\Generative-CD\Q_GNCDM\results\weak_q_lambda_sweep\lq_0p9_ls_0p2_lb_0p6,C:\Users\YAN_SHU_YU\Desktop\Generative-CD\Q_GNCDM\results\weak_q_lambda_sweep\lq_0p9_ls_0p2_lb_0p6\seed_2026\noise_0.20\weak-q_lq_0p9_ls_0p2_lb_0p6\metrics.json
0.9,0.2,0.7,0.0,0.64,0.6846896682085037,0.4892866249377594,0.6366666666666667,0.6922991071428571,0.4931781818082176,0.9041666666666667,0.9459459459459459,0.625,0.7526881720430108,0.9746700310559007,0.09583333333333334,0.0,0.6666666666666666,25,0,25,0.6442573734305121,0.42985533651980484,0.1596794521266764,0.16044003832520862,0.05514646530377142,0.0,success,C:\Users\YAN_SHU_YU\Desktop\Generative-CD\Q_GNCDM\results\weak_q_lambda_sweep\lq_0p9_ls_0p2_lb_0p7,C:\Users\YAN_SHU_YU\Desktop\Generative-CD\Q_GNCDM\results\weak_q_lambda_sweep\lq_0p9_ls_0p2_lb_0p7\seed_2026\noise_0.20\weak-q_lq_0p9_ls_0p2_lb_0p7\metrics.json
0.9,0.2,0.8,0.0,0.6416666666666667,0.6891539539227894,0.48499269371126047,0.6266666666666667,0.701015625,0.4826744659179712,0.9083333333333333,0.9473684210526315,0.6428571428571429,0.7659574468085106,0.9715644409937889,0.09166666666666666,0.0,0.6666666666666666,21,0,21,0.6647778221152045,0.44413795931772754,0.1554613443035068,0.16642900262818192,0.059298575884013466,0.0,success,C:\Users\YAN_SHU_YU\Desktop\Generative-CD\Q_GNCDM\results\weak_q_lambda_sweep\lq_0p9_ls_0p2_lb_0p8,C:\Users\YAN_SHU_YU\Desktop\Generative-CD\Q_GNCDM\results\weak_q_lambda_sweep\lq_0p9_ls_0p2_lb_0p8\seed_2026\noise_0.20\weak-q_lq_0p9_ls_0p2_lb_0p8\metrics.json
0.9,0.2,0.9,0.0,0.6441666666666667,0.6897543808930795,0.4854382044301291,0.625,0.7002008928571429,0.48373578342269385,0.9,0.9444444444444444,0.6071428571428571,0.7391304347826086,0.9708850931677018,0.1,0.0,0.6666666666666666,23,0,23,0.6632943410765041,0.43844820242939575,0.1598823316621058,0.15763049098578366,0.054917720344030495,0.0,success,C:\Users\YAN_SHU_YU\Desktop\Generative-CD\Q_GNCDM\results\weak_q_lambda_sweep\lq_0p9_ls_0p2_lb_0p9,C:\Users\YAN_SHU_YU\Desktop\Generative-CD\Q_GNCDM\results\weak_q_lambda_sweep\lq_0p9_ls_0p2_lb_0p9\seed_2026\noise_0.20\weak-q_lq_0p9_ls_0p2_lb_0p9\metrics.json
0.9,0.3,0.05,0.0,0.6383333333333333,0.6849898816936488,0.4742947287061701,0.6366666666666667,0.6753571428571429,0.4774781751842044,0.7875,0.8571428571428571,0.10714285714285714,0.19047619047619047,0.9121700310559007,0.2125,0.0,1.0,43,1,42,0.7348270596879901,0.6030625095873168,0.03625370991049391,0.29735200332872797,0.1986120878295465,0.0,success,C:\Users\YAN_SHU_YU\Desktop\Generative-CD\Q_GNCDM\results\weak_q_lambda_sweep\lq_0p9_ls_0p3_lb_0p05,C:\Users\YAN_SHU_YU\Desktop\Generative-CD\Q_GNCDM\results\weak_q_lambda_sweep\lq_0p9_ls_0p3_lb_0p05\seed_2026\noise_0.20\weak-q_lq_0p9_ls_0p3_lb_0p05\metrics.json
0.9,0.3,0.1,0.0,0.6391666666666667,0.6856014276819071,0.47408065680444833,0.6366666666666667,0.6762611607142857,0.4772868173507091,0.7875,0.8571428571428571,0.10714285714285714,0.19047619047619047,0.9149844720496895,0.2125,0.0,1.0,41,1,40,0.7434118209463177,0.6007778644561768,0.04158387818571293,0.2867256285566272,0.19190776551311667,0.0,success,C:\Users\YAN_SHU_YU\Desktop\Generative-CD\Q_GNCDM\results\weak_q_lambda_sweep\lq_0p9_ls_0p3_lb_0p1,C:\Users\YAN_SHU_YU\Desktop\Generative-CD\Q_GNCDM\results\weak_q_lambda_sweep\lq_0p9_ls_0p3_lb_0p1\seed_2026\noise_0.20\weak-q_lq_0p9_ls_0p3_lb_0p1\metrics.json
0.9,0.3,0.2,0.0,0.6366666666666667,0.6868773349937733,0.4736010609282968,0.6433333333333333,0.6794196428571428,0.4766926382790189,0.7916666666666666,0.875,0.125,0.21875,0.9208074534161491,0.20833333333333334,0.0,1.0,36,1,35,0.7570788607452855,0.5931008900656844,0.05541440122055285,0.2637627793080879,0.17488088729706677,0.0,success,C:\Users\YAN_SHU_YU\Desktop\Generative-CD\Q_GNCDM\results\weak_q_lambda_sweep\lq_0p9_ls_0p3_lb_0p2,C:\Users\YAN_SHU_YU\Desktop\Generative-CD\Q_GNCDM\results\weak_q_lambda_sweep\lq_0p9_ls_0p3_lb_0p2\seed_2026\noise_0.20\weak-q_lq_0p9_ls_0p3_lb_0p2\metrics.json
0.9,0.3,0.3,0.0,0.635,0.6852483988614126,0.48754069625674035,0.6316666666666667,0.6948660714285715,0.48697856144915874,0.8916666666666667,0.9411764705882353,0.5714285714285714,0.7111111111111111,0.9592391304347827,0.10833333333333334,0.0,0.6666666666666666,26,0,26,0.6434690699432836,0.4442634532848994,0.14263708573399167,0.16086897570075412,0.07523849561358943,0.0,success,C:\Users\YAN_SHU_YU\Desktop\Generative-CD\Q_GNCDM\results\weak_q_lambda_sweep\lq_0p9_ls_0p3_lb_0p3,C:\Users\YAN_SHU_YU\Desktop\Generative-CD\Q_GNCDM\results\weak_q_lambda_sweep\lq_0p9_ls_0p3_lb_0p3\seed_2026\noise_0.20\weak-q_lq_0p9_ls_0p3_lb_0p3\metrics.json
0.9,0.3,0.4,0.0,0.635,0.6850482565379825,0.48925116143545266,0.63,0.6934598214285713,0.48838045664349944,0.8875,0.9393939393939394,0.5535714285714286,0.6966292134831461,0.9643827639751553,0.1125,0.0,0.6666666666666666,26,0,26,0.6411917647629073,0.4336190467531031,0.1504129647757068,0.15174762859488977,0.06669191101735289,0.0008828262780849454,success,C:\Users\YAN_SHU_YU\Desktop\Generative-CD\Q_GNCDM\results\weak_q_lambda_sweep\lq_0p9_ls_0p3_lb_0p4,C:\Users\YAN_SHU_YU\Desktop\Generative-CD\Q_GNCDM\results\weak_q_lambda_sweep\lq_0p9_ls_0p3_lb_0p4\seed_2026\noise_0.20\weak-q_lq_0p9_ls_0p3_lb_0p4\metrics.json
0.9,0.3,0.5,0.0,0.635,0.6852595178793808,0.4867860421257743,0.6366666666666667,0.6932924107142856,0.4914434834655951,0.8916666666666667,0.9411764705882353,0.5714285714285714,0.7111111111111111,0.9681677018633541,0.10833333333333334,0.0,0.6666666666666666,25,0,25,0.6589077665950313,0.44434277261748456,0.15025384204857278,0.1536817385843306,0.06646403704177249,0.0,success,C:\Users\YAN_SHU_YU\Desktop\Generative-CD\Q_GNCDM\results\weak_q_lambda_sweep\lq_0p9_ls_0p3_lb_0p5,C:\Users\YAN_SHU_YU\Desktop\Generative-CD\Q_GNCDM\results\weak_q_lambda_sweep\lq_0p9_ls_0p3_lb_0p5\seed_2026\noise_0.20\weak-q_lq_0p9_ls_0p3_lb_0p5\metrics.json
0.9,0.3,0.6,0.0,0.6383333333333333,0.685301214196762,0.4876677737517203,0.635,0.6927566964285715,0.4926404196500425,0.8875,0.9393939393939394,0.5535714285714286,0.6966292134831461,0.9705939440993789,0.1125,0.0,0.6666666666666666,27,0,27,0.6576310138810765,0.4371523947426767,0.1557146915883729,0.1465603176391486,0.06061218114513339,0.0009363759626549753,success,C:\Users\YAN_SHU_YU\Desktop\Generative-CD\Q_GNCDM\results\weak_q_lambda_sweep\lq_0p9_ls_0p3_lb_0p6,C:\Users\YAN_SHU_YU\Desktop\Generative-CD\Q_GNCDM\results\weak_q_lambda_sweep\lq_0p9_ls_0p3_lb_0p6\seed_2026\noise_0.20\weak-q_lq_0p9_ls_0p3_lb_0p6\metrics.json
0.9,0.3,0.7,0.0,0.6383333333333333,0.6854541006938268,0.48813278006141236,0.625,0.6917857142857143,0.4936588424719408,0.8833333333333333,0.9375,0.5357142857142857,0.6818181818181818,0.9723408385093167,0.11666666666666667,0.0,0.6666666666666666,26,0,26,0.6579720323736017,0.4326455182198322,0.15990086938395645,0.1400614841417833,0.05628184759707162,0.005086942208987294,success,C:\Users\YAN_SHU_YU\Desktop\Generative-CD\Q_GNCDM\results\weak_q_lambda_sweep\lq_0p9_ls_0p3_lb_0p7,C:\Users\YAN_SHU_YU\Desktop\Generative-CD\Q_GNCDM\results\weak_q_lambda_sweep\lq_0p9_ls_0p3_lb_0p7\seed_2026\noise_0.20\weak-q_lq_0p9_ls_0p3_lb_0p7\metrics.json
0.9,0.3,0.8,0.0,0.6375,0.6906522415940225,0.48220821018289717,0.64,0.6981584821428573,0.48336397204536735,0.875,0.9642857142857143,0.48214285714285715,0.6428571428571429,0.968944099378882,0.125,0.0,0.8333333333333334,27,0,27,0.6843678093317783,0.4529711441560225,0.15449081000053522,0.14175327370564142,0.0622861897855094,0.005443243204023351,success,C:\Users\YAN_SHU_YU\Desktop\Generative-CD\Q_GNCDM\results\weak_q_lambda_sweep\lq_0p9_ls_0p3_lb_0p8,C:\Users\YAN_SHU_YU\Desktop\Generative-CD\Q_GNCDM\results\weak_q_lambda_sweep\lq_0p9_ls_0p3_lb_0p8\seed_2026\noise_0.20\weak-q_lq_0p9_ls_0p3_lb_0p8\metrics.json
0.9,0.3,0.9,0.0,0.64,0.6932596513075966,0.48018948680538354,0.6433333333333333,0.6884821428571428,0.4892746083356032,0.8541666666666666,1.0,0.375,0.5454545454545454,0.96972049689441,0.14583333333333334,0.0,1.0,32,0,32,0.6976408651380828,0.46245015299681463,0.15664539418437265,0.13083509694446216,0.061065922914580864,0.030167641259278313,success,C:\Users\YAN_SHU_YU\Desktop\Generative-CD\Q_GNCDM\results\weak_q_lambda_sweep\lq_0p9_ls_0p3_lb_0p9,C:\Users\YAN_SHU_YU\Desktop\Generative-CD\Q_GNCDM\results\weak_q_lambda_sweep\lq_0p9_ls_0p3_lb_0p9\seed_2026\noise_0.20\weak-q_lq_0p9_ls_0p3_lb_0p9\metrics.json
0.9,0.4,0.05,0.0,0.6366666666666667,0.6876751245330013,0.47324752016152466,0.6383333333333333,0.6785602678571429,0.47667652376399394,0.7625,0.0,0.0,0.0,0.9154697204968945,0.2375,0.0,1.0,48,0,48,0.7585979998111725,0.5989738603432974,0.05629513689288587,0.25047160481864755,0.17539744937058652,0.0,success,C:\Users\YAN_SHU_YU\Desktop\Generative-CD\Q_GNCDM\results\weak_q_lambda_sweep\lq_0p9_ls_0p4_lb_0p05,C:\Users\YAN_SHU_YU\Desktop\Generative-CD\Q_GNCDM\results\weak_q_lambda_sweep\lq_0p9_ls_0p4_lb_0p05\seed_2026\noise_0.20\weak-q_lq_0p9_ls_0p4_lb_0p05\metrics.json
0.9,0.4,0.1,0.0,0.6358333333333334,0.6882421944493862,0.4729830048507437,0.64,0.6801562499999999,0.4763531049845782,0.7625,0.0,0.0,0.0,0.9182841614906833,0.2375,0.0,1.0,45,0,45,0.7648021154331438,0.5954716151410883,0.06282940326314984,0.24008495112260184,0.16750058915578958,0.0,success,C:\Users\YAN_SHU_YU\Desktop\Generative-CD\Q_GNCDM\results\weak_q_lambda_sweep\lq_0p9_ls_0p4_lb_0p1,C:\Users\YAN_SHU_YU\Desktop\Generative-CD\Q_GNCDM\results\weak_q_lambda_sweep\lq_0p9_ls_0p4_lb_0p1\seed_2026\noise_0.20\weak-q_lq_0p9_ls_0p4_lb_0p1\metrics.json
0.9,0.4,0.2,0.0,0.6308333333333334,0.6846285136096779,0.48684160310921565,0.6316666666666667,0.6951562499999999,0.4862829713189746,0.8791666666666667,0.9354838709677419,0.5178571428571429,0.6666666666666666,0.9579774844720497,0.12083333333333333,0.0,0.6666666666666666,29,0,29,0.6518311870820594,0.44861662116917694,0.14228181879628787,0.14970288109598737,0.07639892828283888,0.0012966609581119635,success,C:\Users\YAN_SHU_YU\Desktop\Generative-CD\Q_GNCDM\results\weak_q_lambda_sweep\lq_0p9_ls_0p4_lb_0p2,C:\Users\YAN_SHU_YU\Desktop\Generative-CD\Q_GNCDM\results\weak_q_lambda_sweep\lq_0p9_ls_0p4_lb_0p2\seed_2026\noise_0.20\weak-q_lq_0p9_ls_0p4_lb_0p2\metrics.json
0.9,0.4,0.3,0.0,0.6358333333333334,0.6849259473403309,0.48839677293550937,0.6283333333333333,0.6937946428571429,0.48756373353232235,0.875,0.9333333333333333,0.5,0.6511627906976745,0.9601125776397514,0.125,0.0,0.6666666666666666,28,0,28,0.6500116162227861,0.43858512287790125,0.14920175527081345,0.14119083682696024,0.06889526275071231,0.006796110033368071,success,C:\Users\YAN_SHU_YU\Desktop\Generative-CD\Q_GNCDM\results\weak_q_lambda_sweep\lq_0p9_ls_0p4_lb_0p3,C:\Users\YAN_SHU_YU\Desktop\Generative-CD\Q_GNCDM\results\weak_q_lambda_sweep\lq_0p9_ls_0p4_lb_0p3\seed_2026\noise_0.20\weak-q_lq_0p9_ls_0p4_lb_0p3\metrics.json
0.9,0.4,0.4,0.0,0.6333333333333333,0.68516500622665,0.4856263382306984,0.6366666666666667,0.6931919642857143,0.49076780804039033,0.8791666666666667,0.9354838709677419,0.5178571428571429,0.6666666666666666,0.9615683229813665,0.12083333333333333,0.0,0.6666666666666666,27,0,27,0.6709894136045919,0.4525912015727072,0.14805095891157785,0.1430281005573995,0.06985278732397339,0.003990629370408979,success,C:\Users\YAN_SHU_YU\Desktop\Generative-CD\Q_GNCDM\results\weak_q_lambda_sweep\lq_0p9_ls_0p4_lb_0p4,C:\Users\YAN_SHU_YU\Desktop\Generative-CD\Q_GNCDM\results\weak_q_lambda_sweep\lq_0p9_ls_0p4_lb_0p4\seed_2026\noise_0.20\weak-q_lq_0p9_ls_0p4_lb_0p4\metrics.json
0.9,0.4,0.5,0.0,0.635,0.6853568092866039,0.48618780660148153,0.6283333333333333,0.6926004464285714,0.4917621608488066,0.8791666666666667,0.9655172413793104,0.5,0.6588235294117647,0.9645768633540373,0.12083333333333333,0.0,0.8333333333333334,28,0,28,0.6713222111716415,0.4468515691432086,0.15307414012424875,0.13609617496981766,0.06453089619224722,0.01202619257806377,success,C:\Users\YAN_SHU_YU\Desktop\Generative-CD\Q_GNCDM\results\weak_q_lambda_sweep\lq_0p9_ls_0p4_lb_0p5,C:\Users\YAN_SHU_YU\Desktop\Generative-CD\Q_GNCDM\results\weak_q_lambda_sweep\lq_0p9_ls_0p4_lb_0p5\seed_2026\noise_0.20\weak-q_lq_0p9_ls_0p4_lb_0p5\metrics.json
0.9,0.4,0.6,0.0,0.6433333333333333,0.6874277263832058,0.48842139874944196,0.63,0.6925223214285714,0.490665365107391,0.8791666666666667,0.9655172413793104,0.5,0.6588235294117647,0.9684588509316769,0.12083333333333333,0.0,0.8333333333333334,31,0,31,0.6569657127062479,0.4278831540635138,0.15930521375302112,0.12702204061276984,0.05816508857815555,0.03300696351762974,success,C:\Users\YAN_SHU_YU\Desktop\Generative-CD\Q_GNCDM\results\weak_q_lambda_sweep\lq_0p9_ls_0p4_lb_0p6,C:\Users\YAN_SHU_YU\Desktop\Generative-CD\Q_GNCDM\results\weak_q_lambda_sweep\lq_0p9_ls_0p4_lb_0p6\seed_2026\noise_0.20\weak-q_lq_0p9_ls_0p4_lb_0p6\metrics.json
0.9,0.4,0.7,0.0,0.6366666666666667,0.6924173856964954,0.47865774027316765,0.65,0.69609375,0.48181747035926586,0.8458333333333333,0.9523809523809523,0.35714285714285715,0.5194805194805194,0.9641886645962734,0.15416666666666667,0.0,0.8333333333333334,31,0,31,0.7066167412382184,0.47141524201089685,0.1523471607854872,0.12947431116393118,0.06614191649538098,0.03073966373322588,success,C:\Users\YAN_SHU_YU\Desktop\Generative-CD\Q_GNCDM\results\weak_q_lambda_sweep\lq_0p9_ls_0p4_lb_0p7,C:\Users\YAN_SHU_YU\Desktop\Generative-CD\Q_GNCDM\results\weak_q_lambda_sweep\lq_0p9_ls_0p4_lb_0p7\seed_2026\noise_0.20\weak-q_lq_0p9_ls_0p4_lb_0p7\metrics.json
0.9,0.4,0.8,0.0,0.6408333333333334,0.6925396948941469,0.47741841615691366,0.6483333333333333,0.6950669642857144,0.48253679008986505,0.8166666666666667,1.0,0.21428571428571427,0.35294117647058826,0.9648680124223602,0.18333333333333332,0.0,1.0,36,0,36,0.7132703372926423,0.4750553726246863,0.1572893424467607,0.11783729290420358,0.06189955866923838,0.08944713945190112,success,C:\Users\YAN_SHU_YU\Desktop\Generative-CD\Q_GNCDM\results\weak_q_lambda_sweep\lq_0p9_ls_0p4_lb_0p8,C:\Users\YAN_SHU_YU\Desktop\Generative-CD\Q_GNCDM\results\weak_q_lambda_sweep\lq_0p9_ls_0p4_lb_0p8\seed_2026\noise_0.20\weak-q_lq_0p9_ls_0p4_lb_0p8\metrics.json
0.9,0.4,0.9,0.0,0.6466666666666666,0.6910803237858033,0.47575490831357603,0.6433333333333333,0.6872544642857142,0.4854514283201819,0.8125,1.0,0.19642857142857142,0.3283582089552239,0.9593361801242236,0.1875,0.0,1.0,43,0,43,0.725394690578634,0.485676778085304,0.16367279038284765,0.10358352180231702,0.056643335318023506,0.1955941574591579,success,C:\Users\YAN_SHU_YU\Desktop\Generative-CD\Q_GNCDM\results\weak_q_lambda_sweep\lq_0p9_ls_0p4_lb_0p9,C:\Users\YAN_SHU_YU\Desktop\Generative-CD\Q_GNCDM\results\weak_q_lambda_sweep\lq_0p9_ls_0p4_lb_0p9\seed_2026\noise_0.20\weak-q_lq_0p9_ls_0p4_lb_0p9\metrics.json
0.9,0.5,0.05,0.0,0.6408333333333334,0.6904048434442271,0.47219205588556445,0.6433333333333333,0.6815959821428571,0.4758479898154536,0.7666666666666667,0.0,0.0,0.0,0.9169254658385093,0.23333333333333334,0.0,1.0,50,0,50,0.7764654602065231,0.5944331938570196,0.07571835815906525,0.21241352503949945,0.15357967804778705,0.0,success,C:\Users\YAN_SHU_YU\Desktop\Generative-CD\Q_GNCDM\results\weak_q_lambda_sweep\lq_0p9_ls_0p5_lb_0p05,C:\Users\YAN_SHU_YU\Desktop\Generative-CD\Q_GNCDM\results\weak_q_lambda_sweep\lq_0p9_ls_0p5_lb_0p05\seed_2026\noise_0.20\weak-q_lq_0p9_ls_0p5_lb_0p05\metrics.json
0.9,0.5,0.1,0.0,0.6308333333333334,0.684795298879203,0.4860392455667102,0.635,0.6957700892857144,0.4854422287562196,0.8666666666666667,0.9285714285714286,0.4642857142857143,0.6190476190476191,0.9559394409937888,0.13333333333333333,0.0,0.6666666666666666,30,0,30,0.660159681782578,0.45401150665499945,0.14214718341827393,0.14098071148901276,0.07725359149502986,0.006812772664213271,success,C:\Users\YAN_SHU_YU\Desktop\Generative-CD\Q_GNCDM\results\weak_q_lambda_sweep\lq_0p9_ls_0p5_lb_0p1,C:\Users\YAN_SHU_YU\Desktop\Generative-CD\Q_GNCDM\results\weak_q_lambda_sweep\lq_0p9_ls_0p5_lb_0p1\seed_2026\noise_0.20\weak-q_lq_0p9_ls_0p5_lb_0p1\metrics.json
0.9,0.5,0.2,0.0,0.635,0.6848342154420921,0.48364991153036196,0.6466666666666666,0.6929687499999999,0.48876188531093456,0.8666666666666667,0.9615384615384616,0.44642857142857145,0.6097560975609756,0.9543866459627329,0.13333333333333333,0.0,0.8333333333333334,31,0,31,0.6834972988475453,0.4698340901822755,0.14089426533742386,0.14232724995324106,0.07847374180952708,0.00530430607525914,success,C:\Users\YAN_SHU_YU\Desktop\Generative-CD\Q_GNCDM\results\weak_q_lambda_sweep\lq_0p9_ls_0p5_lb_0p2,C:\Users\YAN_SHU_YU\Desktop\Generative-CD\Q_GNCDM\results\weak_q_lambda_sweep\lq_0p9_ls_0p5_lb_0p2\seed_2026\noise_0.20\weak-q_lq_0p9_ls_0p5_lb_0p2\metrics.json
0.9,0.5,0.3,0.0,0.6333333333333333,0.6851149706457925,0.48439449492855025,0.64,0.6927901785714285,0.4898743174791776,0.8666666666666667,0.9615384615384616,0.44642857142857145,0.6097560975609756,0.9561335403726708,0.13333333333333333,0.0,0.8333333333333334,30,0,30,0.682800169243957,0.46183093343720294,0.14684865352782336,0.13435475686282822,0.07209359177134254,0.01542183349021908,success,C:\Users\YAN_SHU_YU\Desktop\Generative-CD\Q_GNCDM\results\weak_q_lambda_sweep\lq_0p9_ls_0p5_lb_0p3,C:\Users\YAN_SHU_YU\Desktop\Generative-CD\Q_GNCDM\results\weak_q_lambda_sweep\lq_0p9_ls_0p5_lb_0p3\seed_2026\noise_0.20\weak-q_lq_0p9_ls_0p5_lb_0p3\metrics.json
0.9,0.5,0.4,0.0,0.6341666666666667,0.6855235945561287,0.48472466026692734,0.635,0.6921540178571428,0.49087523997223403,0.8666666666666667,0.9615384615384616,0.44642857142857145,0.6097560975609756,0.9589479813664596,0.13333333333333333,0.0,0.8333333333333334,32,0,32,0.684432406317104,0.45739995620467444,0.15157334664554306,0.12750578174988428,0.06715889049298836,0.03500905757149061,success,C:\Users\YAN_SHU_YU\Desktop\Generative-CD\Q_GNCDM\results\weak_q_lambda_sweep\lq_0p9_ls_0p5_lb_0p4,C:\Users\YAN_SHU_YU\Desktop\Generative-CD\Q_GNCDM\results\weak_q_lambda_sweep\lq_0p9_ls_0p5_lb_0p4\seed_2026\noise_0.20\weak-q_lq_0p9_ls_0p5_lb_0p4\metrics.json
0.9,0.5,0.5,0.0,0.6391666666666667,0.6860017123287672,0.4846029889874258,0.6366666666666667,0.6902901785714286,0.4920976724381287,0.8458333333333333,0.9523809523809523,0.35714285714285715,0.5194805194805194,0.9608889751552796,0.15416666666666667,0.0,0.8333333333333334,36,0,36,0.6885889524763281,0.456537099498691,0.1554865681312301,0.12093224568348943,0.06329565371076266,0.06101487452785174,success,C:\Users\YAN_SHU_YU\Desktop\Generative-CD\Q_GNCDM\results\weak_q_lambda_sweep\lq_0p9_ls_0p5_lb_0p5,C:\Users\YAN_SHU_YU\Desktop\Generative-CD\Q_GNCDM\results\weak_q_lambda_sweep\lq_0p9_ls_0p5_lb_0p5\seed_2026\noise_0.20\weak-q_lq_0p9_ls_0p5_lb_0p5\metrics.json
0.9,0.5,0.6,0.0,0.6433333333333333,0.6929566580679596,0.4764545552791533,0.6383333333333333,0.6958482142857143,0.479714356811651,0.8,0.9,0.16071428571428573,0.2727272727272727,0.9603066770186335,0.2,0.0,0.8333333333333334,39,0,39,0.7242887372320349,0.4870455486304832,0.15255147918607248,0.11906709601030205,0.06735552948984233,0.08465519299109776,success,C:\Users\YAN_SHU_YU\Desktop\Generative-CD\Q_GNCDM\results\weak_q_lambda_sweep\lq_0p9_ls_0p5_lb_0p6,C:\Users\YAN_SHU_YU\Desktop\Generative-CD\Q_GNCDM\results\weak_q_lambda_sweep\lq_0p9_ls_0p5_lb_0p6\seed_2026\noise_0.20\weak-q_lq_0p9_ls_0p5_lb_0p6\metrics.json
0.9,0.5,0.7,0.0,0.6383333333333333,0.6922450409179861,0.47574662153083247,0.635,0.6949665178571429,0.4794882911788739,0.8041666666666667,1.0,0.16071428571428573,0.27692307692307694,0.9611801242236025,0.19583333333333333,0.0,1.0,44,0,44,0.7319551155422673,0.49197682286753797,0.1585807321649609,0.1077595397152684,0.06196552210233428,0.16640726386597662,success,C:\Users\YAN_SHU_YU\Desktop\Generative-CD\Q_GNCDM\results\weak_q_lambda_sweep\lq_0p9_ls_0p5_lb_0p7,C:\Users\YAN_SHU_YU\Desktop\Generative-CD\Q_GNCDM\results\weak_q_lambda_sweep\lq_0p9_ls_0p5_lb_0p7\seed_2026\noise_0.20\weak-q_lq_0p9_ls_0p5_lb_0p7\metrics.json
0.9,0.5,0.8,0.0,0.6366666666666667,0.687330434975983,0.47985272029267156,0.6433333333333333,0.6858035714285715,0.4858745041036043,0.8,1.0,0.14285714285714285,0.25,0.9497282608695652,0.2,0.0,1.0,47,0,47,0.7270105390837698,0.48663149638609454,0.168181154989835,0.09346898904804027,0.052851893177086655,0.2663422728126699,success,C:\Users\YAN_SHU_YU\Desktop\Generative-CD\Q_GNCDM\results\weak_q_lambda_sweep\lq_0p9_ls_0p5_lb_0p8,C:\Users\YAN_SHU_YU\Desktop\Generative-CD\Q_GNCDM\results\weak_q_lambda_sweep\lq_0p9_ls_0p5_lb_0p8\seed_2026\noise_0.20\weak-q_lq_0p9_ls_0p5_lb_0p8\metrics.json
0.9,0.5,0.9,0.0,0.6325,0.683491594022416,0.48141080488232174,0.6416666666666667,0.6843526785714287,0.492305440062563,0.7958333333333333,1.0,0.125,0.2222222222222222,0.9243982919254659,0.20416666666666666,0.0,1.0,49,0,49,0.7291837406880928,0.48935018118583795,0.17604120707873142,0.08032230445832918,0.04581702664268739,0.3646619252183221,success,C:\Users\YAN_SHU_YU\Desktop\Generative-CD\Q_GNCDM\results\weak_q_lambda_sweep\lq_0p9_ls_0p5_lb_0p9,C:\Users\YAN_SHU_YU\Desktop\Generative-CD\Q_GNCDM\results\weak_q_lambda_sweep\lq_0p9_ls_0p5_lb_0p9\seed_2026\noise_0.20\weak-q_lq_0p9_ls_0p5_lb_0p9\metrics.json
0.9,0.6,0.05,0.0,0.6341666666666667,0.6847814001067426,0.4856604630684262,0.6333333333333333,0.6954464285714286,0.4853799867253179,0.8666666666666667,0.9615384615384616,0.44642857142857145,0.6097560975609756,0.95409549689441,0.13333333333333333,0.0,0.8333333333333334,34,0,34,0.6677282813823584,0.4552300418868209,0.14547848994984772,0.12974903213255334,0.0743636278943582,0.027386860893757053,success,C:\Users\YAN_SHU_YU\Desktop\Generative-CD\Q_GNCDM\results\weak_q_lambda_sweep\lq_0p9_ls_0p6_lb_0p05,C:\Users\YAN_SHU_YU\Desktop\Generative-CD\Q_GNCDM\results\weak_q_lambda_sweep\lq_0p9_ls_0p6_lb_0p05\seed_2026\noise_0.20\weak-q_lq_0p9_ls_0p6_lb_0p05\metrics.json
0.9,0.6,0.1,0.0,0.635,0.6867578055506137,0.4889029699791981,0.64,0.6938392857142858,0.4905835090431696,0.8583333333333333,1.0,0.39285714285714285,0.5641025641025641,0.9523486024844721,0.14166666666666666,0.0,1.0,35,0,35,0.6578024192289873,0.44130860449689807,0.15175631710074164,0.12188768646482265,0.0678052394227548,0.05365446097019947,success,C:\Users\YAN_SHU_YU\Desktop\Generative-CD\Q_GNCDM\results\weak_q_lambda_sweep\lq_0p9_ls_0p6_lb_0p1,C:\Users\YAN_SHU_YU\Desktop\Generative-CD\Q_GNCDM\results\weak_q_lambda_sweep\lq_0p9_ls_0p6_lb_0p1\seed_2026\noise_0.20\weak-q_lq_0p9_ls_0p6_lb_0p1\metrics.json
0.9,0.6,0.2,0.0,0.6333333333333333,0.6852678571428572,0.4914795863441828,0.635,0.6923995535714285,0.49161926735723216,0.8458333333333333,0.9523809523809523,0.35714285714285715,0.5194805194805194,0.9545807453416149,0.15416666666666667,0.0,0.8333333333333334,36,0,36,0.6596388094352953,0.436826997182586,0.15599357449647153,0.11624270034107295,0.06335986732985034,0.08247583156282251,success,C:\Users\YAN_SHU_YU\Desktop\Generative-CD\Q_GNCDM\results\weak_q_lambda_sweep\lq_0p9_ls_0p6_lb_0p2,C:\Users\YAN_SHU_YU\Desktop\Generative-CD\Q_GNCDM\results\weak_q_lambda_sweep\lq_0p9_ls_0p6_lb_0p2\seed_2026\noise_0.20\weak-q_lq_0p9_ls_0p6_lb_0p2\metrics.json
0.9,0.6,0.3,0.0,0.6358333333333334,0.6846535314001068,0.4836788144995194,0.6416666666666667,0.6912611607142858,0.4900176699374831,0.8291666666666667,0.9411764705882353,0.2857142857142857,0.4383561643835616,0.955163043478261,0.17083333333333334,0.0,0.8333333333333334,37,0,37,0.6970085998376211,0.4684644242127736,0.15089603694099368,0.12015799444281694,0.0688097940927202,0.06607595966620879,success,C:\Users\YAN_SHU_YU\Desktop\Generative-CD\Q_GNCDM\results\weak_q_lambda_sweep\lq_0p9_ls_0p6_lb_0p3,C:\Users\YAN_SHU_YU\Desktop\Generative-CD\Q_GNCDM\results\weak_q_lambda_sweep\lq_0p9_ls_0p6_lb_0p3\seed_2026\noise_0.20\weak-q_lq_0p9_ls_0p6_lb_0p3\metrics.json
0.9,0.6,0.4,0.0,0.6391666666666667,0.6847980786336951,0.4834857326834374,0.645,0.6886830357142857,0.4913356566840794,0.825,0.9375,0.26785714285714285,0.4166666666666667,0.9559394409937887,0.175,0.0,0.8333333333333334,37,0,37,0.7023279368877411,0.4688519776770563,0.1552624198974985,0.11318180868119905,0.06457674683946552,0.10705349673375938,success,C:\Users\YAN_SHU_YU\Desktop\Generative-CD\Q_GNCDM\results\weak_q_lambda_sweep\lq_0p9_ls_0p6_lb_0p4,C:\Users\YAN_SHU_YU\Desktop\Generative-CD\Q_GNCDM\results\weak_q_lambda_sweep\lq_0p9_ls_0p6_lb_0p4\seed_2026\noise_0.20\weak-q_lq_0p9_ls_0p6_lb_0p4\metrics.json
0.9,0.6,0.5,0.0,0.6391666666666667,0.6929927948763565,0.4751748818860401,0.64,0.6938950892857143,0.47815633660586854,0.8,1.0,0.14285714285714285,0.25,0.9589479813664596,0.2,0.0,1.0,45,0,45,0.7374033079002843,0.4988962994380431,0.15406360815871845,0.11065203944842021,0.06691706891764294,0.1449400568098733,success,C:\Users\YAN_SHU_YU\Desktop\Generative-CD\Q_GNCDM\results\weak_q_lambda_sweep\lq_0p9_ls_0p6_lb_0p5,C:\Users\YAN_SHU_YU\Desktop\Generative-CD\Q_GNCDM\results\weak_q_lambda_sweep\lq_0p9_ls_0p6_lb_0p5\seed_2026\noise_0.20\weak-q_lq_0p9_ls_0p6_lb_0p5\metrics.json
0.9,0.6,0.6,0.0,0.6441666666666667,0.6917168875644903,0.4749729392137359,0.6466666666666666,0.694140625,0.4778462807203166,0.8,1.0,0.14285714285714285,0.25,0.9575892857142856,0.2,0.0,1.0,48,0,48,0.7457386860341737,0.5045955989396933,0.160659597678618,0.10005247457460924,0.060863268872102104,0.22459008047978082,success,C:\Users\YAN_SHU_YU\Desktop\Generative-CD\Q_GNCDM\results\weak_q_lambda_sweep\lq_0p9_ls_0p6_lb_0p6,C:\Users\YAN_SHU_YU\Desktop\Generative-CD\Q_GNCDM\results\weak_q_lambda_sweep\lq_0p9_ls_0p6_lb_0p6\seed_2026\noise_0.20\weak-q_lq_0p9_ls_0p6_lb_0p6\metrics.json
0.9,0.6,0.7,0.0,0.6491666666666667,0.6915111857320762,0.4745823377416839,0.6433333333333333,0.6892410714285714,0.47870578262980124,0.7916666666666666,1.0,0.10714285714285714,0.1935483870967742,0.9492430124223603,0.20833333333333334,0.0,1.0,50,0,50,0.7592604340928973,0.5171692421038946,0.16787445229111295,0.08819666843522679,0.054408838520898964,0.31378291366678296,success,C:\Users\YAN_SHU_YU\Desktop\Generative-CD\Q_GNCDM\results\weak_q_lambda_sweep\lq_0p9_ls_0p6_lb_0p7,C:\Users\YAN_SHU_YU\Desktop\Generative-CD\Q_GNCDM\results\weak_q_lambda_sweep\lq_0p9_ls_0p6_lb_0p7\seed_2026\noise_0.20\weak-q_lq_0p9_ls_0p6_lb_0p7\metrics.json
0.9,0.6,0.8,0.0,0.6433333333333333,0.6876723447785091,0.47683779741556925,0.6283333333333333,0.690546875,0.4770026938657862,0.7916666666666666,1.0,0.10714285714285714,0.1935483870967742,0.9260481366459627,0.20833333333333334,0.0,1.0,50,0,50,0.7633918514757445,0.5218313526023518,0.1760160568537134,0.0760407332669605,0.04690200835466385,0.4041229486465454,success,C:\Users\YAN_SHU_YU\Desktop\Generative-CD\Q_GNCDM\results\weak_q_lambda_sweep\lq_0p9_ls_0p6_lb_0p8,C:\Users\YAN_SHU_YU\Desktop\Generative-CD\Q_GNCDM\results\weak_q_lambda_sweep\lq_0p9_ls_0p6_lb_0p8\seed_2026\noise_0.20\weak-q_lq_0p9_ls_0p6_lb_0p8\metrics.json
0.9,0.6,0.9,0.0,0.6416666666666667,0.688400640455435,0.4752703939208043,0.6366666666666667,0.6903125,0.4764860872458696,0.7833333333333333,1.0,0.07142857142857142,0.13333333333333333,0.8956715838509317,0.21666666666666667,0.0,1.0,51,0,51,0.7790670720013705,0.539379788167549,0.18367181944124628,0.06396979206439221,0.04000086077686512,0.4988936334848404,success,C:\Users\YAN_SHU_YU\Desktop\Generative-CD\Q_GNCDM\results\weak_q_lambda_sweep\lq_0p9_ls_0p6_lb_0p9,C:\Users\YAN_SHU_YU\Desktop\Generative-CD\Q_GNCDM\results\weak_q_lambda_sweep\lq_0p9_ls_0p6_lb_0p9\seed_2026\noise_0.20\weak-q_lq_0p9_ls_0p6_lb_0p9\metrics.json
0.9,0.7,0.05,0.0,0.6375,0.6860128313467355,0.4889361480309494,0.6333333333333333,0.6923995535714286,0.490650809485108,0.8458333333333333,1.0,0.3392857142857143,0.5066666666666667,0.9505046583850931,0.15416666666666667,0.0,1.0,38,0,38,0.6658063305146766,0.44455877578619757,0.15405995534224945,0.1132747685593186,0.06602529684702556,0.10147182711146095,success,C:\Users\YAN_SHU_YU\Desktop\Generative-CD\Q_GNCDM\results\weak_q_lambda_sweep\lq_0p9_ls_0p7_lb_0p05,C:\Users\YAN_SHU_YU\Desktop\Generative-CD\Q_GNCDM\results\weak_q_lambda_sweep\lq_0p9_ls_0p7_lb_0p05\seed_2026\noise_0.20\weak-q_lq_0p9_ls_0p7_lb_0p05\metrics.json
0.9,0.7,0.1,0.0,0.6325,0.6848981497954101,0.490905971281914,0.635,0.6926116071428572,0.49075413108871313,0.8416666666666667,0.95,0.3392857142857143,0.5,0.952639751552795,0.15833333333333333,0.0,0.8333333333333334,39,0,39,0.6672249002890154,0.4431380828221639,0.15582154578331744,0.11060811466339862,0.06421754046371489,0.12007882265430508,success,C:\Users\YAN_SHU_YU\Desktop\Generative-CD\Q_GNCDM\results\weak_q_lambda_sweep\lq_0p9_ls_0p7_lb_0p1,C:\Users\YAN_SHU_YU\Desktop\Generative-CD\Q_GNCDM\results\weak_q_lambda_sweep\lq_0p9_ls_0p7_lb_0p1\seed_2026\noise_0.20\weak-q_lq_0p9_ls_0p7_lb_0p1\metrics.json
0.9,0.7,0.2,0.0,0.6341666666666667,0.6839613725315778,0.49130810951885007,0.6316666666666667,0.6907477678571429,0.49172141575545086,0.8333333333333334,0.9444444444444444,0.30357142857142855,0.4594594594594595,0.9517663043478259,0.16666666666666666,0.0,0.8333333333333334,38,0,38,0.6708725618593621,0.4415863382093834,0.1590989256898562,0.10557711711435606,0.06096604884122357,0.15614828512524115,success,C:\Users\YAN_SHU_YU\Desktop\Generative-CD\Q_GNCDM\results\weak_q_lambda_sweep\lq_0p9_ls_0p7_lb_0p2,C:\Users\YAN_SHU_YU\Desktop\Generative-CD\Q_GNCDM\results\weak_q_lambda_sweep\lq_0p9_ls_0p7_lb_0p2\seed_2026\noise_0.20\weak-q_lq_0p9_ls_0p7_lb_0p2\metrics.json
0.9,0.7,0.3,0.0,0.6483333333333333,0.6930650684931509,0.4743084797288629,0.64,0.6891629464285715,0.48006406761260045,0.8,1.0,0.14285714285714285,0.25,0.9561335403726708,0.2,0.0,1.0,45,0,45,0.7420387665430704,0.5065658562111132,0.1499212829001022,0.11296938088807193,0.07155063150055481,0.1285384859551083,success,C:\Users\YAN_SHU_YU\Desktop\Generative-CD\Q_GNCDM\results\weak_q_lambda_sweep\lq_0p9_ls_0p7_lb_0p3,C:\Users\YAN_SHU_YU\Desktop\Generative-CD\Q_GNCDM\results\weak_q_lambda_sweep\lq_0p9_ls_0p7_lb_0p3\seed_2026\noise_0.20\weak-q_lq_0p9_ls_0p7_lb_0p3\metrics.json
0.9,0.7,0.4,0.0,0.6416666666666667,0.6923034157623199,0.47455132783943127,0.65,0.6931919642857143,0.47720579933520046,0.8,1.0,0.14285714285714285,0.25,0.9577833850931676,0.2,0.0,1.0,47,0,47,0.7476901050769922,0.5082476581587936,0.15590828995813022,0.1039545786651698,0.06589194308176186,0.19437266795924216,success,C:\Users\YAN_SHU_YU\Desktop\Generative-CD\Q_GNCDM\results\weak_q_lambda_sweep\lq_0p9_ls_0p7_lb_0p4,C:\Users\YAN_SHU_YU\Desktop\Generative-CD\Q_GNCDM\results\weak_q_lambda_sweep\lq_0p9_ls_0p7_lb_0p4\seed_2026\noise_0.20\weak-q_lq_0p9_ls_0p7_lb_0p4\metrics.json
0.9,0.7,0.5,0.0,0.6483333333333333,0.6930178126667853,0.47417191892093913,0.6416666666666667,0.6876227678571427,0.4795604205828973,0.8,1.0,0.14285714285714285,0.25,0.9540954968944099,0.2,0.0,1.0,49,0,49,0.7565247434558291,0.5144995568376599,0.16285434207229904,0.09399598690144943,0.05931818699746421,0.2684152505614541,success,C:\Users\YAN_SHU_YU\Desktop\Generative-CD\Q_GNCDM\results\weak_q_lambda_sweep\lq_0p9_ls_0p7_lb_0p5,C:\Users\YAN_SHU_YU\Desktop\Generative-CD\Q_GNCDM\results\weak_q_lambda_sweep\lq_0p9_ls_0p7_lb_0p5\seed_2026\noise_0.20\weak-q_lq_0p9_ls_0p7_lb_0p5\metrics.json
0.9,0.7,0.6,0.0,0.6483333333333333,0.691608477139299,0.474236987993405,0.635,0.6896875,0.4774990290792879,0.7916666666666666,1.0,0.10714285714285714,0.1935483870967742,0.9459433229813665,0.20833333333333334,0.0,1.0,50,0,50,0.7691064991734244,0.5260363180528987,0.16945525981260068,0.08362681238037167,0.053369476601029885,0.34655252415122406,success,C:\Users\YAN_SHU_YU\Desktop\Generative-CD\Q_GNCDM\results\weak_q_lambda_sweep\lq_0p9_ls_0p7_lb_0p6,C:\Users\YAN_SHU_YU\Desktop\Generative-CD\Q_GNCDM\results\weak_q_lambda_sweep\lq_0p9_ls_0p7_lb_0p6\seed_2026\noise_0.20\weak-q_lq_0p9_ls_0p7_lb_0p6\metrics.json
0.9,0.7,0.7,0.0,0.6425,0.6880364926169722,0.4764116021347002,0.6266666666666667,0.6898660714285715,0.47621603963170717,0.7916666666666666,1.0,0.10714285714285714,0.1935483870967742,0.9243012422360248,0.20833333333333334,0.0,1.0,50,0,50,0.7705177601539728,0.527754498702107,0.17721835907661554,0.0729060826653784,0.04604641291679758,0.4282045549515522,success,C:\Users\YAN_SHU_YU\Desktop\Generative-CD\Q_GNCDM\results\weak_q_lambda_sweep\lq_0p9_ls_0p7_lb_0p7,C:\Users\YAN_SHU_YU\Desktop\Generative-CD\Q_GNCDM\results\weak_q_lambda_sweep\lq_0p9_ls_0p7_lb_0p7\seed_2026\noise_0.20\weak-q_lq_0p9_ls_0p7_lb_0p7\metrics.json
0.9,0.7,0.8,0.0,0.6433333333333333,0.6873276552214909,0.47505206956054813,0.6416666666666667,0.6904352678571429,0.4751564524877108,0.7791666666666667,1.0,0.05357142857142857,0.1016949152542373,0.8975155279503105,0.22083333333333333,0.0,1.0,51,0,51,0.7889575813755845,0.5474622683091597,0.1835399249737913,0.06274270175984412,0.04048686457628554,0.5085365284572948,success,C:\Users\YAN_SHU_YU\Desktop\Generative-CD\Q_GNCDM\results\weak_q_lambda_sweep\lq_0p9_ls_0p7_lb_0p8,C:\Users\YAN_SHU_YU\Desktop\Generative-CD\Q_GNCDM\results\weak_q_lambda_sweep\lq_0p9_ls_0p7_lb_0p8\seed_2026\noise_0.20\weak-q_lq_0p9_ls_0p7_lb_0p8\metrics.json
0.9,0.7,0.9,0.0,0.6458333333333334,0.6865938000355809,0.47586434892898016,0.6433333333333333,0.6804799107142857,0.48648221286320814,0.7791666666666667,1.0,0.05357142857142857,0.1016949152542373,0.8618982919254657,0.22083333333333333,0.0,1.0,52,0,52,0.789552137707219,0.5506244816563346,0.19090520996939053,0.052994238382036034,0.033352225849574264,0.5821626926913406,success,C:\Users\YAN_SHU_YU\Desktop\Generative-CD\Q_GNCDM\results\weak_q_lambda_sweep\lq_0p9_ls_0p7_lb_0p9,C:\Users\YAN_SHU_YU\Desktop\Generative-CD\Q_GNCDM\results\weak_q_lambda_sweep\lq_0p9_ls_0p7_lb_0p9\seed_2026\noise_0.20\weak-q_lq_0p9_ls_0p7_lb_0p9\metrics.json
0.9,0.8,0.05,0.0,0.6283333333333333,0.6847814001067426,0.48151442001313544,0.64,0.6882812500000001,0.48792902865316196,0.8125,0.9230769230769231,0.21428571428571427,0.34782608695652173,0.9501164596273292,0.1875,0.0,0.8333333333333334,45,0,45,0.7164907112266078,0.48929470551736426,0.14960711155876968,0.11120820734085458,0.07166093305656404,0.121086216785691,success,C:\Users\YAN_SHU_YU\Desktop\Generative-CD\Q_GNCDM\results\weak_q_lambda_sweep\lq_0p9_ls_0p8_lb_0p05,C:\Users\YAN_SHU_YU\Desktop\Generative-CD\Q_GNCDM\results\weak_q_lambda_sweep\lq_0p9_ls_0p8_lb_0p05\seed_2026\noise_0.20\weak-q_lq_0p9_ls_0p8_lb_0p05\metrics.json
0.9,0.8,0.1,0.0,0.6275,0.6845228829389788,0.4816284813342748,0.64,0.6877455357142856,0.4883424098881442,0.8083333333333333,0.9166666666666666,0.19642857142857142,0.3235294117647059,0.9492430124223603,0.19166666666666668,0.0,0.8333333333333334,47,0,47,0.7186578620563854,0.48873359913175757,0.15208800272508102,0.10765739270683491,0.06919147333864009,0.1460807980461554,success,C:\Users\YAN_SHU_YU\Desktop\Generative-CD\Q_GNCDM\results\weak_q_lambda_sweep\lq_0p9_ls_0p8_lb_0p1,C:\Users\YAN_SHU_YU\Desktop\Generative-CD\Q_GNCDM\results\weak_q_lambda_sweep\lq_0p9_ls_0p8_lb_0p1\seed_2026\noise_0.20\weak-q_lq_0p9_ls_0p8_lb_0p1\metrics.json
0.9,0.8,0.2,0.0,0.63,0.6839863903220068,0.48164582720850985,0.6433333333333333,0.6863058035714287,0.4891877342873268,0.8,0.9,0.16071428571428573,0.2727272727272727,0.9481754658385093,0.2,0.0,0.8333333333333334,47,0,47,0.724112741874926,0.4893922647743514,0.15727882809711224,0.10042415017431433,0.06415107812393796,0.20116518099199643,success,C:\Users\YAN_SHU_YU\Desktop\Generative-CD\Q_GNCDM\results\weak_q_lambda_sweep\lq_0p9_ls_0p8_lb_0p2,C:\Users\YAN_SHU_YU\Desktop\Generative-CD\Q_GNCDM\results\weak_q_lambda_sweep\lq_0p9_ls_0p8_lb_0p2\seed_2026\noise_0.20\weak-q_lq_0p9_ls_0p8_lb_0p2\metrics.json
0.9,0.8,0.3,0.0,0.6433333333333333,0.6931234433374844,0.47389434567856253,0.6366666666666667,0.6877790178571428,0.4791691495572019,0.8,1.0,0.14285714285714285,0.25,0.9564246894409938,0.2,0.0,1.0,49,0,49,0.7573858165379727,0.5172714920658054,0.1579523772904367,0.09828795345895218,0.06442275902990138,0.23445002847548688,success,C:\Users\YAN_SHU_YU\Desktop\Generative-CD\Q_GNCDM\results\weak_q_lambda_sweep\lq_0p9_ls_0p8_lb_0p3,C:\Users\YAN_SHU_YU\Desktop\Generative-CD\Q_GNCDM\results\weak_q_lambda_sweep\lq_0p9_ls_0p8_lb_0p3\seed_2026\noise_0.20\weak-q_lq_0p9_ls_0p8_lb_0p3\metrics.json
0.9,0.8,0.4,0.0,0.6383333333333333,0.6905354919053549,0.4769284258322296,0.6383333333333333,0.6857589285714286,0.4815329358007442,0.7958333333333333,1.0,0.125,0.2222222222222222,0.9440023291925466,0.20416666666666666,0.0,1.0,49,0,49,0.7484940407854138,0.5064851415879799,0.1670852592497161,0.08693076444394661,0.05521890086432298,0.3130852331717809,success,C:\Users\YAN_SHU_YU\Desktop\Generative-CD\Q_GNCDM\results\weak_q_lambda_sweep\lq_0p9_ls_0p8_lb_0p4,C:\Users\YAN_SHU_YU\Desktop\Generative-CD\Q_GNCDM\results\weak_q_lambda_sweep\lq_0p9_ls_0p8_lb_0p4\seed_2026\noise_0.20\weak-q_lq_0p9_ls_0p8_lb_0p4\metrics.json
0.9,0.8,0.5,0.0,0.6366666666666667,0.6872081257783312,0.47914488805777283,0.6433333333333333,0.6844754464285715,0.48889159840843077,0.7958333333333333,1.0,0.125,0.2222222222222222,0.9281832298136646,0.20416666666666666,0.0,1.0,50,0,50,0.7451999747391903,0.5022139951135173,0.174157732138128,0.07760981380036383,0.04831235048671564,0.3834346054178296,success,C:\Users\YAN_SHU_YU\Desktop\Generative-CD\Q_GNCDM\results\weak_q_lambda_sweep\lq_0p9_ls_0p8_lb_0p5,C:\Users\YAN_SHU_YU\Desktop\Generative-CD\Q_GNCDM\results\weak_q_lambda_sweep\lq_0p9_ls_0p8_lb_0p5\seed_2026\noise_0.20\weak-q_lq_0p9_ls_0p8_lb_0p5\metrics.json
0.9,0.8,0.6,0.0,0.6383333333333333,0.6881865993595446,0.4779786882801582,0.64,0.6845200892857142,0.4867645533472111,0.7958333333333333,1.0,0.125,0.2222222222222222,0.9116847826086957,0.20416666666666666,0.0,1.0,50,0,50,0.7567403289404783,0.5135110716025034,0.179881623748577,0.06929990874998497,0.04315978649890784,0.45153382285074756,success,C:\Users\YAN_SHU_YU\Desktop\Generative-CD\Q_GNCDM\results\weak_q_lambda_sweep\lq_0p9_ls_0p8_lb_0p6,C:\Users\YAN_SHU_YU\Desktop\Generative-CD\Q_GNCDM\results\weak_q_lambda_sweep\lq_0p9_ls_0p8_lb_0p6\seed_2026\noise_0.20\weak-q_lq_0p9_ls_0p8_lb_0p6\metrics.json
0.9,0.8,0.7,0.0,0.6458333333333334,0.687702922077922,0.47505119982110267,0.64,0.6911941964285715,0.47477987723039106,0.775,1.0,0.03571428571428571,0.06896551724137931,0.8999417701863354,0.225,0.0,1.0,51,0,51,0.7920190258459612,0.5492028038610112,0.18405367727532532,0.06135519915683703,0.04011964916505597,0.5186580410509398,success,C:\Users\YAN_SHU_YU\Desktop\Generative-CD\Q_GNCDM\results\weak_q_lambda_sweep\lq_0p9_ls_0p8_lb_0p7,C:\Users\YAN_SHU_YU\Desktop\Generative-CD\Q_GNCDM\results\weak_q_lambda_sweep\lq_0p9_ls_0p8_lb_0p7\seed_2026\noise_0.20\weak-q_lq_0p9_ls_0p8_lb_0p7\metrics.json
0.9,0.8,0.8,0.0,0.6458333333333334,0.6868884540117417,0.47604156320600743,0.64,0.6822098214285713,0.4858342154257286,0.7791666666666667,1.0,0.05357142857142857,0.1016949152542373,0.8659743788819877,0.22083333333333333,0.0,1.0,52,0,52,0.7875637908776602,0.5468998709411332,0.1915306096727198,0.052641317982113724,0.032716647242054794,0.5848300538279794,success,C:\Users\YAN_SHU_YU\Desktop\Generative-CD\Q_GNCDM\results\weak_q_lambda_sweep\lq_0p9_ls_0p8_lb_0p8,C:\Users\YAN_SHU_YU\Desktop\Generative-CD\Q_GNCDM\results\weak_q_lambda_sweep\lq_0p9_ls_0p8_lb_0p8\seed_2026\noise_0.20\weak-q_lq_0p9_ls_0p8_lb_0p8\metrics.json
0.9,0.8,0.9,0.0,0.6416666666666667,0.6858794031311155,0.4775874089845758,0.6433333333333333,0.6834598214285714,0.47985679007623655,0.7791666666666667,1.0,0.05357142857142857,0.1016949152542373,0.8259899068322981,0.22083333333333333,0.0,1.0,53,0,53,0.7941912873224779,0.5564818472573252,0.19640274752270093,0.04429934992257393,0.028341658780294838,0.6493290310556238,success,C:\Users\YAN_SHU_YU\Desktop\Generative-CD\Q_GNCDM\results\weak_q_lambda_sweep\lq_0p9_ls_0p8_lb_0p9,C:\Users\YAN_SHU_YU\Desktop\Generative-CD\Q_GNCDM\results\weak_q_lambda_sweep\lq_0p9_ls_0p8_lb_0p9\seed_2026\noise_0.20\weak-q_lq_0p9_ls_0p8_lb_0p9\metrics.json
0.9,0.9,0.05,0.0,0.6283333333333333,0.6853262319871909,0.48036451648851486,0.6433333333333333,0.6859040178571428,0.48801717309831977,0.7916666666666666,0.875,0.125,0.21875,0.9472049689440993,0.20833333333333334,0.0,0.8333333333333334,49,0,49,0.7292126218477885,0.49634842439131305,0.15605020094098468,0.09902851272261504,0.06586725174477606,0.21149745312604037,success,C:\Users\YAN_SHU_YU\Desktop\Generative-CD\Q_GNCDM\results\weak_q_lambda_sweep\lq_0p9_ls_0p9_lb_0p05,C:\Users\YAN_SHU_YU\Desktop\Generative-CD\Q_GNCDM\results\weak_q_lambda_sweep\lq_0p9_ls_0p9_lb_0p05\seed_2026\noise_0.20\weak-q_lq_0p9_ls_0p9_lb_0p05\metrics.json
0.9,0.9,0.1,0.0,0.6258333333333334,0.6852122620530154,0.4802732459562309,0.6433333333333333,0.68578125,0.48835110713723767,0.7916666666666666,0.875,0.125,0.21875,0.9470108695652174,0.20833333333333334,0.0,0.8333333333333334,49,0,49,0.7317517273353807,0.49661144388444495,0.15874851495027542,0.09549138288606297,0.06324386732144789,0.2388435143864516,success,C:\Users\YAN_SHU_YU\Desktop\Generative-CD\Q_GNCDM\results\weak_q_lambda_sweep\lq_0p9_ls_0p9_lb_0p1,C:\Users\YAN_SHU_YU\Desktop\Generative-CD\Q_GNCDM\results\weak_q_lambda_sweep\lq_0p9_ls_0p9_lb_0p1\seed_2026\noise_0.20\weak-q_lq_0p9_ls_0p9_lb_0p1\metrics.json
0.9,0.9,0.2,0.0,0.645,0.6929649973314358,0.47368140305119183,0.6316666666666667,0.6872544642857142,0.478257485676601,0.7958333333333333,1.0,0.125,0.2222222222222222,0.9554541925465838,0.20416666666666666,0.0,1.0,49,0,49,0.7658784380464843,0.5253137237194813,0.15930673773541595,0.09385667323614612,0.06358825607281743,0.26468532329255884,success,C:\Users\YAN_SHU_YU\Desktop\Generative-CD\Q_GNCDM\results\weak_q_lambda_sweep\lq_0p9_ls_0p9_lb_0p2,C:\Users\YAN_SHU_YU\Desktop\Generative-CD\Q_GNCDM\results\weak_q_lambda_sweep\lq_0p9_ls_0p9_lb_0p2\seed_2026\noise_0.20\weak-q_lq_0p9_ls_0p9_lb_0p2\metrics.json
0.9,0.9,0.3,0.0,0.6391666666666667,0.6899267256715887,0.476036510076177,0.6366666666666667,0.6855245535714286,0.47885664721132165,0.8,1.0,0.14285714285714285,0.25,0.9447787267080745,0.2,0.0,1.0,50,0,50,0.7615729109807448,0.5185401146159028,0.16712812266566537,0.08430683962774999,0.055804448540915146,0.33494772920102783,success,C:\Users\YAN_SHU_YU\Desktop\Generative-CD\Q_GNCDM\results\weak_q_lambda_sweep\lq_0p9_ls_0p9_lb_0p3,C:\Users\YAN_SHU_YU\Desktop\Generative-CD\Q_GNCDM\results\weak_q_lambda_sweep\lq_0p9_ls_0p9_lb_0p3\seed_2026\noise_0.20\weak-q_lq_0p9_ls_0p9_lb_0p3\metrics.json
0.9,0.9,0.4,0.0,0.645,0.6893874533001245,0.47589891772556747,0.6316666666666667,0.6876004464285714,0.47724888831130546,0.7958333333333333,1.0,0.125,0.2222222222222222,0.9337150621118012,0.20416666666666666,0.0,1.0,50,0,50,0.771059201522307,0.5265251967039976,0.1729833266951821,0.07635658979415894,0.0503202270377766,0.3970140756079645,success,C:\Users\YAN_SHU_YU\Desktop\Generative-CD\Q_GNCDM\results\weak_q_lambda_sweep\lq_0p9_ls_0p9_lb_0p4,C:\Users\YAN_SHU_YU\Desktop\Generative-CD\Q_GNCDM\results\weak_q_lambda_sweep\lq_0p9_ls_0p9_lb_0p4\seed_2026\noise_0.20\weak-q_lq_0p9_ls_0p9_lb_0p4\metrics.json
0.9,0.9,0.5,0.0,0.6416666666666667,0.6891984299946629,0.4772569290798068,0.64,0.6845424107142858,0.485995069523845,0.7958333333333333,1.0,0.125,0.2222222222222222,0.9083850931677019,0.20416666666666666,0.0,1.0,51,0,51,0.7625381838191639,0.5183507682699146,0.18085833097046072,0.06687963358832127,0.04244651470446226,0.4697229758356557,success,C:\Users\YAN_SHU_YU\Desktop\Generative-CD\Q_GNCDM\results\weak_q_lambda_sweep\lq_0p9_ls_0p9_lb_0p5,C:\Users\YAN_SHU_YU\Desktop\Generative-CD\Q_GNCDM\results\weak_q_lambda_sweep\lq_0p9_ls_0p9_lb_0p5\seed_2026\noise_0.20\weak-q_lq_0p9_ls_0p9_lb_0p5\metrics.json
0.9,0.9,0.6,0.0,0.6466666666666666,0.6875389165628891,0.47501070158424064,0.6416666666666667,0.6911160714285715,0.4743940936549656,0.775,1.0,0.03571428571428571,0.06896551724137931,0.9004270186335404,0.225,0.0,1.0,52,0,52,0.7957166613954486,0.5517639377803514,0.18436916375702078,0.06005227390789625,0.03995572848979271,0.527473509311676,success,C:\Users\YAN_SHU_YU\Desktop\Generative-CD\Q_GNCDM\results\weak_q_lambda_sweep\lq_0p9_ls_0p9_lb_0p6,C:\Users\YAN_SHU_YU\Desktop\Generative-CD\Q_GNCDM\results\weak_q_lambda_sweep\lq_0p9_ls_0p9_lb_0p6\seed_2026\noise_0.20\weak-q_lq_0p9_ls_0p9_lb_0p6\metrics.json
0.9,0.9,0.7,0.0,0.6483333333333333,0.6878780466109233,0.47477035007829593,0.6416666666666667,0.6871205357142858,0.47688059316230036,0.775,1.0,0.03571428571428571,0.06896551724137931,0.874805900621118,0.225,0.0,1.0,53,0,53,0.8041859052397988,0.5618655297792319,0.19032015606309427,0.05228054681510636,0.03425678616446076,0.5865384511875383,success,C:\Users\YAN_SHU_YU\Desktop\Generative-CD\Q_GNCDM\results\weak_q_lambda_sweep\lq_0p9_ls_0p9_lb_0p7,C:\Users\YAN_SHU_YU\Desktop\Generative-CD\Q_GNCDM\results\weak_q_lambda_sweep\lq_0p9_ls_0p9_lb_0p7\seed_2026\noise_0.20\weak-q_lq_0p9_ls_0p9_lb_0p7\metrics.json
0.9,0.9,0.8,0.0,0.6441666666666667,0.685495797011208,0.4754907784437727,0.6433333333333333,0.6840401785714285,0.4840806411221479,0.7791666666666667,1.0,0.05357142857142857,0.1016949152542373,0.8388975155279502,0.22083333333333333,0.0,1.0,53,0,53,0.8112650667176102,0.5722445010235815,0.19512006279193994,0.04391212750113371,0.02986450716288704,0.651941076372609,success,C:\Users\YAN_SHU_YU\Desktop\Generative-CD\Q_GNCDM\results\weak_q_lambda_sweep\lq_0p9_ls_0p9_lb_0p8,C:\Users\YAN_SHU_YU\Desktop\Generative-CD\Q_GNCDM\results\weak_q_lambda_sweep\lq_0p9_ls_0p9_lb_0p8\seed_2026\noise_0.20\weak-q_lq_0p9_ls_0p9_lb_0p8\metrics.json
0.9,0.9,0.9,0.0,0.6366666666666667,0.6851538872086818,0.4815736453244427,0.64,0.683560267857143,0.4845988386946504,0.7791666666666667,1.0,0.05357142857142857,0.1016949152542373,0.797942546583851,0.22083333333333333,0.0,1.0,53,0,53,0.8027662499384447,0.5664965320717205,0.20068267687703623,0.03735881056072134,0.024480423438503887,0.7030529975891113,success,C:\Users\YAN_SHU_YU\Desktop\Generative-CD\Q_GNCDM\results\weak_q_lambda_sweep\lq_0p9_ls_0p9_lb_0p9,C:\Users\YAN_SHU_YU\Desktop\Generative-CD\Q_GNCDM\results\weak_q_lambda_sweep\lq_0p9_ls_0p9_lb_0p9\seed_2026\noise_0.20\weak-q_lq_0p9_ls_0p9_lb_0p9\metrics.json
